"","cpnd","dates","slope","r2","RT1","RT2","Retention_index","d_alkane_RTI","Func_group_cat"
"1","xanthone",2018-11-27,0.000342809409091513,0.950338538377373,48.24474342,1.37674113,1906,1906.040268,"Ketone"
"2","verbenone (-)",2018-11-27,0.00278200943120546,0.79311069815408,25.09420948,2.065111695,1237,1237.171543,"Ketone"
"3","vanillin",2018-11-27,0.000878816551289353,0.984802334069086,37.54523678,1.33683559,1558,1558.469945,"Aldehyde"
"4","vanillic acid",2018-11-27,0.000235629245027552,0.993801986325028,44.89400825,0.87792188,1789,1789.02439,"Acid"
"5","tridecanal",2018-11-27,0.00614940103140279,0.996147335251314,36.8217826,0.927803805,1537,1537.704918,"Aldehyde"
"6","triacetin",2018-11-27,0.0018989351925801,0.873548694290098,30.386848,2.11499362,1362,1362.952186,"Misc"
"7","threitol",2018-11-27,0.000950360964745216,0.939024216651203,36.25063456,0.528748405,1521,1521.311475,"Alcohol"
"8","syringol",2018-11-27,0.00244732236656919,0.976871989399595,32.67144016,0.81806357,1418,1418.579235,"Alcohol"
"9","syringic acid",2018-11-27,0.000216629168576693,0.987890862562356,48.77781493,0.87792188,1924,1924.832215,"Acid"
"10","syringaldehyde",2018-11-27,0.000266736816330982,0.995509671872871,42.95210491,1.326859205,1726,1726.829268,"Aldehyde"
"11","stigmasterol",2018-11-27,0.000483405357787522,0.976307835852824,78.85827843,0.85796911,3344,3344.827586,"Misc"
"12","squalene",2018-11-27,0.000305848861458664,0.950257747534782,70.44336395,0.5985831,2868,2868.686869,"Misc"
"13","sinapinaldehyde",2018-11-27,0.000359645496833926,0.984490646944068,51.74778474,1.53636329,2032,2032.592593,"Aldehyde"
"14","retene",2018-11-27,0.00016715191218506,0.988288946544334,57.64964783,1.047520425,2267,2267.741935,"PAH"
"15","resorcinol",2018-11-27,0.00141379540307768,0.9459272066216,31.98606251,0.728276105,1399,1399.138423,"Cat"
"16","quinoline",2018-11-27,0.00103908130641156,0.936752291022994,26.73150054,1.09740235,1278,1278.146352,"PAH"
"17","pyrocatechol",2018-11-27,0.00433175331261958,0.976575045689317,29.35878153,0.67839418,1339,1339.689606,"Cat"
"18","pyrene",2018-11-27,0.000178440332739929,0.99200980008869,55.32697913,1.21711897,2171,2171.851852,"PAH"
"19","pinonic acid",2018-11-27,0.00145316747030206,0.975765849023318,37.27870103,1.466528595,1550,1550.819672,"Acid"
"20","pinic acid 2",2018-11-27,0.00120487553587256,0.982361225290731,42.03826804,0.97768573,1697,1697.560976,"Acid"
"21","pinic acid 1",2018-11-27,0.000875040853257815,0.992568769377324,41.8859619,0.967709345,1692,1692.682927,"Acid"
"22","phthalimide",2018-11-27,0.00202375741350544,0.965536512189911,38.76368594,1.13730789,1593,1593.442623,"Amide"
"23","phthalic acid",2018-11-27,0.000882026990224744,0.962145735331179,42.57133954,1.107378735,1714,1714.634146,"Acid"
"24","perylene",2018-11-27,0.00019161115656058,0.970536632322912,72.30911422,1.45655221,2967,2967.676768,"PAH"
"25","pentadecanone",2018-11-27,0.000580785806269071,0.997099334058325,42.95210491,0.947756575,1726,1726.829268,"Ketone"
"26","palmitoleic Acid",2018-11-27,0.00042855084737151,0.98573954561702,52.35700932,0.708323335,2056,2056.296296,"Acid"
"27","p-anisic acid (4-methozybenzoic acid)",2018-11-27,0.00117923786703906,0.985387965487229,37.05024181,0.967709345,1544,1544.262295,"Acid"
"28","oleic Acid, TMS",2018-11-27,0.000238893831029034,0.987453394401407,57.26888247,0.69834695,2251,2251.612903,"Acid"
"29","octadecanone",2018-11-27,0.000291466588489483,0.992685537450399,51.7097082,0.847992725,2031,2031.111111,"Ketone"
"30","octadecanol",2018-11-27,0.000119344660474867,0.997395597719695,55.8219741,0.548701175,2191,2191.111111,"Alcohol"
"31","octadecanal",2018-11-27,0.000821729856073503,0.976733691524722,52.35700932,0.867945495,2056,2056.296296,"Aldehyde"
"32","monostearin TMS",2018-11-27,0.00333181142263078,0.955408085279832,68.92030251,0.708323335,2788,2788.679245,"Alcohol"
"33","monopalmitin",2018-11-27,0.000348027392119407,0.957909417350996,65.68379694,0.748228875,2628,2628.301887,"Alcohol"
"34","mannosan",2018-11-27,0.00206824945284782,0.925246848144402,42.30480379,0.85796911,1706,1706.097561,"Sugar"
"35","maltol",2018-11-27,0.0107826290284223,0.888884724281474,28.33071505,1.09740235,1316,1316.427025,"Alcohol"
"36","lupeol",2018-11-27,0.000261950203320695,0.966179344945914,81.21902366,1.03754404,3483,3483.516484,"Misc"
"37","linoleic Acid, TMS",2018-11-27,0.000453834565263641,0.949364686964411,57.11657633,0.69834695,2245,2245.16129,"Acid"
"38","levoglucosan",2018-11-27,0.00127868255887107,0.987771574225393,42.95210491,0.847992725,1726,1726.829268,"Sugar"
"39","ketopinic acid",2018-11-27,0.000927272926275902,0.887532742032953,36.55524684,1.326859205,1530,1530.054645,"Acid"
"40","isopimaric acid",2018-11-27,0.000258075648850076,0.993201898134644,60.42923497,0.867945495,2385,2385.483871,"Acid"
"41","isoeugenol",2018-11-27,0.00210968169265954,0.881039767954389,38.68753286,0.77815803,1591,1591.256831,"Alcohol"
"42","ionone",2018-11-27,0.00430930635798714,0.843950555754555,33.73758317,1.33683559,1449,1449.180328,"Ketone"
"43","hydroquinone",2018-11-27,0.00114237211120451,0.86480030729544,32.74759324,0.728276105,1420,1420.765027,"Benz"
"44","homosalate, TMS",2018-11-27,0.000328078544091332,0.957555118707335,52.31893278,0.927803805,2054,2054.814815,"Misc"
"45","hexadecanol, TMS",2018-11-27,0.000208662457703134,0.998764734099365,50.60548866,0.528748405,1989,1989.261745,"Alcohol"
"46","hexadecanamide",2018-11-27,0.000655681913304626,0.928611859704988,56.35504561,1.227095355,2212,2212.903226,"Amide"
"47","glyceric acid",2018-11-27,0.00146231398202291,0.789843181109449,29.92992957,0.688370565,1352,1352.613262,"Acid"
"48","gamma dodecalactone",2018-11-27,0.00044544039549451,0.983576708777524,42.4190334,1.89551315,1709,1709.756098,"Sugar"
"49","galactosan",2018-11-27,0.00342411581348522,0.966756720979768,41.61942614,0.83801634,1684,1684.146341,"Sugar"
"50","erythreitol",2018-11-27,0.000778551017522229,0.969287259767672,36.51717031,0.53872479,1528,1528.961749,"Alcohol"
"51","ergosterol",2018-11-27,0.000800646732883113,0.873664973246593,78.05867117,0.83801634,3296,3296.551724,"Alcohol"
"52","eicosanol, TMS",2018-11-27,0.000197518881685245,0.982039272389993,60.54346457,0.548701175,2390,2390.322581,"Alcohol"
"53","dodecyl benzene",2018-11-27,0.000329515419744944,0.996973205086227,48.66358532,0.61853587,1920,1920.805369,"Benz"
"54","dimethyl Glutaric Acid, TMS",2018-11-27,0.00140250156969736,0.911930734787084,34.00411893,0.89787465,1456,1456.830601,"Acid"
"55","dibenz(ah)anthracene",2018-11-27,0.000317537244574616,0.929805712967564,77.79213542,1.51641052,3280,3280.45977,"PAH"
"56","deoxycholic Acid",2018-11-27,0.00130549083046314,0.801745129347421,78.89635496,0.967709345,3347,3347.126437,"Acid"
"57","cycloisolongifolene",2018-11-27,0.0146699500148089,0.996011447905698,30.04415917,0.648465025,1355,1355.197993,"Sesq"
"58","citronellol",2018-11-27,0.00486311455050701,0.964474958634925,29.32070499,0.528748405,1338,1338.828029,"Alcohol"
"59","cis-Vaccenic Acid, TMS",2018-11-27,0.000418878099567235,0.96939570248031,57.45926515,0.688370565,2259,2259.677419,"Acid"
"60","chrysene",2018-11-27,0.000232119259266467,0.96265508245446,63.627664,1.29693005,2531,2531.578947,"PAH"
"61","cholesterol",2018-11-27,0.000239612374283925,0.976457602831227,76.6117628,0.83801634,3209,3209.195402,"Alcohol"
"62","bisabolol",2018-11-27,0.00490621769499841,0.975231018668579,44.3228602,0.55867756,1770,1770.731707,"Alcohol"
"63","beta-sitosterol",2018-11-27,0.00048741669012624,0.968578258932837,79.8863449,0.867945495,3406,3406.593407,"Alcohol"
"64","beta-nocaryophyllonic acid, TMS",2018-11-27,0.000961569603987629,0.985192856038025,50.49125905,1.725914605,1985,1985.234899,"Acid"
"65","beta-nocaryophyllone aldehyde",2018-11-27,0.00324227583382734,0.954261783624734,43.90401831,0.269362395,1757,1757.317073,"Aldehyde"
"66","beta-nocaryophyllinic acid, TMS",2018-11-27,0.000106760343076124,0.587718335922543,54.18468305,1.247048125,2127,2127.407407,"Acid"
"67","beta-caryophyllonic acid, TMS",2018-11-27,0.000227960979660467,0.958476332777248,48.96819761,1.326859205,1931,1931.543624,"Acid"
"68","beta-caryophyllinic acid, TMS",2018-11-27,0.000328074519463442,0.961040407293231,52.47123893,0.927803805,2060,2060.740741,"Acid"
"69","beta-caryophyllene aldehyde",2018-11-27,0.00216922221823804,0.921048689864231,42.60941608,1.965347845,1715,1715.853659,"Aldehyde"
"70","benzophenone",2018-11-27,0.000826958713110747,0.995420534066777,41.01020157,1.17721343,1664,1664.634146,"PAH"
"71","anthraquinone",2018-11-27,0.000314132327827899,0.970882480422176,51.36701938,1.446575825,2017,2017.777778,"PAH"
"72","abietic acid",2018-11-27,0.000253152449748753,0.976307007791124,62.2569087,0.83801634,2468,2468.421053,"Acid"
"73","a-Amyrin",2018-11-27,0.000284690706094125,0.989306223158897,81.14287059,1.05749681,3479,3479.120879,"Sesq"
"74","Humulene",2018-11-27,0.00344547608114301,0.813727922663228,35.2078327,0.677576316,1490,1490,"Sesq"
"75","Longifolene",2018-11-27,0.0178433576178756,0.774506299307041,33.53448492,0.657647601,1442,1442,"Sesq"
"76","a-copaene",2018-11-27,0.0196922841415797,0.766384637432249,32.12735155,0.57793274,1402,1402,"Sesq"
"77","a-farnesene",2018-11-27,0.132577638059495,0.927442031438157,34.78949576,0.53807531,1478,1478,"Sesq"
"78","alloaromadendrene",2018-11-27,0.00932654440059047,0.809555703320038,35.3219246,0.627754528,1493,1493,"Sesq"
"79","aromadendrene",2018-11-27,0.0159277325871017,0.804389279542828,34.52328134,0.627754528,1470,1470,"Sesq"
"80","caryophyllene",2018-11-27,0.0136019531236942,0.803375154274681,33.83872997,0.667611959,1451,1451,"Sesq"
"81","cedrene",2018-11-27,0.0155579232403513,0.766366638562141,33.76266871,0.637718886,1449,1449,"Sesq"
"82","Me-OH-glutatric acid",2018-11-27,0.00270484611934511,0.939548783071687,39.71559934,0.828039955,1623,1623.170732,"Acid"
"83","MBTCA",2018-11-27,0.000377641490578177,0.803119802677465,44.51324288,0.97768573,1776,1776.829268,"Acid"
"84","FAME18 (Methyl Stearate)",2018-11-27,0.000255196977606159,0.989349680162854,55.06044338,0.71829972,2161,2161.481481,"Acid"
"85","FAME16 (Methyl Palmitate)",2018-11-27,0.000278749926352933,0.995587316324274,49.69165179,0.728276105,1957,1957.04698,"Acid"
"86","DEET",2018-11-27,0.000398028032397328,0.948622072890595,38.99214515,1.785772915,1600,1600,"Amide"
"87","C9 acid",2018-11-27,0.00632056210077135,0.753510887360885,31.22453179,0.688370565,1381,1381.906882,"Acid"
"88","C9 Diacid (azelaic acid)",2018-11-27,0.000232380193036186,0.995863618669723,45.88399818,0.947756575,1822,1822.818792,"Acid"
"89","C8 acid",2018-11-27,0.00518607454396907,0.973864323711655,27.34072511,0.71829972,1293,1293.392792,"Acid"
"90","C28 acid",2018-11-27,0.00117398480224063,0.987451161019303,77.9825181,0.73825249,3291,3291.954023,"Acid"
"91","C26 acid",2018-11-27,0.000668584755467629,0.96631870088849,74.47947678,0.71829972,3088,3088.172043,"Acid"
"92","C24 acid",2018-11-27,0.000380475202166405,0.960980110473936,70.78605278,0.69834695,2886,2886.868687,"Acid"
"93","C22 acid",2018-11-27,0.000343346167275407,0.956288398521754,66.82609303,0.688370565,2684,2684.90566,"Acid"
"94","C18 Acid",2018-11-27,8.38950305742282e-05,0.933793213678625,57.95426012,0.69834695,2280,2280.645161,"Acid"
"95","C17 acid",2018-11-27,0.000421295355158687,0.95542047331554,55.47928528,0.668417795,2177,2177.777778,"Acid"
"96","C16 Acid",2018-11-27,0.000114690142633704,0.88142099674155,52.92815736,0.688370565,2078,2078.518519,"Acid"
"97","C14 Diacid",2018-11-27,0.00048799401356429,0.952403984789655,58.83002045,0.887898265,2317,2317.741935,"Acid"
"98","C13 acid",2018-11-27,0.000278363459319681,0.987855630731947,44.51324288,0.688370565,1776,1776.829268,"Acid"
"99","C12 diacid",2018-11-27,0.000302119254561184,0.98408442930847,53.99430037,0.907851035,2120,2120,"Acid"
"100","C10 diacid (sebacic acid)",2018-11-27,0.000250786428219918,0.966364130165217,48.70166185,0.93778019,1922,1922.147651,"Acid"
"101","C10 carboxylic acid",2018-11-27,0.00149054634624021,0.873894716238091,34.80372618,0.688370565,1479,1479.781421,"Acid"
"102","C35",2018-11-27,0.000640447580273989,0.966916587901558,82.6278555,0.71829972,3564,3564.835165,"Alkane"
"103","C33",2018-11-27,0.000448651606516541,0.96799686370795,79.16289072,0.63848864,3363,3363.218391,"Alkane"
"104","C32",2018-11-27,0.000390256476569443,0.961360017473999,77.44944659,0.628512255,3259,3259.770115,"Alkane"
"105","C31",2018-11-27,0.000337068873590943,0.957584985538032,75.73600247,0.61853587,3159,3159.139785,"Alkane"
"106","C30",2018-11-27,0.00027463578830223,0.969591917943539,73.94640527,0.5985831,3058,3058.064516,"Alkane"
"107","C29",2018-11-27,0.000236337947746475,0.964045575867786,72.08065501,0.588606715,2955,2955.555556,"Alkane"
"108","C28",2018-11-27,0.00021656221123027,0.977285041902759,70.13875167,0.57863033,2852,2852.525253,"Alkane"
"109","C27",2018-11-27,0.000241761996563316,0.970697641848426,68.15877179,0.568653945,2750,2750.943396,"Alkane"
"110","C26",2018-11-27,0.000360610956391345,0.979377241538938,66.10263884,0.568653945,2649,2649.056604,"Alkane"
"111","C25",2018-11-27,0.000226460553916853,0.983454621416628,63.93227628,0.55867756,2545,2545.614035,"Alkane"
"112","C24",2018-11-27,0.000217684257280752,0.99417540823311,61.72383719,0.548701175,2443,2443.859649,"Alkane"
"113","C23",2018-11-27,0.000226263220067723,0.995785592856036,59.40116849,0.548701175,2341,2341.935484,"Alkane"
"114","C22",2018-11-27,0.000232424882929097,0.996414277171256,56.96427018,0.53872479,2238,2238.709677,"Alkane"
"115","C21",2018-11-27,0.000250940660646514,0.996505120109021,54.4512188,0.51877202,2137,2137.777778,"Alkane"
"116","C20",2018-11-27,0.000267404582499121,0.995814650786046,51.78586128,0.51877202,2034,2034.074074,"Alkane"
"117","C19",2018-11-27,0.000306312399806688,0.991006695574655,49.04435068,0.508795635,1934,1934.228188,"Alkane"
"118","C17",2018-11-27,0.000584744935844935,0.899353612580578,43.06633451,0.488842865,1730,1730.487805,"Alkane"
"119","C16",2018-11-27,0.00252620051033109,0.726481488552966,39.82982895,0.488842865,1626,1626.829268,"Alkane"
"120","C14",2018-11-27,0.0312223669682456,0.945023110832008,32.82374631,0.468890095,1422,1422.95082,"Alkane"
"121","9H-Florenone",2018-11-27,0.000335959166654313,0.999748044743542,44.55131942,1.386717515,1778,1778.04878,"Ketone"
"122","4-terpineol",2018-11-27,0.00900549348226971,0.92710542901792,23.87576033,0.77815803,1206,1206.678663,"Alcohol"
"123","4-nitrocatechol",2018-11-27,0.000412163878351491,0.955223268441272,44.28478367,1.566292445,1769,1769.512195,"Cat"
"124","4-hydroxybenzoic acid",2018-11-27,0.000681477548485661,0.99226184355792,40.59135967,0.887898265,1651,1651.219512,"Acid"
"125","4, 4 dimethoxy-benzophenone",2018-11-27,0.000274145012910041,0.954681251882133,58.25887241,1.446575825,2293,2293.548387,"Ketone"
"126","3-5-dimethoxyphenol",2018-11-27,0.000911399651839047,0.969396052871169,36.4029407,0.87792188,1525,1525.68306,"Alcohol"
"127","2-Ketoglutaric acid, tri-TMS",2018-11-27,0.0325366582239519,0.634294479445158,39.90598202,0.7981108,1629,1629.268293,"Acid"
"128","16-OH C16 Acid, TMS",2018-11-27,0.000235490359093551,0.963742584950842,61.4192249,0.688370565,2429,2429.824561,"Acid"
"129","12-OH C18 Acid, TMS",2018-11-27,0.000359987801083246,0.982341629990184,62.29498523,0.69834695,2470,2470.175439,"Acid"
"130","xanthone",2018-12-01,0.000414390598153501,0.967199543445643,48.24474342,1.37674113,1906,1906.040268,"Ketone"
"131","verbenone (-)",2018-12-01,0.0360409516506888,0.970295016268352,25.09420948,2.065111695,1237,1237.171543,"Ketone"
"132","vanillin",2018-12-01,0.00137547460350613,0.989394445857246,37.54523678,1.33683559,1558,1558.469945,"Aldehyde"
"133","vanillic acid",2018-12-01,0.000243598259426823,0.995410468571486,44.89400825,0.87792188,1789,1789.02439,"Acid"
"134","tridecanal",2018-12-01,0.0057427038406136,0.99535868225829,36.8217826,0.927803805,1537,1537.704918,"Aldehyde"
"135","triacetin",2018-12-01,0.00830000815106708,0.935834065848857,30.386848,2.11499362,1362,1362.952186,"Misc"
"136","threitol",2018-12-01,0.00151309766564851,0.95432610835739,36.25063456,0.528748405,1521,1521.311475,"Alcohol"
"137","syringol",2018-12-01,0.00345909129223164,0.998201950347835,32.67144016,0.81806357,1418,1418.579235,"Alcohol"
"138","syringic acid",2018-12-01,0.000248487007243167,0.995192025531075,48.77781493,0.87792188,1924,1924.832215,"Acid"
"139","syringaldehyde",2018-12-01,0.000293435871062592,0.999113627677667,42.95210491,1.326859205,1726,1726.829268,"Aldehyde"
"140","stigmasterol",2018-12-01,0.000719504290482885,0.968774126536049,78.85827843,0.85796911,3344,3344.827586,"Misc"
"141","squalene",2018-12-01,0.000482978490547188,0.902392305469502,70.44336395,0.5985831,2868,2868.686869,"Misc"
"142","sinapinaldehyde",2018-12-01,0.000397654863566725,0.992652220789614,51.74778474,1.53636329,2032,2032.592593,"Aldehyde"
"143","retene",2018-12-01,0.000189396391330802,0.991302906698357,57.64964783,1.047520425,2267,2267.741935,"PAH"
"144","resorcinol",2018-12-01,0.00208946591818384,0.971569499403941,31.98606251,0.728276105,1399,1399.138423,"Cat"
"145","quinoline",2018-12-01,0.00206892042077342,0.969558109170934,26.73150054,1.09740235,1278,1278.146352,"PAH"
"146","pyrocatechol",2018-12-01,0.00422618686080582,0.929923510827074,29.35878153,0.67839418,1339,1339.689606,"Cat"
"147","pyrene",2018-12-01,0.000201253388439124,0.994821340418827,55.32697913,1.21711897,2171,2171.851852,"PAH"
"148","pinonic acid",2018-12-01,0.00293044453977679,0.964169895467722,37.27870103,1.466528595,1550,1550.819672,"Acid"
"149","pinic acid 2",2018-12-01,0.00139148532139637,0.987593437670683,42.03826804,0.97768573,1697,1697.560976,"Acid"
"150","pinic acid 1",2018-12-01,0.000984376081495271,0.996479547848171,41.8859619,0.967709345,1692,1692.682927,"Acid"
"151","phthalimide",2018-12-01,0.00156294907874349,0.997724574429824,38.76368594,1.13730789,1593,1593.442623,"Amide"
"152","phthalic acid",2018-12-01,0.000420119202003904,0.961925581729947,42.57133954,1.107378735,1714,1714.634146,"Acid"
"153","perylene",2018-12-01,0.000218247112169421,0.952932739663141,72.30911422,1.45655221,2967,2967.676768,"PAH"
"154","pentadecanone",2018-12-01,0.000698155989593465,0.998093810589642,42.95210491,0.947756575,1726,1726.829268,"Ketone"
"155","palmitoleic Acid",2018-12-01,0.000564513104720714,0.992081418712985,52.35700932,0.708323335,2056,2056.296296,"Acid"
"156","p-anisic acid (4-methozybenzoic acid)",2018-12-01,0.00179611615993968,0.933212264504262,37.05024181,0.967709345,1544,1544.262295,"Acid"
"157","oleic Acid, TMS",2018-12-01,0.000268074269440885,0.989905366973386,57.26888247,0.69834695,2251,2251.612903,"Acid"
"158","octadecanone",2018-12-01,0.000339889120455145,0.989324092858785,51.7097082,0.847992725,2031,2031.111111,"Ketone"
"159","octadecanol",2018-12-01,0.000138885182934373,0.998570067122279,55.8219741,0.548701175,2191,2191.111111,"Alcohol"
"160","octadecanal",2018-12-01,0.000968576209308563,0.933690595606541,52.35700932,0.867945495,2056,2056.296296,"Aldehyde"
"161","monostearin TMS",2018-12-01,0.00429473453624861,0.946386130345638,68.92030251,0.708323335,2788,2788.679245,"Alcohol"
"162","monopalmitin",2018-12-01,0.000495602815248753,0.977373063260579,65.68379694,0.748228875,2628,2628.301887,"Alcohol"
"163","mannosan",2018-12-01,0.00526863934154095,0.990801907838595,42.30480379,0.85796911,1706,1706.097561,"Sugar"
"164","maltol",2018-12-01,0.0129874670130602,0.956555276427959,28.33071505,1.09740235,1316,1316.427025,"Alcohol"
"165","lupeol",2018-12-01,0.000270547192800548,0.975833538655067,81.21902366,1.03754404,3483,3483.516484,"Misc"
"166","linoleic Acid, TMS",2018-12-01,0.000556869264885747,0.963491799806624,57.11657633,0.69834695,2245,2245.16129,"Acid"
"167","levoglucosan",2018-12-01,0.00179680310821366,0.999456864801625,42.95210491,0.847992725,1726,1726.829268,"Sugar"
"168","ketopinic acid",2018-12-01,0.00327821279044273,0.982107415447626,36.55524684,1.326859205,1530,1530.054645,"Acid"
"169","isopimaric acid",2018-12-01,0.000268314964577442,0.992342867792705,60.42923497,0.867945495,2385,2385.483871,"Acid"
"170","isoeugenol",2018-12-01,0.00796832891482435,0.947606565301477,38.68753286,0.77815803,1591,1591.256831,"Alcohol"
"171","ionone",2018-12-01,0.0302062115930351,0.993818759208452,33.73758317,1.33683559,1449,1449.180328,"Ketone"
"172","hydroquinone",2018-12-01,0.00361780050059876,0.967714198241162,32.74759324,0.728276105,1420,1420.765027,"Benz"
"173","homosalate, TMS",2018-12-01,0.000289207291253556,0.968286992359757,52.31893278,0.927803805,2054,2054.814815,"Misc"
"174","hexadecanol, TMS",2018-12-01,0.000243470788230941,0.997964311400589,50.60548866,0.528748405,1989,1989.261745,"Alcohol"
"175","hexadecanamide",2018-12-01,0.000768799054168217,0.942064003252951,56.35504561,1.227095355,2212,2212.903226,"Amide"
"176","glyceric acid",2018-12-01,0.014747832617099,0.893481069390243,29.92992957,0.688370565,1352,1352.613262,"Acid"
"177","gamma dodecalactone",2018-12-01,0.000572674298759656,0.997360412815051,42.4190334,1.89551315,1709,1709.756098,"Sugar"
"178","galactosan",2018-12-01,0.00648233296737314,0.980194064554994,41.61942614,0.83801634,1684,1684.146341,"Sugar"
"179","erythreitol",2018-12-01,0.00119752949265614,0.99264039509702,36.51717031,0.53872479,1528,1528.961749,"Alcohol"
"180","ergosterol",2018-12-01,0.00186859461225112,0.8186372504281,78.05867117,0.83801634,3296,3296.551724,"Alcohol"
"181","eicosanol, TMS",2018-12-01,0.000264709440863587,0.971242880151723,60.54346457,0.548701175,2390,2390.322581,"Alcohol"
"182","dodecyl benzene",2018-12-01,0.000347767070015275,0.997071047423438,48.66358532,0.61853587,1920,1920.805369,"Benz"
"183","dimethyl Glutaric Acid, TMS",2018-12-01,0.00388078260929282,0.99836332778335,34.00411893,0.89787465,1456,1456.830601,"Acid"
"184","dibenz(ah)anthracene",2018-12-01,0.000425700552368324,0.929804687841645,77.79213542,1.51641052,3280,3280.45977,"PAH"
"185","deoxycholic Acid",2018-12-01,0.00169584640635392,0.969821437737395,78.89635496,0.967709345,3347,3347.126437,"Acid"
"186","cycloisolongifolene",2018-12-01,0.0207252241451873,0.984878024506967,30.04415917,0.648465025,1355,1355.197993,"Sesq"
"187","citronellol",2018-12-01,0.00786313562021937,0.979265647490417,29.32070499,0.528748405,1338,1338.828029,"Alcohol"
"188","cis-Vaccenic Acid, TMS",2018-12-01,0.000495823787894591,0.97248936239912,57.45926515,0.688370565,2259,2259.677419,"Acid"
"189","chrysene",2018-12-01,0.000271533125575549,0.961392727599397,63.627664,1.29693005,2531,2531.578947,"PAH"
"190","cholesterol",2018-12-01,0.000304101891022163,0.982536357312535,76.6117628,0.83801634,3209,3209.195402,"Alcohol"
"191","bisabolol",2018-12-01,0.00835335784850269,0.966427939947995,44.3228602,0.55867756,1770,1770.731707,"Alcohol"
"192","beta-sitosterol",2018-12-01,0.000681119584375732,0.949079344164862,79.8863449,0.867945495,3406,3406.593407,"Alcohol"
"193","beta-nocaryophyllonic acid, TMS",2018-12-01,0.00117026896522948,0.967637924019013,50.49125905,1.725914605,1985,1985.234899,"Acid"
"194","beta-nocaryophyllone aldehyde",2018-12-01,0.00259956498190708,0.899416251740879,43.90401831,0.269362395,1757,1757.317073,"Aldehyde"
"195","beta-nocaryophyllinic acid, TMS",2018-12-01,6.89423261072335e-05,0.949588465136751,54.18468305,1.247048125,2127,2127.407407,"Acid"
"196","beta-caryophyllonic acid, TMS",2018-12-01,0.000305837532303159,0.968158948880822,48.96819761,1.326859205,1931,1931.543624,"Acid"
"197","beta-caryophyllinic acid, TMS",2018-12-01,0.000369248051284847,0.94187036384501,52.47123893,0.927803805,2060,2060.740741,"Acid"
"198","beta-caryophyllene aldehyde",2018-12-01,0.0020952420640595,0.901474012866024,42.60941608,1.965347845,1715,1715.853659,"Aldehyde"
"199","benzophenone",2018-12-01,0.000892621747318372,0.958254705872793,41.01020157,1.17721343,1664,1664.634146,"PAH"
"200","anthraquinone",2018-12-01,0.000395753713439862,0.972491047831465,51.36701938,1.446575825,2017,2017.777778,"PAH"
"201","abietic acid",2018-12-01,0.000306297341930419,0.964496339234197,62.2569087,0.83801634,2468,2468.421053,"Acid"
"202","a-Amyrin",2018-12-01,0.000695580384436374,0.992599922090481,81.14287059,1.05749681,3479,3479.120879,"Sesq"
"203","Humulene",2018-12-01,0.0277014350363338,0.940835726295951,35.2078327,0.677576316,1490,1490,"Sesq"
"204","Longifolene",2018-12-01,0.455220073479751,0.886770238952993,33.53448492,0.657647601,1442,1442,"Sesq"
"205","a-farnesene",2018-12-01,0.416351837789299,0.837537252882828,34.78949576,0.53807531,1478,1478,"Sesq"
"206","alloaromadendrene",2018-12-01,0.103196365943448,0.97806528746284,35.3219246,0.627754528,1493,1493,"Sesq"
"207","aromadendrene",2018-12-01,0.154231962732565,0.948364932378631,34.52328134,0.627754528,1470,1470,"Sesq"
"208","cedrene",2018-12-01,0.457756002910922,0.963958429507823,33.76266871,0.637718886,1449,1449,"Sesq"
"209","Me-OH-glutatric acid",2018-12-01,0.00252792166930131,0.93023240610384,39.71559934,0.828039955,1623,1623.170732,"Acid"
"210","MBTCA",2018-12-01,0.000274714475102917,0.998892353352787,44.51324288,0.97768573,1776,1776.829268,"Acid"
"211","FAME18 (Methyl Stearate)",2018-12-01,0.000280504035614604,0.994402062331947,55.06044338,0.71829972,2161,2161.481481,"Acid"
"212","FAME16 (Methyl Palmitate)",2018-12-01,0.000300723265603384,0.99654709393034,49.69165179,0.728276105,1957,1957.04698,"Acid"
"213","DEET",2018-12-01,0.000858512492794484,0.990632249651364,38.99214515,1.785772915,1600,1600,"Amide"
"214","C9 acid",2018-12-01,0.00995910270583122,0.970318518149771,31.22453179,0.688370565,1381,1381.906882,"Acid"
"215","C9 Diacid (azelaic acid)",2018-12-01,0.000229440705186109,0.995235764826066,45.88399818,0.947756575,1822,1822.818792,"Acid"
"216","C8 acid",2018-12-01,0.00394979037942641,0.939952702078759,27.34072511,0.71829972,1293,1293.392792,"Acid"
"217","C28 acid",2018-12-01,0.00110828870538817,0.971980124401646,77.9825181,0.73825249,3291,3291.954023,"Acid"
"218","C26 acid",2018-12-01,0.000721290703916406,0.9532215389018,74.47947678,0.71829972,3088,3088.172043,"Acid"
"219","C24 acid",2018-12-01,0.000468264298516057,0.939656971707976,70.78605278,0.69834695,2886,2886.868687,"Acid"
"220","C22 acid",2018-12-01,0.000357031098401596,0.951967880112505,66.82609303,0.688370565,2684,2684.90566,"Acid"
"221","C18 Acid",2018-12-01,9.9599262596093e-05,0.843456712103501,57.95426012,0.69834695,2280,2280.645161,"Acid"
"222","C17 acid",2018-12-01,0.000486072667990765,0.966519086696076,55.47928528,0.668417795,2177,2177.777778,"Acid"
"223","C16 Acid",2018-12-01,0.00013279033584357,0.776333804873773,52.92815736,0.688370565,2078,2078.518519,"Acid"
"224","C14 Diacid",2018-12-01,0.000284469279409831,0.954146939423006,58.83002045,0.887898265,2317,2317.741935,"Acid"
"225","C13 acid",2018-12-01,0.000309031714312591,0.988348372115379,44.51324288,0.688370565,1776,1776.829268,"Acid"
"226","C12 diacid",2018-12-01,0.000244125945988146,0.978137942655444,53.99430037,0.907851035,2120,2120,"Acid"
"227","C10 diacid (sebacic acid)",2018-12-01,0.000193763223012435,0.991047346381714,48.70166185,0.93778019,1922,1922.147651,"Acid"
"228","C10 carboxylic acid",2018-12-01,0.0063613047926893,0.985894941050421,34.80372618,0.688370565,1479,1479.781421,"Acid"
"229","C35",2018-12-01,0.00115917476181327,0.986367186029218,82.6278555,0.71829972,3564,3564.835165,"Alkane"
"230","C33",2018-12-01,0.000657470493052531,0.964972082861332,79.16289072,0.63848864,3363,3363.218391,"Alkane"
"231","C32",2018-12-01,0.000557297703900792,0.970919658511316,77.44944659,0.628512255,3259,3259.770115,"Alkane"
"232","C31",2018-12-01,0.000470727182275462,0.974299409649417,75.73600247,0.61853587,3159,3159.139785,"Alkane"
"233","C30",2018-12-01,0.000428027213865814,0.974976407404274,73.94640527,0.5985831,3058,3058.064516,"Alkane"
"234","C29",2018-12-01,0.000375576446752323,0.963293732759404,72.08065501,0.588606715,2955,2955.555556,"Alkane"
"235","C28",2018-12-01,0.000291896584564369,0.969937014363428,70.13875167,0.57863033,2852,2852.525253,"Alkane"
"236","C27",2018-12-01,0.000303991968283747,0.969907928366882,68.15877179,0.568653945,2750,2750.943396,"Alkane"
"237","C26",2018-12-01,0.000461329245763925,0.98765660594139,66.10263884,0.568653945,2649,2649.056604,"Alkane"
"238","C25",2018-12-01,0.000274648181118847,0.984333643902508,63.93227628,0.55867756,2545,2545.614035,"Alkane"
"239","C24",2018-12-01,0.000252664401299715,0.990350621427487,61.72383719,0.548701175,2443,2443.859649,"Alkane"
"240","C23",2018-12-01,0.000259671696566766,0.995561568622233,59.40116849,0.548701175,2341,2341.935484,"Alkane"
"241","C22",2018-12-01,0.000258507751946922,0.998197218795933,56.96427018,0.53872479,2238,2238.709677,"Alkane"
"242","C21",2018-12-01,0.000272823972373738,0.99868070660001,54.4512188,0.51877202,2137,2137.777778,"Alkane"
"243","C20",2018-12-01,0.000284964656670058,0.997434530673186,51.78586128,0.51877202,2034,2034.074074,"Alkane"
"244","C19",2018-12-01,0.00030052600681671,0.999154885732884,49.04435068,0.508795635,1934,1934.228188,"Alkane"
"245","C17",2018-12-01,0.000649245849063327,0.952476219548859,43.06633451,0.488842865,1730,1730.487805,"Alkane"
"246","C16",2018-12-01,0.00272375679199613,0.902120076077596,39.82982895,0.488842865,1626,1626.829268,"Alkane"
"247","C14",2018-12-01,0.033372595492708,0.946574679522107,32.82374631,0.468890095,1422,1422.95082,"Alkane"
"248","9H-Florenone",2018-12-01,0.000285915386578602,0.997434019063018,44.55131942,1.386717515,1778,1778.04878,"Ketone"
"249","4-terpineol",2018-12-01,0.0250057890647064,0.986538615041154,23.87576033,0.77815803,1206,1206.678663,"Alcohol"
"250","4-nitrocatechol",2018-12-01,0.000458965375344198,0.957606669868763,44.28478367,1.566292445,1769,1769.512195,"Cat"
"251","4-hydroxybenzoic acid",2018-12-01,0.000943657275538065,0.999001581522644,40.59135967,0.887898265,1651,1651.219512,"Acid"
"252","4, 4 dimethoxy-benzophenone",2018-12-01,0.000345888091803325,0.946436785552483,58.25887241,1.446575825,2293,2293.548387,"Ketone"
"253","3-5-dimethoxyphenol",2018-12-01,0.00127282178047786,0.961373910890492,36.4029407,0.87792188,1525,1525.68306,"Alcohol"
"254","2-Ketoglutaric acid, tri-TMS",2018-12-01,0.024792524112063,0.921250022167191,39.90598202,0.7981108,1629,1629.268293,"Acid"
"255","16-OH C16 Acid, TMS",2018-12-01,0.000332769003492458,0.953544242687343,61.4192249,0.688370565,2429,2429.824561,"Acid"
"256","12-OH C18 Acid, TMS",2018-12-01,0.000480869906896963,0.97781817167224,62.29498523,0.69834695,2470,2470.175439,"Acid"
"257","xanthone",2018-12-04,0.00048665040665778,0.952891201072335,48.24474342,1.37674113,1906,1906.040268,"Ketone"
"258","verbenone (-)",2018-12-04,0.0427077294926366,0.958533639835745,25.09420948,2.065111695,1237,1237.171543,"Ketone"
"259","vanillin",2018-12-04,0.00121389776449559,0.997872257298658,37.54523678,1.33683559,1558,1558.469945,"Aldehyde"
"260","vanillic acid",2018-12-04,0.000291907072079573,0.996755247670769,44.89400825,0.87792188,1789,1789.02439,"Acid"
"261","tridecanal",2018-12-04,0.00708375557587981,0.887142114670536,36.8217826,0.927803805,1537,1537.704918,"Aldehyde"
"262","triacetin",2018-12-04,0.00369630597815811,0.951024498069409,30.386848,2.11499362,1362,1362.952186,"Misc"
"263","threitol",2018-12-04,0.00134730223362372,0.907993311948758,36.25063456,0.528748405,1521,1521.311475,"Alcohol"
"264","syringol",2018-12-04,0.00369129582831717,0.99220043754156,32.67144016,0.81806357,1418,1418.579235,"Alcohol"
"265","syringic acid",2018-12-04,0.000280378888905194,0.987852073817127,48.77781493,0.87792188,1924,1924.832215,"Acid"
"266","syringaldehyde",2018-12-04,0.000325166119523673,0.998208903149557,42.95210491,1.326859205,1726,1726.829268,"Aldehyde"
"267","stigmasterol",2018-12-04,0.00118807891278716,0.994388971752586,78.85827843,0.85796911,3344,3344.827586,"Misc"
"268","squalene",2018-12-04,0.000420911777192557,0.922226921932894,70.44336395,0.5985831,2868,2868.686869,"Misc"
"269","sinapinaldehyde",2018-12-04,0.000501812618588552,0.986131254484321,51.74778474,1.53636329,2032,2032.592593,"Aldehyde"
"270","retene",2018-12-04,0.000216380481364312,0.986392705299885,57.64964783,1.047520425,2267,2267.741935,"PAH"
"271","resorcinol",2018-12-04,0.00164282557014853,0.905195690935031,31.98606251,0.728276105,1399,1399.138423,"Cat"
"272","quinoline",2018-12-04,0.00152194133254296,0.996922503846021,26.73150054,1.09740235,1278,1278.146352,"PAH"
"273","pyrocatechol",2018-12-04,0.00699633380501413,0.964506211888929,29.35878153,0.67839418,1339,1339.689606,"Cat"
"274","pyrene",2018-12-04,0.000232482825801056,0.991312749805265,55.32697913,1.21711897,2171,2171.851852,"PAH"
"275","pinonic acid",2018-12-04,0.00285740642204706,0.994289780087928,37.27870103,1.466528595,1550,1550.819672,"Acid"
"276","pinic acid 2",2018-12-04,0.00174342906718368,0.986363751778661,42.03826804,0.97768573,1697,1697.560976,"Acid"
"277","pinic acid 1",2018-12-04,0.0012368523656299,0.99382102969008,41.8859619,0.967709345,1692,1692.682927,"Acid"
"278","phthalimide",2018-12-04,0.00225038758511528,0.453814688590148,38.76368594,1.13730789,1593,1593.442623,"Amide"
"279","phthalic acid",2018-12-04,0.00127113905717948,0.977380605531984,42.57133954,1.107378735,1714,1714.634146,"Acid"
"280","perylene",2018-12-04,0.000247498849582255,0.953298109393464,72.30911422,1.45655221,2967,2967.676768,"PAH"
"281","pentadecanone",2018-12-04,0.00068226468068038,0.997754392057457,42.95210491,0.947756575,1726,1726.829268,"Ketone"
"282","palmitoleic Acid",2018-12-04,0.000591499943023422,0.982998977801789,52.35700932,0.708323335,2056,2056.296296,"Acid"
"283","p-anisic acid (4-methozybenzoic acid)",2018-12-04,0.00154893337704908,0.990101800210402,37.05024181,0.967709345,1544,1544.262295,"Acid"
"284","oleic Acid, TMS",2018-12-04,0.000348198414142082,0.983863829979246,57.26888247,0.69834695,2251,2251.612903,"Acid"
"285","octadecanone",2018-12-04,0.000385542015273348,0.988622956343611,51.7097082,0.847992725,2031,2031.111111,"Ketone"
"286","octadecanol",2018-12-04,0.000161172033788748,0.996246219589898,55.8219741,0.548701175,2191,2191.111111,"Alcohol"
"287","octadecanal",2018-12-04,0.00128189385377176,0.976400011608896,52.35700932,0.867945495,2056,2056.296296,"Aldehyde"
"288","monostearin TMS",2018-12-04,0.00777135074605594,0.9631283194065,68.92030251,0.708323335,2788,2788.679245,"Alcohol"
"289","monopalmitin",2018-12-04,0.000672875541429322,0.965061034999452,65.68379694,0.748228875,2628,2628.301887,"Alcohol"
"290","mannosan",2018-12-04,0.00596480144716445,0.926051475315727,42.30480379,0.85796911,1706,1706.097561,"Sugar"
"291","maltol",2018-12-04,0.0342126706655877,0.872688158396097,28.33071505,1.09740235,1316,1316.427025,"Alcohol"
"292","lupeol",2018-12-04,0.000697589548612662,0.925342503875055,81.21902366,1.03754404,3483,3483.516484,"Misc"
"293","linoleic Acid, TMS",2018-12-04,0.000723614909652067,0.950022713682406,57.11657633,0.69834695,2245,2245.16129,"Acid"
"294","levoglucosan",2018-12-04,0.00208070934550675,0.998452197012711,42.95210491,0.847992725,1726,1726.829268,"Sugar"
"295","ketopinic acid",2018-12-04,0.00211440034501839,0.930582943473572,36.55524684,1.326859205,1530,1530.054645,"Acid"
"296","isopimaric acid",2018-12-04,0.000339875024856379,0.987628324318005,60.42923497,0.867945495,2385,2385.483871,"Acid"
"297","isoeugenol",2018-12-04,0.00263894766236409,0.879020788149975,38.68753286,0.77815803,1591,1591.256831,"Alcohol"
"298","ionone",2018-12-04,0.00776975495341622,0.837674737000744,33.73758317,1.33683559,1449,1449.180328,"Ketone"
"299","hydroquinone",2018-12-04,0.00143063789592598,0.888550001164651,32.74759324,0.728276105,1420,1420.765027,"Benz"
"300","homosalate, TMS",2018-12-04,0.000343721259521766,0.982740450967339,52.31893278,0.927803805,2054,2054.814815,"Misc"
"301","hexadecanol, TMS",2018-12-04,0.000275552382636937,0.9961924895623,50.60548866,0.528748405,1989,1989.261745,"Alcohol"
"302","hexadecanamide",2018-12-04,0.00104204355547956,0.913821612111181,56.35504561,1.227095355,2212,2212.903226,"Amide"
"303","glyceric acid",2018-12-04,0.00149162992905149,0.765107748111074,29.92992957,0.688370565,1352,1352.613262,"Acid"
"304","gamma dodecalactone",2018-12-04,0.000577323233815277,0.992707325606596,42.4190334,1.89551315,1709,1709.756098,"Sugar"
"305","galactosan",2018-12-04,0.00895921884719098,0.931100315000735,41.61942614,0.83801634,1684,1684.146341,"Sugar"
"306","erythreitol",2018-12-04,0.00109914879301936,0.977609900400304,36.51717031,0.53872479,1528,1528.961749,"Alcohol"
"307","ergosterol",2018-12-04,0.00208132416254448,0.897324486782497,78.05867117,0.83801634,3296,3296.551724,"Alcohol"
"308","eicosanol, TMS",2018-12-04,0.000277166001906208,0.964528087430655,60.54346457,0.548701175,2390,2390.322581,"Alcohol"
"309","dodecyl benzene",2018-12-04,0.000396996215162834,0.998467712079304,48.66358532,0.61853587,1920,1920.805369,"Benz"
"310","dimethyl Glutaric Acid, TMS",2018-12-04,0.00291152165359932,0.894144944564376,34.00411893,0.89787465,1456,1456.830601,"Acid"
"311","dibenz(ah)anthracene",2018-12-04,0.000556662525964753,0.931333929837903,77.79213542,1.51641052,3280,3280.45977,"PAH"
"312","deoxycholic Acid",2018-12-04,0.00287408750220648,0.92458873535992,78.89635496,0.967709345,3347,3347.126437,"Acid"
"313","cycloisolongifolene",2018-12-04,0.0192293291157035,0.99223217917071,30.04415917,0.648465025,1355,1355.197993,"Sesq"
"314","citronellol",2018-12-04,0.00460856258762528,0.888502386041856,29.32070499,0.528748405,1338,1338.828029,"Alcohol"
"315","cis-Vaccenic Acid, TMS",2018-12-04,0.000621495386300166,0.97096921226518,57.45926515,0.688370565,2259,2259.677419,"Acid"
"316","chrysene",2018-12-04,0.000319556019843776,0.951605876997632,63.627664,1.29693005,2531,2531.578947,"PAH"
"317","cholesterol",2018-12-04,0.000473446542287058,0.983153781628613,76.6117628,0.83801634,3209,3209.195402,"Alcohol"
"318","bisabolol",2018-12-04,0.0159623251663745,0.917176085967893,44.3228602,0.55867756,1770,1770.731707,"Alcohol"
"319","beta-sitosterol",2018-12-04,0.00140130131943949,0.977227580468077,79.8863449,0.867945495,3406,3406.593407,"Alcohol"
"320","beta-nocaryophyllonic acid, TMS",2018-12-04,0.00136942625069031,0.982891090024959,50.49125905,1.725914605,1985,1985.234899,"Acid"
"321","beta-nocaryophyllone aldehyde",2018-12-04,0.00371543244604222,0.964517327068019,43.90401831,0.269362395,1757,1757.317073,"Aldehyde"
"322","beta-nocaryophyllinic acid, TMS",2018-12-04,0.000162262751266763,0.779391168030059,54.18468305,1.247048125,2127,2127.407407,"Acid"
"323","beta-caryophyllonic acid, TMS",2018-12-04,0.000367175418099078,0.963703817976772,48.96819761,1.326859205,1931,1931.543624,"Acid"
"324","beta-caryophyllinic acid, TMS",2018-12-04,0.000486389315054157,0.950957332685331,52.47123893,0.927803805,2060,2060.740741,"Acid"
"325","beta-caryophyllene aldehyde",2018-12-04,0.00318859272235624,0.962205893319284,42.60941608,1.965347845,1715,1715.853659,"Aldehyde"
"326","benzophenone",2018-12-04,0.000756671289587966,0.977059177766808,41.01020157,1.17721343,1664,1664.634146,"PAH"
"327","anthraquinone",2018-12-04,0.000454798873496531,0.966015862589727,51.36701938,1.446575825,2017,2017.777778,"PAH"
"328","abietic acid",2018-12-04,0.000364754454936659,0.973243474122087,62.2569087,0.83801634,2468,2468.421053,"Acid"
"329","a-Amyrin",2018-12-04,0.000375282806344632,0.917082361825202,81.14287059,1.05749681,3479,3479.120879,"Sesq"
"330","Humulene",2018-12-04,0.00673957448408409,0.822858281914311,35.2078327,0.677576316,1490,1490,"Sesq"
"331","Longifolene",2018-12-04,0.0106503301493419,0.782609846619399,33.53448492,0.657647601,1442,1442,"Sesq"
"332","a-farnesene",2018-12-04,0.19668432640113,0.982709759635246,34.78949576,0.53807531,1478,1478,"Sesq"
"333","alloaromadendrene",2018-12-04,0.0104764137811009,0.824769565876573,35.3219246,0.627754528,1493,1493,"Sesq"
"334","aromadendrene",2018-12-04,0.0155616751126003,0.829146278243347,34.52328134,0.627754528,1470,1470,"Sesq"
"335","caryophyllene",2018-12-04,0.0122258059513778,0.834640780157563,33.83872997,0.667611959,1451,1451,"Sesq"
"336","cedrene",2018-12-04,0.0083269516197573,0.776445445496265,33.76266871,0.637718886,1449,1449,"Sesq"
"337","Me-OH-glutatric acid",2018-12-04,0.00395462843293674,0.898316143562352,39.71559934,0.828039955,1623,1623.170732,"Acid"
"338","MBTCA",2018-12-04,0.000488894275239967,0.767437951621085,44.51324288,0.97768573,1776,1776.829268,"Acid"
"339","FAME18 (Methyl Stearate)",2018-12-04,0.000363634387234047,0.988555604950063,55.06044338,0.71829972,2161,2161.481481,"Acid"
"340","FAME16 (Methyl Palmitate)",2018-12-04,0.000376154453933558,0.994928262846858,49.69165179,0.728276105,1957,1957.04698,"Acid"
"341","DEET",2018-12-04,0.000619378881480306,0.987325517800713,38.99214515,1.785772915,1600,1600,"Amide"
"342","C9 acid",2018-12-04,0.00260906967387551,0.809849875858004,31.22453179,0.688370565,1381,1381.906882,"Acid"
"343","C9 Diacid (azelaic acid)",2018-12-04,0.000297351690398932,0.993216814268752,45.88399818,0.947756575,1822,1822.818792,"Acid"
"344","C8 acid",2018-12-04,0.00968897971224802,0.974699457611447,27.34072511,0.71829972,1293,1293.392792,"Acid"
"345","C28 acid",2018-12-04,0.00189835133504506,0.980862692016499,77.9825181,0.73825249,3291,3291.954023,"Acid"
"346","C26 acid",2018-12-04,0.00149976091679109,0.985375484553882,74.47947678,0.71829972,3088,3088.172043,"Acid"
"347","C24 acid",2018-12-04,0.000844201842540516,0.96794606209588,70.78605278,0.69834695,2886,2886.868687,"Acid"
"348","C22 acid",2018-12-04,0.00056527856290029,0.957788002435646,66.82609303,0.688370565,2684,2684.90566,"Acid"
"349","C18 Acid",2018-12-04,0.000104026262977991,0.851104748382038,57.95426012,0.69834695,2280,2280.645161,"Acid"
"350","C17 acid",2018-12-04,0.000683676531489246,0.957250289698739,55.47928528,0.668417795,2177,2177.777778,"Acid"
"351","C16 Acid",2018-12-04,0.000124823261355873,0.741821132128751,52.92815736,0.688370565,2078,2078.518519,"Acid"
"352","C14 Diacid",2018-12-04,0.000489630514634967,0.964299884406679,58.83002045,0.887898265,2317,2317.741935,"Acid"
"353","C13 acid",2018-12-04,0.000372624437683305,0.9934094032083,44.51324288,0.688370565,1776,1776.829268,"Acid"
"354","C12 diacid",2018-12-04,0.000350342097416134,0.974738602608512,53.99430037,0.907851035,2120,2120,"Acid"
"355","C10 diacid (sebacic acid)",2018-12-04,0.0003180373512462,0.983721875664556,48.70166185,0.93778019,1922,1922.147651,"Acid"
"356","C10 carboxylic acid",2018-12-04,0.00361417758725674,0.882975342685163,34.80372618,0.688370565,1479,1479.781421,"Acid"
"357","C35",2018-12-04,0.00131129414471848,0.990666252869685,82.6278555,0.71829972,3564,3564.835165,"Alkane"
"358","C33",2018-12-04,0.000915789553989708,0.989705485109265,79.16289072,0.63848864,3363,3363.218391,"Alkane"
"359","C32",2018-12-04,0.000793031645108994,0.985094876194424,77.44944659,0.628512255,3259,3259.770115,"Alkane"
"360","C31",2018-12-04,0.000657990992633572,0.972580048057413,75.73600247,0.61853587,3159,3159.139785,"Alkane"
"361","C30",2018-12-04,0.000521696725665036,0.962132112070505,73.94640527,0.5985831,3058,3058.064516,"Alkane"
"362","C29",2018-12-04,0.000426842964267815,0.948670451402432,72.08065501,0.588606715,2955,2955.555556,"Alkane"
"363","C28",2018-12-04,0.000330114592053485,0.965725802456855,70.13875167,0.57863033,2852,2852.525253,"Alkane"
"364","C27",2018-12-04,0.00037072189580485,0.964777269245726,68.15877179,0.568653945,2750,2750.943396,"Alkane"
"365","C26",2018-12-04,0.000480202302358677,0.980513243654374,66.10263884,0.568653945,2649,2649.056604,"Alkane"
"366","C25",2018-12-04,0.000317783380610342,0.978376336318636,63.93227628,0.55867756,2545,2545.614035,"Alkane"
"367","C24",2018-12-04,0.000290267904192755,0.991202829981098,61.72383719,0.548701175,2443,2443.859649,"Alkane"
"368","C23",2018-12-04,0.00030380855217649,0.993450107183615,59.40116849,0.548701175,2341,2341.935484,"Alkane"
"369","C22",2018-12-04,0.000316964355667822,0.994926518758059,56.96427018,0.53872479,2238,2238.709677,"Alkane"
"370","C21",2018-12-04,0.000329707425860931,0.995513148570697,54.4512188,0.51877202,2137,2137.777778,"Alkane"
"371","C20",2018-12-04,0.000346142458793284,0.990982631148662,51.78586128,0.51877202,2034,2034.074074,"Alkane"
"372","C19",2018-12-04,0.000380398184346127,0.992410679440747,49.04435068,0.508795635,1934,1934.228188,"Alkane"
"373","C17",2018-12-04,0.000660924366899705,0.932022602589837,43.06633451,0.488842865,1730,1730.487805,"Alkane"
"374","C16",2018-12-04,0.00227360712585702,0.871312338993753,39.82982895,0.488842865,1626,1626.829268,"Alkane"
"375","C14",2018-12-04,0.00607367205196956,0.934211117209368,32.82374631,0.468890095,1422,1422.95082,"Alkane"
"376","9H-Florenone",2018-12-04,0.000407897084950692,0.998338636783177,44.55131942,1.386717515,1778,1778.04878,"Ketone"
"377","4-terpineol",2018-12-04,0.0182769868407357,0.917317540424924,23.87576033,0.77815803,1206,1206.678663,"Alcohol"
"378","4-nitrocatechol",2018-12-04,0.000785262073320754,0.980737347090886,44.28478367,1.566292445,1769,1769.512195,"Cat"
"379","4-hydroxybenzoic acid",2018-12-04,0.00107723388908628,0.999493567482448,40.59135967,0.887898265,1651,1651.219512,"Acid"
"380","4, 4 dimethoxy-benzophenone",2018-12-04,0.000393515637042303,0.924088757702423,58.25887241,1.446575825,2293,2293.548387,"Ketone"
"381","3-5-dimethoxyphenol",2018-12-04,0.00107722729458528,0.953888799532486,36.4029407,0.87792188,1525,1525.68306,"Alcohol"
"382","2-Ketoglutaric acid, tri-TMS",2018-12-04,0.0519788408912255,0.416855730025626,39.90598202,0.7981108,1629,1629.268293,"Acid"
"383","16-OH C16 Acid, TMS",2018-12-04,0.00036865317733479,0.924624048929267,61.4192249,0.688370565,2429,2429.824561,"Acid"
"384","12-OH C18 Acid, TMS",2018-12-04,0.000642329362603593,0.979569150581853,62.29498523,0.69834695,2470,2470.175439,"Acid"
"385","xanthone",2018-12-10,0.000428150451114974,0.962818709160297,48.24474342,1.37674113,1906,1906.040268,"Ketone"
"386","verbenone (-)",2018-12-10,0.0157854396407589,0.86971795840665,25.09420948,2.065111695,1237,1237.171543,"Ketone"
"387","vanillin",2018-12-10,0.000997924330907631,0.991114896245753,37.54523678,1.33683559,1558,1558.469945,"Aldehyde"
"388","vanillic acid",2018-12-10,0.000206503392533263,0.994548730703015,44.89400825,0.87792188,1789,1789.02439,"Acid"
"389","tridecanal",2018-12-10,0.00456198057331317,0.891651822521413,36.8217826,0.927803805,1537,1537.704918,"Aldehyde"
"390","triacetin",2018-12-10,0.00265942343544056,0.981320417916336,30.386848,2.11499362,1362,1362.952186,"Misc"
"391","threitol",2018-12-10,0.00120726069461922,0.940882490766892,36.25063456,0.528748405,1521,1521.311475,"Alcohol"
"392","syringol",2018-12-10,0.00239394837990305,0.977747021429622,32.67144016,0.81806357,1418,1418.579235,"Alcohol"
"393","syringic acid",2018-12-10,0.000177147113439928,0.987876372045171,48.77781493,0.87792188,1924,1924.832215,"Acid"
"394","syringaldehyde",2018-12-10,0.000230439910678147,0.996012633325715,42.95210491,1.326859205,1726,1726.829268,"Aldehyde"
"395","stigmasterol",2018-12-10,0.000859559547892147,0.986591788256327,78.85827843,0.85796911,3344,3344.827586,"Misc"
"396","squalene",2018-12-10,0.00042211657069208,0.922205803688004,70.44336395,0.5985831,2868,2868.686869,"Misc"
"397","sinapinaldehyde",2018-12-10,0.000371617179094691,0.984690718449003,51.74778474,1.53636329,2032,2032.592593,"Aldehyde"
"398","retene",2018-12-10,0.000168445030472934,0.983557482713732,57.64964783,1.047520425,2267,2267.741935,"PAH"
"399","resorcinol",2018-12-10,0.00195823504264682,0.976934264277737,31.98606251,0.728276105,1399,1399.138423,"Cat"
"400","quinoline",2018-12-10,0.00103587059936493,0.998998337626108,26.73150054,1.09740235,1278,1278.146352,"PAH"
"401","pyrocatechol",2018-12-10,0.00244111069427107,0.879169716953653,29.35878153,0.67839418,1339,1339.689606,"Cat"
"402","pyrene",2018-12-10,0.000182373297166765,0.989976906332041,55.32697913,1.21711897,2171,2171.851852,"PAH"
"403","pinonic acid",2018-12-10,0.00202332837966426,0.996568033133965,37.27870103,1.466528595,1550,1550.819672,"Acid"
"404","pinic acid 2",2018-12-10,0.00123842190909967,0.987437404020599,42.03826804,0.97768573,1697,1697.560976,"Acid"
"405","pinic acid 1",2018-12-10,0.000870527035567558,0.993882485140363,41.8859619,0.967709345,1692,1692.682927,"Acid"
"406","phthalimide",2018-12-10,0.00229318650754683,0.469173392821784,38.76368594,1.13730789,1593,1593.442623,"Amide"
"407","phthalic acid",2018-12-10,0.000845361553988001,0.955652953254043,42.57133954,1.107378735,1714,1714.634146,"Acid"
"408","perylene",2018-12-10,0.000230458442898493,0.940741893406042,72.30911422,1.45655221,2967,2967.676768,"PAH"
"409","pentadecanone",2018-12-10,0.000516882224637781,0.998987220196065,42.95210491,0.947756575,1726,1726.829268,"Ketone"
"410","palmitoleic Acid",2018-12-10,0.000571424617982849,0.983525962651664,52.35700932,0.708323335,2056,2056.296296,"Acid"
"411","p-anisic acid (4-methozybenzoic acid)",2018-12-10,0.00121931182219619,0.965316554747889,37.05024181,0.967709345,1544,1544.262295,"Acid"
"412","oleic Acid, TMS",2018-12-10,0.000252432004432601,0.976211634189958,57.26888247,0.69834695,2251,2251.612903,"Acid"
"413","octadecanone",2018-12-10,0.000300839993419947,0.977278166620762,51.7097082,0.847992725,2031,2031.111111,"Ketone"
"414","octadecanol",2018-12-10,0.000102542208549175,0.990606475576026,55.8219741,0.548701175,2191,2191.111111,"Alcohol"
"415","octadecanal",2018-12-10,0.000840369509658154,0.956789061722659,52.35700932,0.867945495,2056,2056.296296,"Aldehyde"
"416","monostearin TMS",2018-12-10,0.0061037515308733,0.976118022660815,68.92030251,0.708323335,2788,2788.679245,"Alcohol"
"417","monopalmitin",2018-12-10,0.000672253346491944,0.968948302140539,65.68379694,0.748228875,2628,2628.301887,"Alcohol"
"418","mannosan",2018-12-10,0.00533198629626686,0.97603109178349,42.30480379,0.85796911,1706,1706.097561,"Sugar"
"419","maltol",2018-12-10,0.0140320027091681,0.989332279394364,28.33071505,1.09740235,1316,1316.427025,"Alcohol"
"420","lupeol",2018-12-10,0.000402559330866758,0.978015231000819,81.21902366,1.03754404,3483,3483.516484,"Misc"
"421","linoleic Acid, TMS",2018-12-10,0.000623216561439279,0.953987916358344,57.11657633,0.69834695,2245,2245.16129,"Acid"
"422","levoglucosan",2018-12-10,0.00256100702674281,0.980637897985287,42.95210491,0.847992725,1726,1726.829268,"Sugar"
"423","ketopinic acid",2018-12-10,0.00167805288980143,0.947577540763178,36.55524684,1.326859205,1530,1530.054645,"Acid"
"424","isopimaric acid",2018-12-10,0.000246596922898495,0.982573770350752,60.42923497,0.867945495,2385,2385.483871,"Acid"
"425","isoeugenol",2018-12-10,0.00242983842449539,0.896356339302669,38.68753286,0.77815803,1591,1591.256831,"Alcohol"
"426","ionone",2018-12-10,0.0103442812070718,0.915733935705313,33.73758317,1.33683559,1449,1449.180328,"Ketone"
"427","hydroquinone",2018-12-10,0.00169192064165343,0.938447603109077,32.74759324,0.728276105,1420,1420.765027,"Benz"
"428","homosalate, TMS",2018-12-10,0.000227643899034005,0.99533304522884,52.31893278,0.927803805,2054,2054.814815,"Misc"
"429","hexadecanol, TMS",2018-12-10,0.00018845311267736,0.993480686140018,50.60548866,0.528748405,1989,1989.261745,"Alcohol"
"430","hexadecanamide",2018-12-10,0.00104477918544631,0.947563442385124,56.35504561,1.227095355,2212,2212.903226,"Amide"
"431","glyceric acid",2018-12-10,0.004028860890638,0.815667968771774,29.92992957,0.688370565,1352,1352.613262,"Acid"
"432","gamma dodecalactone",2018-12-10,0.0004688092745184,0.989544999965352,42.4190334,1.89551315,1709,1709.756098,"Sugar"
"433","galactosan",2018-12-10,0.00625726473931735,0.959437219732949,41.61942614,0.83801634,1684,1684.146341,"Sugar"
"434","erythreitol",2018-12-10,0.000922439563493236,0.993526820891508,36.51717031,0.53872479,1528,1528.961749,"Alcohol"
"435","ergosterol",2018-12-10,0.0014215461500804,0.875112085293362,78.05867117,0.83801634,3296,3296.551724,"Alcohol"
"436","eicosanol, TMS",2018-12-10,0.000224093097887816,0.94426841980703,60.54346457,0.548701175,2390,2390.322581,"Alcohol"
"437","dodecyl benzene",2018-12-10,0.000296123056102498,0.995111655905203,48.66358532,0.61853587,1920,1920.805369,"Benz"
"438","dimethyl Glutaric Acid, TMS",2018-12-10,0.0027166745275974,0.97303092159063,34.00411893,0.89787465,1456,1456.830601,"Acid"
"439","dibenz(ah)anthracene",2018-12-10,0.000627329808641809,0.920234282957443,77.79213542,1.51641052,3280,3280.45977,"PAH"
"440","deoxycholic Acid",2018-12-10,0.00323227956742712,0.906248299691091,78.89635496,0.967709345,3347,3347.126437,"Acid"
"441","cycloisolongifolene",2018-12-10,0.0106958092211504,0.962756757965668,30.04415917,0.648465025,1355,1355.197993,"Sesq"
"442","citronellol",2018-12-10,0.00510954071491372,0.925585179493025,29.32070499,0.528748405,1338,1338.828029,"Alcohol"
"443","cis-Vaccenic Acid, TMS",2018-12-10,0.000486580880591816,0.963474501723766,57.45926515,0.688370565,2259,2259.677419,"Acid"
"444","chrysene",2018-12-10,0.000292203813371896,0.954707814435787,63.627664,1.29693005,2531,2531.578947,"PAH"
"445","cholesterol",2018-12-10,0.00042243895280678,0.987405860695051,76.6117628,0.83801634,3209,3209.195402,"Alcohol"
"446","bisabolol",2018-12-10,0.012180063587175,0.882082375577715,44.3228602,0.55867756,1770,1770.731707,"Alcohol"
"447","beta-sitosterol",2018-12-10,0.00100796848566324,0.979086536177814,79.8863449,0.867945495,3406,3406.593407,"Alcohol"
"448","beta-nocaryophyllonic acid, TMS",2018-12-10,0.00124364817265613,0.980443663652851,50.49125905,1.725914605,1985,1985.234899,"Acid"
"449","beta-nocaryophyllone aldehyde",2018-12-10,0.00330475098990766,0.964323435020907,43.90401831,0.269362395,1757,1757.317073,"Aldehyde"
"450","beta-nocaryophyllinic acid, TMS",2018-12-10,0.000216278043829824,0.948363994105591,54.18468305,1.247048125,2127,2127.407407,"Acid"
"451","beta-caryophyllonic acid, TMS",2018-12-10,0.000330641853835136,0.974928479627354,48.96819761,1.326859205,1931,1931.543624,"Acid"
"452","beta-caryophyllinic acid, TMS",2018-12-10,0.000671267582399066,0.973927595348777,52.47123893,0.927803805,2060,2060.740741,"Acid"
"453","beta-caryophyllene aldehyde",2018-12-10,0.00284940468773193,0.959788807988892,42.60941608,1.965347845,1715,1715.853659,"Aldehyde"
"454","benzophenone",2018-12-10,0.000570456989132809,0.991648267512203,41.01020157,1.17721343,1664,1664.634146,"PAH"
"455","anthraquinone",2018-12-10,0.000407178218891188,0.972877043919516,51.36701938,1.446575825,2017,2017.777778,"PAH"
"456","abietic acid",2018-12-10,0.000288018668572618,0.953316253790936,62.2569087,0.83801634,2468,2468.421053,"Acid"
"457","a-Amyrin",2018-12-10,0.00127798753229425,0.981232200292518,81.14287059,1.05749681,3479,3479.120879,"Sesq"
"458","Humulene",2018-12-10,0.00849979074988742,0.854719650923628,35.2078327,0.677576316,1490,1490,"Sesq"
"459","Longifolene",2018-12-10,0.0377413116362814,0.774294961519586,33.53448492,0.657647601,1442,1442,"Sesq"
"460","a-copaene",2018-12-10,0.0313785763763355,0.775252588197521,32.12735155,0.57793274,1402,1402,"Sesq"
"461","a-farnesene",2018-12-10,0.150285482415888,0.98318327954434,34.78949576,0.53807531,1478,1478,"Sesq"
"462","alloaromadendrene",2018-12-10,0.0173064463164775,0.822087467367194,35.3219246,0.627754528,1493,1493,"Sesq"
"463","aromadendrene",2018-12-10,0.0283234430312945,0.803966955622099,34.52328134,0.627754528,1470,1470,"Sesq"
"464","caryophyllene",2018-12-10,0.0185592803442017,0.796431502365668,33.83872997,0.667611959,1451,1451,"Sesq"
"465","cedrene",2018-12-10,0.0232903147265986,0.778064438529994,33.76266871,0.637718886,1449,1449,"Sesq"
"466","Me-OH-glutatric acid",2018-12-10,0.0021359660569585,0.982542219022575,39.71559934,0.828039955,1623,1623.170732,"Acid"
"467","MBTCA",2018-12-10,0.000319618743943143,0.838274445166823,44.51324288,0.97768573,1776,1776.829268,"Acid"
"468","FAME18 (Methyl Stearate)",2018-12-10,0.000264481994916807,0.982872588723579,55.06044338,0.71829972,2161,2161.481481,"Acid"
"469","FAME16 (Methyl Palmitate)",2018-12-10,0.000279094142529192,0.992063179733776,49.69165179,0.728276105,1957,1957.04698,"Acid"
"470","DEET",2018-12-10,0.000506614230341319,0.992210109155309,38.99214515,1.785772915,1600,1600,"Amide"
"471","C9 acid",2018-12-10,0.0065590725835975,0.95312340966919,31.22453179,0.688370565,1381,1381.906882,"Acid"
"472","C9 Diacid (azelaic acid)",2018-12-10,0.000196365689818842,0.985409327440991,45.88399818,0.947756575,1822,1822.818792,"Acid"
"473","C8 acid",2018-12-10,0.00809181293494583,0.954980527232292,27.34072511,0.71829972,1293,1293.392792,"Acid"
"474","C28 acid",2018-12-10,0.00162767618343874,0.978708157261775,77.9825181,0.73825249,3291,3291.954023,"Acid"
"475","C26 acid",2018-12-10,0.00124371662374961,0.985375382860462,74.47947678,0.71829972,3088,3088.172043,"Acid"
"476","C24 acid",2018-12-10,0.000720927231158491,0.969303631726294,70.78605278,0.69834695,2886,2886.868687,"Acid"
"477","C22 acid",2018-12-10,0.000529404443582999,0.961358362672754,66.82609303,0.688370565,2684,2684.90566,"Acid"
"478","C18 Acid",2018-12-10,7.17493323923435e-05,0.939018888755047,57.95426012,0.69834695,2280,2280.645161,"Acid"
"479","C17 acid",2018-12-10,0.000601841204076488,0.961123550881661,55.47928528,0.668417795,2177,2177.777778,"Acid"
"480","C16 Acid",2018-12-10,8.85544568796649e-05,0.861541493540742,52.92815736,0.688370565,2078,2078.518519,"Acid"
"481","C14 Diacid",2018-12-10,0.000389482142417811,0.943637782650362,58.83002045,0.887898265,2317,2317.741935,"Acid"
"482","C13 acid",2018-12-10,0.000287808246390378,0.994406822707798,44.51324288,0.688370565,1776,1776.829268,"Acid"
"483","C12 diacid",2018-12-10,0.000267118476877763,0.961122031874584,53.99430037,0.907851035,2120,2120,"Acid"
"484","C10 diacid (sebacic acid)",2018-12-10,0.000150515199138727,0.974684838027441,48.70166185,0.93778019,1922,1922.147651,"Acid"
"485","C10 carboxylic acid",2018-12-10,0.00500726111792292,0.990732007966693,34.80372618,0.688370565,1479,1479.781421,"Acid"
"486","C35",2018-12-10,0.000917188084557429,0.947236193801691,82.6278555,0.71829972,3564,3564.835165,"Alkane"
"487","C33",2018-12-10,0.000852589155400671,0.99099669076847,79.16289072,0.63848864,3363,3363.218391,"Alkane"
"488","C32",2018-12-10,0.000473994579215429,0.938912005076015,77.44944659,0.628512255,3259,3259.770115,"Alkane"
"489","C31",2018-12-10,0.000678582807396128,0.984489318739869,75.73600247,0.61853587,3159,3159.139785,"Alkane"
"490","C30",2018-12-10,0.000573342857663987,0.978212108839906,73.94640527,0.5985831,3058,3058.064516,"Alkane"
"491","C29",2018-12-10,0.000469230103525728,0.968529895776861,72.08065501,0.588606715,2955,2955.555556,"Alkane"
"492","C28",2018-12-10,0.000334324908456635,0.963391151367023,70.13875167,0.57863033,2852,2852.525253,"Alkane"
"493","C27",2018-12-10,0.0003548664621213,0.960836462367234,68.15877179,0.568653945,2750,2750.943396,"Alkane"
"494","C26",2018-12-10,0.000498475140712689,0.983498036166917,66.10263884,0.568653945,2649,2649.056604,"Alkane"
"495","C25",2018-12-10,0.00027897697632504,0.967860435186021,63.93227628,0.55867756,2545,2545.614035,"Alkane"
"496","C24",2018-12-10,0.000222699979416045,0.980387239076722,61.72383719,0.548701175,2443,2443.859649,"Alkane"
"497","C23",2018-12-10,0.000228898816687492,0.986384725837287,59.40116849,0.548701175,2341,2341.935484,"Alkane"
"498","C22",2018-12-10,0.000221716005140827,0.989864259757022,56.96427018,0.53872479,2238,2238.709677,"Alkane"
"499","C21",2018-12-10,0.000224987537300498,0.993832755905721,54.4512188,0.51877202,2137,2137.777778,"Alkane"
"500","C20",2018-12-10,0.000249117779759914,0.994542721261674,51.78586128,0.51877202,2034,2034.074074,"Alkane"
"501","C19",2018-12-10,0.000270350035499951,0.996523513895633,49.04435068,0.508795635,1934,1934.228188,"Alkane"
"502","C17",2018-12-10,0.000477709920928319,0.962623550233221,43.06633451,0.488842865,1730,1730.487805,"Alkane"
"503","C16",2018-12-10,0.00168024868364057,0.923251455934289,39.82982895,0.488842865,1626,1626.829268,"Alkane"
"504","C14",2018-12-10,0.0126987728951452,0.893066719681726,32.82374631,0.468890095,1422,1422.95082,"Alkane"
"505","9H-Florenone",2018-12-10,0.000206186179664796,0.942787106553607,44.55131942,1.386717515,1778,1778.04878,"Ketone"
"506","4-terpineol",2018-12-10,0.011832895633926,0.846681494088667,23.87576033,0.77815803,1206,1206.678663,"Alcohol"
"507","4-nitrocatechol",2018-12-10,0.000465207292235688,0.968316789508566,44.28478367,1.566292445,1769,1769.512195,"Cat"
"508","4-hydroxybenzoic acid",2018-12-10,0.000823393583977752,0.999204518345793,40.59135967,0.887898265,1651,1651.219512,"Acid"
"509","4, 4 dimethoxy-benzophenone",2018-12-10,0.000447898022849145,0.937878382721232,58.25887241,1.446575825,2293,2293.548387,"Ketone"
"510","3-5-dimethoxyphenol",2018-12-10,0.000833032720282466,0.942045915321552,36.4029407,0.87792188,1525,1525.68306,"Alcohol"
"511","2-Ketoglutaric acid, tri-TMS",2018-12-10,0.0452208645759017,0.722225961826446,39.90598202,0.7981108,1629,1629.268293,"Acid"
"512","16-OH C16 Acid, TMS",2018-12-10,0.000333677256583956,0.934021609520742,61.4192249,0.688370565,2429,2429.824561,"Acid"
"513","12-OH C18 Acid, TMS",2018-12-10,0.000570297719405216,0.987120725913901,62.29498523,0.69834695,2470,2470.175439,"Acid"
"514","xanthone",2018-12-19,0.000967417618758092,0.962484697936492,48.24474342,1.37674113,1906,1906.040268,"Ketone"
"515","verbenone (-)",2018-12-19,0.155413647362622,0.996052887415471,25.09420948,2.065111695,1237,1237.171543,"Ketone"
"516","vanillin",2018-12-19,0.0035432705967644,0.929157104015899,37.54523678,1.33683559,1558,1558.469945,"Aldehyde"
"517","vanillic acid",2018-12-19,0.000382580213121215,0.980697264043926,44.89400825,0.87792188,1789,1789.02439,"Acid"
"518","tridecanal",2018-12-19,0.0153208976577078,0.982667709515724,36.8217826,0.927803805,1537,1537.704918,"Aldehyde"
"519","triacetin",2018-12-19,0.0142392186902411,0.942929726603775,30.386848,2.11499362,1362,1362.952186,"Misc"
"520","threitol",2018-12-19,0.0120928762046772,0.991341234756724,36.25063456,0.528748405,1521,1521.311475,"Alcohol"
"521","syringol",2018-12-19,0.00577893750171372,0.984505651479863,32.67144016,0.81806357,1418,1418.579235,"Alcohol"
"522","syringic acid",2018-12-19,0.000269172486819132,0.975830281016832,48.77781493,0.87792188,1924,1924.832215,"Acid"
"523","syringaldehyde",2018-12-19,0.00050709146197229,0.982952264089115,42.95210491,1.326859205,1726,1726.829268,"Aldehyde"
"524","stigmasterol",2018-12-19,0.00144967845374451,0.990470193181193,78.85827843,0.85796911,3344,3344.827586,"Misc"
"525","squalene",2018-12-19,0.00121508423453179,0.938876808428994,70.44336395,0.5985831,2868,2868.686869,"Misc"
"526","sinapinaldehyde",2018-12-19,0.000767449771436026,0.951857247349856,51.74778474,1.53636329,2032,2032.592593,"Aldehyde"
"527","retene",2018-12-19,0.000357931850160982,0.975883759735303,57.64964783,1.047520425,2267,2267.741935,"PAH"
"528","resorcinol",2018-12-19,0.00350625986035653,0.996830863705107,31.98606251,0.728276105,1399,1399.138423,"Cat"
"529","quinoline",2018-12-19,0.00264965081122059,0.956106503871592,26.73150054,1.09740235,1278,1278.146352,"PAH"
"530","pyrocatechol",2018-12-19,0.0136031798790514,0.90873412310516,29.35878153,0.67839418,1339,1339.689606,"Cat"
"531","pyrene",2018-12-19,0.000367568175973105,0.98467582163855,55.32697913,1.21711897,2171,2171.851852,"PAH"
"532","pinonic acid",2018-12-19,0.0103409724582934,0.938806474495443,37.27870103,1.466528595,1550,1550.819672,"Acid"
"533","pinic acid 2",2018-12-19,0.00300788246124794,0.964721324440644,42.03826804,0.97768573,1697,1697.560976,"Acid"
"534","pinic acid 1",2018-12-19,0.00207566903702693,0.981440465788114,41.8859619,0.967709345,1692,1692.682927,"Acid"
"535","phthalimide",2018-12-19,0.00705086790534663,0.999388586837754,38.76368594,1.13730789,1593,1593.442623,"Amide"
"536","phthalic acid",2018-12-19,0.000798233641777365,0.90049249142135,42.57133954,1.107378735,1714,1714.634146,"Acid"
"537","perylene",2018-12-19,0.000523802162000325,0.957975888638195,72.30911422,1.45655221,2967,2967.676768,"PAH"
"538","pentadecanone",2018-12-19,0.00131911527958883,0.99461070141305,42.95210491,0.947756575,1726,1726.829268,"Ketone"
"539","palmitoleic Acid",2018-12-19,0.00107134091027882,0.980550439183439,52.35700932,0.708323335,2056,2056.296296,"Acid"
"540","p-anisic acid (4-methozybenzoic acid)",2018-12-19,0.00416997148970674,0.914563512592073,37.05024181,0.967709345,1544,1544.262295,"Acid"
"541","oleic Acid, TMS",2018-12-19,0.000490073754399042,0.975598237715022,57.26888247,0.69834695,2251,2251.612903,"Acid"
"542","octadecanone",2018-12-19,0.000692569256982309,0.969117196791421,51.7097082,0.847992725,2031,2031.111111,"Ketone"
"543","octadecanol",2018-12-19,0.000195541473807257,0.989824985966054,55.8219741,0.548701175,2191,2191.111111,"Alcohol"
"544","octadecanal",2018-12-19,0.00341044692060854,0.947694318849001,52.35700932,0.867945495,2056,2056.296296,"Aldehyde"
"545","monostearin TMS",2018-12-19,0.0123198799964034,0.972102087713562,68.92030251,0.708323335,2788,2788.679245,"Alcohol"
"546","monopalmitin",2018-12-19,0.00147310547751409,0.978630621558079,65.68379694,0.748228875,2628,2628.301887,"Alcohol"
"547","mannosan",2018-12-19,0.0350182886636256,0.97854043753101,42.30480379,0.85796911,1706,1706.097561,"Sugar"
"548","maltol",2018-12-19,0.0500222736338653,0.479093420102499,28.33071505,1.09740235,1316,1316.427025,"Alcohol"
"549","lupeol",2018-12-19,0.00164542953361519,0.987306791831918,81.21902366,1.03754404,3483,3483.516484,"Misc"
"550","linoleic Acid, TMS",2018-12-19,0.00139196215506731,0.955899838564843,57.11657633,0.69834695,2245,2245.16129,"Acid"
"551","levoglucosan",2018-12-19,0.0138534685277835,0.997700851847767,42.95210491,0.847992725,1726,1726.829268,"Sugar"
"552","ketopinic acid",2018-12-19,0.0137128724229896,0.995840090908614,36.55524684,1.326859205,1530,1530.054645,"Acid"
"553","isopimaric acid",2018-12-19,0.000501232376710268,0.973055871893063,60.42923497,0.867945495,2385,2385.483871,"Acid"
"554","isoeugenol",2018-12-19,0.0555044971589412,0.93272688713376,38.68753286,0.77815803,1591,1591.256831,"Alcohol"
"555","ionone",2018-12-19,0.0543547098055531,0.996018496704628,33.73758317,1.33683559,1449,1449.180328,"Ketone"
"556","hydroquinone",2018-12-19,0.00453850777557482,0.917538905272229,32.74759324,0.728276105,1420,1420.765027,"Benz"
"557","homosalate, TMS",2018-12-19,0.00040064047023971,0.983885166356999,52.31893278,0.927803805,2054,2054.814815,"Misc"
"558","hexadecanol, TMS",2018-12-19,0.000370891599984757,0.985590293305228,50.60548866,0.528748405,1989,1989.261745,"Alcohol"
"559","hexadecanamide",2018-12-19,0.00214856699147764,0.944803881481774,56.35504561,1.227095355,2212,2212.903226,"Amide"
"560","gamma dodecalactone",2018-12-19,0.00117415774455742,0.982888957483652,42.4190334,1.89551315,1709,1709.756098,"Sugar"
"561","galactosan",2018-12-19,0.0458000363307475,0.999658601394814,41.61942614,0.83801634,1684,1684.146341,"Sugar"
"562","erythreitol",2018-12-19,0.00641808310112855,0.998206942939177,36.51717031,0.53872479,1528,1528.961749,"Alcohol"
"563","eicosanol, TMS",2018-12-19,0.000643138925743623,0.97270832017811,60.54346457,0.548701175,2390,2390.322581,"Alcohol"
"564","dodecyl benzene",2018-12-19,0.000567952311316814,0.984492084062032,48.66358532,0.61853587,1920,1920.805369,"Benz"
"565","dimethyl Glutaric Acid, TMS",2018-12-19,0.0202076725764871,0.99535102033853,34.00411893,0.89787465,1456,1456.830601,"Acid"
"566","dibenz(ah)anthracene",2018-12-19,0.00146815737521653,0.953484037593742,77.79213542,1.51641052,3280,3280.45977,"PAH"
"567","deoxycholic Acid",2018-12-19,0.00804292411270827,0.951823351608779,78.89635496,0.967709345,3347,3347.126437,"Acid"
"568","cycloisolongifolene",2018-12-19,0.0286961016879024,0.988943239927187,30.04415917,0.648465025,1355,1355.197993,"Sesq"
"569","citronellol",2018-12-19,0.018092312112304,0.958519590316713,29.32070499,0.528748405,1338,1338.828029,"Alcohol"
"570","cis-Vaccenic Acid, TMS",2018-12-19,0.00106904803567811,0.956008148312253,57.45926515,0.688370565,2259,2259.677419,"Acid"
"571","chrysene",2018-12-19,0.000622516126293774,0.964552236273093,63.627664,1.29693005,2531,2531.578947,"PAH"
"572","cholesterol",2018-12-19,0.000795409211007696,0.995952697293082,76.6117628,0.83801634,3209,3209.195402,"Alcohol"
"573","bisabolol",2018-12-19,0.0372685560241156,0.996798541371713,44.3228602,0.55867756,1770,1770.731707,"Alcohol"
"574","beta-sitosterol",2018-12-19,0.00195924914364561,0.991947641587585,79.8863449,0.867945495,3406,3406.593407,"Alcohol"
"575","beta-nocaryophyllonic acid, TMS",2018-12-19,0.00205289776424325,0.93601245271807,50.49125905,1.725914605,1985,1985.234899,"Acid"
"576","beta-nocaryophyllone aldehyde",2018-12-19,0.00727432065407645,0.893957573067137,43.90401831,0.269362395,1757,1757.317073,"Aldehyde"
"577","beta-nocaryophyllinic acid, TMS",2018-12-19,0.000133882452773259,0.883578884585729,54.18468305,1.247048125,2127,2127.407407,"Acid"
"578","beta-caryophyllonic acid, TMS",2018-12-19,0.000643231977272514,0.949778815221259,48.96819761,1.326859205,1931,1931.543624,"Acid"
"579","beta-caryophyllinic acid, TMS",2018-12-19,0.00116853096155992,0.942674397767638,52.47123893,0.927803805,2060,2060.740741,"Acid"
"580","beta-caryophyllene aldehyde",2018-12-19,0.00453126134490667,0.926492716718016,42.60941608,1.965347845,1715,1715.853659,"Aldehyde"
"581","benzophenone",2018-12-19,0.00138738891440871,0.99554054560566,41.01020157,1.17721343,1664,1664.634146,"PAH"
"582","anthraquinone",2018-12-19,0.000893084880913315,0.967204333932418,51.36701938,1.446575825,2017,2017.777778,"PAH"
"583","abietic acid",2018-12-19,0.00076168770395889,0.93671526773509,62.2569087,0.83801634,2468,2468.421053,"Acid"
"584","a-Amyrin",2018-12-19,0.000883324688812031,0.975989411898724,81.14287059,1.05749681,3479,3479.120879,"Sesq"
"585","Me-OH-glutatric acid",2018-12-19,0.00464207909473646,0.947850893777104,39.71559934,0.828039955,1623,1623.170732,"Acid"
"586","MBTCA",2018-12-19,0.000429692976710422,0.955164133959324,44.51324288,0.97768573,1776,1776.829268,"Acid"
"587","FAME18 (Methyl Stearate)",2018-12-19,0.000556032640058392,0.967420095180561,55.06044338,0.71829972,2161,2161.481481,"Acid"
"588","FAME16 (Methyl Palmitate)",2018-12-19,0.000536780642780096,0.979653400710277,49.69165179,0.728276105,1957,1957.04698,"Acid"
"589","DEET",2018-12-19,0.00181621901902196,0.993436789724329,38.99214515,1.785772915,1600,1600,"Amide"
"590","C9 acid",2018-12-19,0.0305790069601456,0.918460074250662,31.22453179,0.688370565,1381,1381.906882,"Acid"
"591","C9 Diacid (azelaic acid)",2018-12-19,0.000398579899706768,0.968613569517551,45.88399818,0.947756575,1822,1822.818792,"Acid"
"592","C28 acid",2018-12-19,0.00206824689454892,0.971406530757335,77.9825181,0.73825249,3291,3291.954023,"Acid"
"593","C26 acid",2018-12-19,0.0017042515972537,0.969051097472935,74.47947678,0.71829972,3088,3088.172043,"Acid"
"594","C24 acid",2018-12-19,0.00116613832139323,0.966714120935611,70.78605278,0.69834695,2886,2886.868687,"Acid"
"595","C22 acid",2018-12-19,0.00095170920931491,0.96715637796534,66.82609303,0.688370565,2684,2684.90566,"Acid"
"596","C18 Acid",2018-12-19,0.000181900890768059,0.98444111810846,57.95426012,0.69834695,2280,2280.645161,"Acid"
"597","C17 acid",2018-12-19,0.00111637987454923,0.962321690443182,55.47928528,0.668417795,2177,2177.777778,"Acid"
"598","C16 Acid",2018-12-19,0.000182803147416003,0.903481917320475,52.92815736,0.688370565,2078,2078.518519,"Acid"
"599","C14 Diacid",2018-12-19,0.000861782664186555,0.92235224265953,58.83002045,0.887898265,2317,2317.741935,"Acid"
"600","C13 acid",2018-12-19,0.000592532174640301,0.978204475485708,44.51324288,0.688370565,1776,1776.829268,"Acid"
"601","C12 diacid",2018-12-19,0.000596613453800401,0.943680308647888,53.99430037,0.907851035,2120,2120,"Acid"
"602","C10 diacid (sebacic acid)",2018-12-19,0.000420307148435303,0.970930557202083,48.70166185,0.93778019,1922,1922.147651,"Acid"
"603","C10 carboxylic acid",2018-12-19,0.0158721035477984,0.556914665605948,34.80372618,0.688370565,1479,1479.781421,"Acid"
"604","C35",2018-12-19,0.000695965826978696,0.908019975078725,82.6278555,0.71829972,3564,3564.835165,"Alkane"
"605","C33",2018-12-19,0.00113653177907547,0.990675597078926,79.16289072,0.63848864,3363,3363.218391,"Alkane"
"606","C32",2018-12-19,0.00105464325844968,0.989307229497719,77.44944659,0.628512255,3259,3259.770115,"Alkane"
"607","C31",2018-12-19,0.00095939572818037,0.983573465304881,75.73600247,0.61853587,3159,3159.139785,"Alkane"
"608","C30",2018-12-19,0.000924430232531555,0.984698241943368,73.94640527,0.5985831,3058,3058.064516,"Alkane"
"609","C29",2018-12-19,0.000880977267648649,0.983003645719493,72.08065501,0.588606715,2955,2955.555556,"Alkane"
"610","C28",2018-12-19,0.000745563361266526,0.982297419679537,70.13875167,0.57863033,2852,2852.525253,"Alkane"
"611","C27",2018-12-19,0.000776095573817203,0.977453465933181,68.15877179,0.568653945,2750,2750.943396,"Alkane"
"612","C26",2018-12-19,0.000767970370354064,0.976545048900795,66.10263884,0.568653945,2649,2649.056604,"Alkane"
"613","C25",2018-12-19,0.000613262089488688,0.97586166159633,63.93227628,0.55867756,2545,2545.614035,"Alkane"
"614","C24",2018-12-19,0.000497890183628896,0.981982858451822,61.72383719,0.548701175,2443,2443.859649,"Alkane"
"615","C23",2018-12-19,0.000471941207596573,0.976786452339144,59.40116849,0.548701175,2341,2341.935484,"Alkane"
"616","C22",2018-12-19,0.000434876505660367,0.979982476090688,56.96427018,0.53872479,2238,2238.709677,"Alkane"
"617","C21",2018-12-19,0.000415693250894463,0.984849561015631,54.4512188,0.51877202,2137,2137.777778,"Alkane"
"618","C20",2018-12-19,0.000478007944608817,0.991700740391014,51.78586128,0.51877202,2034,2034.074074,"Alkane"
"619","C19",2018-12-19,0.000495584623113249,0.989245008033368,49.04435068,0.508795635,1934,1934.228188,"Alkane"
"620","C17",2018-12-19,0.00147713409656185,0.993531981950047,43.06633451,0.488842865,1730,1730.487805,"Alkane"
"621","C16",2018-12-19,0.00586222133811761,0.99266246399022,39.82982895,0.488842865,1626,1626.829268,"Alkane"
"622","9H-Florenone",2018-12-19,0.00028196621582974,0.87809368163207,44.55131942,1.386717515,1778,1778.04878,"Ketone"
"623","4-nitrocatechol",2018-12-19,0.00102625171390038,0.935823880334864,44.28478367,1.566292445,1769,1769.512195,"Cat"
"624","4-hydroxybenzoic acid",2018-12-19,0.00325115998837688,0.999683459634478,40.59135967,0.887898265,1651,1651.219512,"Acid"
"625","4, 4 dimethoxy-benzophenone",2018-12-19,0.00110328200900651,0.948123352117069,58.25887241,1.446575825,2293,2293.548387,"Ketone"
"626","3-5-dimethoxyphenol",2018-12-19,0.00287800759815795,0.955782405616874,36.4029407,0.87792188,1525,1525.68306,"Alcohol"
"627","16-OH C16 Acid, TMS",2018-12-19,0.000940589314002965,0.957593526522249,61.4192249,0.688370565,2429,2429.824561,"Acid"
"628","12-OH C18 Acid, TMS",2018-12-19,0.00106476742506155,0.984454068810746,62.29498523,0.69834695,2470,2470.175439,"Acid"
