"","Compound.Name","File_num","LRI_avg","RI2"
"1","4-methoxy-benzaldehyde","GCxGC_20200803_1001",1269.49402484993,0.8962056104465
"2","4-methoxy-benzaldehyde","GCxGC_20200803_1151",1269.84958035507,0.880705234888813
"3","4-methoxy-benzaldehyde","GCxGC_20200803_1342",1270.33002831631,0.906342785195421
"4","4-methoxy-benzaldehyde","GCxGC_20200803_1535",1270.98084240924,0.893890115972166
"5","4-methoxy-benzaldehyde","GCxGC_20200803_1728",1271.86939168668,0.8839249877661
"6","4-methoxy-benzaldehyde","GCxGC_20200803_2259",1269.61541250141,0.900152527998729
"7","4-methoxy-benzaldehyde","GCxGC_20200804_0048",1269.60857772444,0.889894631431657
"8","4-methoxy-benzaldehyde","GCxGC_20200804_0238",1268.8727923513,0.898685974683767
"9","4-methoxy-benzaldehyde","GCxGC_20200804_0427",1268.86546695706,0.898608394819129
"10","4-methoxy-benzaldehyde","GCxGC_20200804_0616",1268.82784129931,0.908570389801012
"11","4-methoxy-benzaldehyde","GCxGC_20200804_0806",1269.25243140721,0.955573712736797
"12","4-methoxy-benzaldehyde","GCxGC_20200804_0955",1269.03258760171,0.881062960406697
"13","4-methoxy-benzaldehyde","GCxGC_20200804_1145",1269.52796524801,0.896562111227998
"14","4-methoxy-benzaldehyde","GCxGC_20200804_1348",1269.53027862356,0.896586410300489
"15","4-methoxy-benzaldehyde","GCxGC_20200804_1538",1269.4882380649,0.906485816558095
"16","4-methoxy-benzaldehyde","GCxGC_20200804_1728",1271.02815334633,0.884054711518587
"17","4-methoxy-benzaldehyde","GCxGC_20200804_1918",1269.60820844632,0.889890779192966
"18","4-methoxy-benzaldehyde","GCxGC_20200804_2107",1268.76256661408,0.900043978332271
"19","4-methoxy-benzaldehyde","GCxGC_20200805_0234",1268.72616703614,0.899657600223939
"20","4-methoxy-benzaldehyde","GCxGC_20200805_0423",1268.83198094517,0.887892875416497
"21","4-methoxy-benzaldehyde","GCxGC_20200805_0612",1268.84941126509,0.898438356406273
"22","4-methoxy-benzaldehyde","GCxGC_20200805_0801",1268.80605800526,0.897979222069084
"23","4-methoxy-benzaldehyde","GCxGC_20200805_0949",1267.85380647877,0.896960152663738
"24","4-methoxy-benzaldehyde","GCxGC_20200805_1138",1268.6792095344,0.896635828542975
"25","4-methoxy-benzaldehyde","GCxGC_20200805_1335",1268.76258860624,0.897518857755385
"26","4-methoxy-benzaldehyde","GCxGC_20200805_1524",1268.71174044715,0.89698034840427
"27","4-methoxy-benzaldehyde","GCxGC_20200805_1713",1268.79844675174,0.897898614800997
"28","4-methoxy-benzaldehyde","GCxGC_20200805_1902",1268.83094197366,0.898242756677179
"29","4-methoxy-benzaldehyde","GCxGC_20200806_0028",1269.3299174129,0.894481870217579
"30","4-methoxy-benzaldehyde","GCxGC_20200806_0217",1267.84414713794,0.899231886274283
"31","4-methoxy-benzaldehyde","GCxGC_20200806_0406",1267.84726887585,0.899265294843971
"32","4-methoxy-benzaldehyde","GCxGC_20200806_0554",1267.86993696141,0.89950788673953
"33","4-methoxy-benzaldehyde","GCxGC_20200806_0743",1267.84845133851,0.899277949457399
"34","4-methoxy-benzaldehyde","GCxGC_20200806_0932",1268.72490671683,0.886769599618037
"35","4-methoxy-benzaldehyde","GCxGC_20200806_1121",1268.69113419855,0.886415304723507
"36","4-methoxy-benzaldehyde","GCxGC_20200806_1332",1269.42395749789,0.885135022627442
"37","4-methoxy-benzaldehyde","GCxGC_20200806_1522",1269.44334699727,0.885336763355839
"38","chrysene-d","GCxGC_20200803_1001",2520,0.699715925555146
"39","chrysene-d","GCxGC_20200803_1151",2518.91891891892,0.70573391114491
"40","chrysene-d","GCxGC_20200803_1342",2518.91891891892,0.689210089035572
"41","chrysene-d","GCxGC_20200803_1535",2518.91891891892,0.687495754467984
"42","chrysene-d","GCxGC_20200803_1728",2518.91891891892,0.66713999021288
"43","chrysene-d","GCxGC_20200803_2259",2519.64285714286,0.696420578369335
"44","chrysene-d","GCxGC_20200804_0048",2519.64285714286,0.706547871003901
"45","chrysene-d","GCxGC_20200804_0238",2520,0.691386734177396
"46","chrysene-d","GCxGC_20200804_0427",2520,0.691323792023067
"47","chrysene-d","GCxGC_20200804_0616",2520,0.691000500213897
"48","chrysene-d","GCxGC_20200804_0806",2518.91891891892,0.697633151858048
"49","chrysene-d","GCxGC_20200804_0955",2520.72072072072,0.726625394634312
"50","chrysene-d","GCxGC_20200804_1145",2520,0.689663599675546
"51","chrysene-d","GCxGC_20200804_1348",2520,0.689683314017377
"52","chrysene-d","GCxGC_20200804_1538",2520,0.710007026701984
"53","chrysene-d","GCxGC_20200804_1728",2520,0.687892430386652
"54","chrysene-d","GCxGC_20200804_1918",2521.42857142857,0.69635877167272
"55","chrysene-d","GCxGC_20200804_2107",2519.64285714286,0.696332130492961
"56","chrysene-d","GCxGC_20200805_0234",2519.64285714286,0.696017303886173
"57","chrysene-d","GCxGC_20200805_0423",2520,0.701396953916526
"58","chrysene-d","GCxGC_20200805_0612",2520,0.691185836329617
"59","chrysene-d","GCxGC_20200805_0801",2520,0.690813331112653
"60","chrysene-d","GCxGC_20200805_0949",2520,0.689986538953598
"61","chrysene-d","GCxGC_20200805_1138",2520,0.689723408063168
"62","chrysene-d","GCxGC_20200805_1335",2520,0.690439827990218
"63","chrysene-d","GCxGC_20200805_1524",2520,0.69000292417705
"64","chrysene-d","GCxGC_20200805_1713",2520,0.690747932763073
"65","chrysene-d","GCxGC_20200805_1902",2520,0.691027142209786
"66","chrysene-d","GCxGC_20200806_0028",2520,0.687975856968979
"67","chrysene-d","GCxGC_20200806_0217",2519.64285714286,0.69567042585312
"68","chrysene-d","GCxGC_20200806_0406",2519.64285714286,0.695697647650642
"69","chrysene-d","GCxGC_20200806_0554",2521.42857142857,0.695895315121098
"70","chrysene-d","GCxGC_20200806_0743",2519.64285714286,0.69570795881714
"71","chrysene-d","GCxGC_20200806_0932",2519.63636363636,0.690116053020487
"72","chrysene-d","GCxGC_20200806_1121",2520,0.679479056204744
"73","chrysene-d","GCxGC_20200806_1332",2520,0.678442637365072
"74","chrysene-d","GCxGC_20200806_1522",2519.27927927928,0.67860595128806
"75","d-anthraquinone","GCxGC_20200803_1001",2010.76923076923,0.834156236270283
"76","d-anthraquinone","GCxGC_20200803_1151",2010.68702290076,0.839535511654953
"77","d-anthraquinone","GCxGC_20200803_1342",2010.76923076923,0.823625567610717
"78","d-anthraquinone","GCxGC_20200803_1535",2010.68702290076,0.811332371370493
"79","d-anthraquinone","GCxGC_20200803_1728",2010.68702290076,0.801340226793445
"80","d-anthraquinone","GCxGC_20200803_2259",2010.60606060606,0.828846345628441
"81","d-anthraquinone","GCxGC_20200804_0048",2010.52631578947,0.828779044622405
"82","d-anthraquinone","GCxGC_20200804_0238",2010.76923076923,0.826131240506537
"83","d-anthraquinone","GCxGC_20200804_0427",2010.76923076923,0.826058783840507
"84","d-anthraquinone","GCxGC_20200804_0616",2010.76923076923,0.825686622339254
"85","d-anthraquinone","GCxGC_20200804_0806",2010.68702290076,0.831762243514998
"86","d-anthraquinone","GCxGC_20200804_0955",2010.60606060606,0.85017544725222
"87","d-anthraquinone","GCxGC_20200804_1145",2010.68702290076,0.82414763218464
"88","d-anthraquinone","GCxGC_20200804_1348",2010.76923076923,0.8241703266014
"89","d-anthraquinone","GCxGC_20200804_1538",2010.68702290076,0.823757905039733
"90","d-anthraquinone","GCxGC_20200804_1728",2010.76923076923,0.822108728003239
"91","d-anthraquinone","GCxGC_20200804_1918",2010.52631578947,0.828775408397099
"92","d-anthraquinone","GCxGC_20200804_2107",2010.60606060606,0.828744831588513
"93","d-anthraquinone","GCxGC_20200805_0234",2010.60606060606,0.828383496505721
"94","d-anthraquinone","GCxGC_20200805_0423",2010.76923076923,0.82572756824984
"95","d-anthraquinone","GCxGC_20200805_0612",2010.76923076923,0.836262600383276
"96","d-anthraquinone","GCxGC_20200805_0801",2010.76923076923,0.825471160234333
"97","d-anthraquinone","GCxGC_20200805_0949",2010.76923076923,0.824519387865189
"98","d-anthraquinone","GCxGC_20200805_1138",2010.76923076923,0.834562102399033
"99","d-anthraquinone","GCxGC_20200805_1335",2010.76923076923,0.825041197337577
"100","d-anthraquinone","GCxGC_20200805_1524",2010.76923076923,0.824538249924743
"101","d-anthraquinone","GCxGC_20200805_1713",2010.68702290076,0.825395876087724
"102","d-anthraquinone","GCxGC_20200805_1902",2010.76923076923,0.825717291613591
"103","d-anthraquinone","GCxGC_20200806_0028",2010.68702290076,0.832530066242999
"104","d-anthraquinone","GCxGC_20200806_0217",2010.52631578947,0.827985375126876
"105","d-anthraquinone","GCxGC_20200806_0406",2010.60606060606,0.828016618326306
"106","d-anthraquinone","GCxGC_20200806_0554",2010.60606060606,0.838424115254
"107","d-anthraquinone","GCxGC_20200806_0743",2010.60606060606,0.817849953201295
"108","d-anthraquinone","GCxGC_20200806_0932",2010.76923076923,0.824668479639863
"109","d-anthraquinone","GCxGC_20200806_1121",2010.76923076923,0.824334430167878
"110","d-anthraquinone","GCxGC_20200806_1332",2010.76923076923,0.812792687785613
"111","d-anthraquinone","GCxGC_20200806_1522",2010.76923076923,0.812980979132116
"112","d-C10 acid, TMS","GCxGC_20200803_1001",1465.90909090909,0.161954682694599
"113","d-C10 acid, TMS","GCxGC_20200803_1151",1466.29213483146,0.149942647487806
"114","d-C10 acid, TMS","GCxGC_20200803_1342",1465.90909090909,0.161887826933082
"115","d-C10 acid, TMS","GCxGC_20200803_1535",1465.53672316384,0.161190132632319
"116","d-C10 acid, TMS","GCxGC_20200803_1728",1466.29213483146,0.161308329255367
"117","d-C10 acid, TMS","GCxGC_20200803_2259",1466.29213483146,0.16671750933291
"118","d-C10 acid, TMS","GCxGC_20200804_0048",1467.03910614525,0.166693520855511
"119","d-C10 acid, TMS","GCxGC_20200804_0238",1465.90909090909,0.173138632911468
"120","d-C10 acid, TMS","GCxGC_20200804_0427",1465.90909090909,0.162748054893109
"121","d-C10 acid, TMS","GCxGC_20200804_0616",1467.04545454545,0.162616482645191
"122","d-C10 acid, TMS","GCxGC_20200804_0806",1466.66666666667,0.171434407665399
"123","d-C10 acid, TMS","GCxGC_20200804_0955",1466.29213483146,0.160354320135566
"124","d-C10 acid, TMS","GCxGC_20200804_1145",1465.90909090909,0.172417320794415
"125","d-C10 acid, TMS","GCxGC_20200804_1348",1466.66666666667,0.162080418495444
"126","d-C10 acid, TMS","GCxGC_20200804_1538",1465.90909090909,0.161934612892835
"127","d-C10 acid, TMS","GCxGC_20200804_1728",1465.90909090909,0.161351570506196
"128","d-C10 acid, TMS","GCxGC_20200804_1918",1465.9217877095,0.166692224775204
"129","d-C10 acid, TMS","GCxGC_20200804_2107",1465.9217877095,0.166681326110757
"130","d-C10 acid, TMS","GCxGC_20200805_0234",1466.29213483146,0.16655253340798
"131","d-C10 acid, TMS","GCxGC_20200805_0423",1466.28571428571,0.162630958472166
"132","d-C10 acid, TMS","GCxGC_20200805_0612",1465.90909090909,0.162691910134147
"133","d-C10 acid, TMS","GCxGC_20200805_0801",1467.04545454545,0.172898603721576
"134","d-C10 acid, TMS","GCxGC_20200805_0949",1467.04545454545,0.17255250467825
"135","d-C10 acid, TMS","GCxGC_20200805_1138",1465.90909090909,0.172442356863652
"136","d-C10 acid, TMS","GCxGC_20200805_1335",1466.28571428571,0.162388302089042
"137","d-C10 acid, TMS","GCxGC_20200805_1524",1466.28571428571,0.162210492397636
"138","d-C10 acid, TMS","GCxGC_20200805_1713",1464.78255654131,0.162513693566367
"139","d-C10 acid, TMS","GCxGC_20200805_1902",1466.28571428571,0.162627325317936
"140","d-C10 acid, TMS","GCxGC_20200806_0028",1465.90909090909,0.17171082384748
"141","d-C10 acid, TMS","GCxGC_20200806_0217",1465.9217877095,0.166410628758094
"142","d-C10 acid, TMS","GCxGC_20200806_0406",1465.9217877095,0.16642176494799
"143","d-C10 acid, TMS","GCxGC_20200806_0554",1466.29213483146,0.166502628913177
"144","d-C10 acid, TMS","GCxGC_20200806_0743",1465.16853932584,0.176604482684479
"145","d-C10 acid, TMS","GCxGC_20200806_0932",1466.28571428571,0.162256533206012
"146","d-C10 acid, TMS","GCxGC_20200806_1121",1467.04545454545,0.162138434907836
"147","d-C10 acid, TMS","GCxGC_20200806_1332",1465.14285714286,0.172046293472266
"148","d-C10 acid, TMS","GCxGC_20200806_1522",1466.28571428571,0.161778921118613
"149","d-C15 alcohol, TMS","GCxGC_20200803_1001",1869.93006993007,0.0378559343421651
"150","d-C15 alcohol, TMS","GCxGC_20200803_1151",1870.83333333333,0.00584861616929763
"151","d-C15 alcohol, TMS","GCxGC_20200803_1342",1869.93006993007,0.017132696159849
"152","d-C15 alcohol, TMS","GCxGC_20200803_1535",1869.44444444444,0.0167140795793914
"153","d-C15 alcohol, TMS","GCxGC_20200803_1728",1869.44444444444,0.00646190243163808
"154","d-C15 alcohol, TMS","GCxGC_20200803_2259",1868.96551724138,0.0241051445923337
"155","d-C15 alcohol, TMS","GCxGC_20200804_0048",1868.96551724138,0.0139045538323812
"156","d-C15 alcohol, TMS","GCxGC_20200804_0238",1869.01408450704,0.0176642025316897
"157","d-C15 alcohol, TMS","GCxGC_20200804_0427",1869.01408450704,0.0176488329358651
"158","d-C15 alcohol, TMS","GCxGC_20200804_0616",1869.93006993007,0.0175698895871144
"159","d-C15 alcohol, TMS","GCxGC_20200804_0806",1869.93006993007,0.0373053160084495
"160","d-C15 alcohol, TMS","GCxGC_20200804_0955",1869.44444444444,0.0059167543631804
"161","d-C15 alcohol, TMS","GCxGC_20200804_1145",1869.01408450704,0.0172434371300751
"162","d-C15 alcohol, TMS","GCxGC_20200804_1348",1869.93006993007,0.0172482510972666
"163","d-C15 alcohol, TMS","GCxGC_20200804_1538",1869.93006993007,0.0171607677357009
"164","d-C15 alcohol, TMS","GCxGC_20200804_1728",1869.46386946387,0.0168109423037174
"165","d-C15 alcohol, TMS","GCxGC_20200804_1918",1869.44444444444,0.0139037977855354
"166","d-C15 alcohol, TMS","GCxGC_20200804_2107",1868.96551724138,0.0138974402312749
"167","d-C15 alcohol, TMS","GCxGC_20200805_0234",1868.96551724138,0.0240043259715431
"168","d-C15 alcohol, TMS","GCxGC_20200805_0423",1868.53146853147,0.0175785750832994
"169","d-C15 alcohol, TMS","GCxGC_20200805_0612",1869.01408450704,0.017615146080488
"170","d-C15 alcohol, TMS","GCxGC_20200805_0801",1869.93006993007,0.0175241855042525
"171","d-C15 alcohol, TMS","GCxGC_20200805_0949",1869.01408450704,0.0173222943956461
"172","d-C15 alcohol, TMS","GCxGC_20200805_1138",1869.93006993007,0.0172580415037968
"173","d-C15 alcohol, TMS","GCxGC_20200805_1335",1869.93006993007,0.0174329812534253
"174","d-C15 alcohol, TMS","GCxGC_20200805_1524",1869.01408450704,0.0173262954385819
"175","d-C15 alcohol, TMS","GCxGC_20200805_1713",1869.01408450704,0.0278657502417163
"176","d-C15 alcohol, TMS","GCxGC_20200805_1902",1869.01408450704,0.0175763951907618
"177","d-C15 alcohol, TMS","GCxGC_20200806_0028",1869.01408450704,0.0271566145734597
"178","d-C15 alcohol, TMS","GCxGC_20200806_0217",1870.34482758621,0.0239176064632799
"179","d-C15 alcohol, TMS","GCxGC_20200806_0406",1870.34482758621,0.0239244119126606
"180","d-C15 alcohol, TMS","GCxGC_20200806_0554",1868.96551724138,0.013793200199353
"181","d-C15 alcohol, TMS","GCxGC_20200806_0743",1868.96551724138,0.0239269897042849
"182","d-C15 alcohol, TMS","GCxGC_20200806_0932",1869.93006993007,0.0173539199236074
"183","d-C15 alcohol, TMS","GCxGC_20200806_1121",1869.01408450704,0.0172830609447014
"184","d-C15 alcohol, TMS","GCxGC_20200806_1332",1869.23076923077,0.0273616237886069
"185","d-C15 alcohol, TMS","GCxGC_20200806_1522",1868.53146853147,0.0170673526711678
"186","d-C22 acid, TMS","GCxGC_20200803_1001",2648.54368932039,0.141271557969193
"187","d-C22 acid, TMS","GCxGC_20200803_1151",2646.60194174757,0.139650216679341
"188","d-C22 acid, TMS","GCxGC_20200803_1342",2646.60194174757,0.141208522536906
"189","d-C22 acid, TMS","GCxGC_20200803_1535",2646.60194174757,0.140550696481901
"190","d-C22 acid, TMS","GCxGC_20200803_1728",2646.60194174757,0.130339043890621
"191","d-C22 acid, TMS","GCxGC_20200803_2259",2646.15384615385,0.15653091185144
"192","d-C22 acid, TMS","GCxGC_20200804_0048",2648.07692307692,0.14632165858576
"193","d-C22 acid, TMS","GCxGC_20200804_0238",2647.05882352941,0.152408708860831
"194","d-C22 acid, TMS","GCxGC_20200804_0427",2647.05882352941,0.152383824753305
"195","d-C22 acid, TMS","GCxGC_20200804_0616",2647.05882352941,0.152256011712471
"196","d-C22 acid, TMS","GCxGC_20200804_0806",2646.60194174757,0.150799162795099
"197","d-C22 acid, TMS","GCxGC_20200804_0955",2646.60194174757,0.139762644699248
"198","d-C22 acid, TMS","GCxGC_20200804_1145",2646.60194174757,0.151727469639169
"199","d-C22 acid, TMS","GCxGC_20200804_1348",2648.54368932039,0.151735263681289
"200","d-C22 acid, TMS","GCxGC_20200804_1538",2646.60194174757,0.141252635013244
"201","d-C22 acid, TMS","GCxGC_20200804_1728",2646.60194174757,0.151027239920304
"202","d-C22 acid, TMS","GCxGC_20200804_1918",2647.61904761905,0.146320434509915
"203","d-C22 acid, TMS","GCxGC_20200804_2107",2646.15384615385,0.156495733718791
"204","d-C22 acid, TMS","GCxGC_20200805_0234",2646.15384615385,0.156370518591091
"205","d-C22 acid, TMS","GCxGC_20200805_0423",2647.05882352941,0.15227007394439
"206","d-C22 acid, TMS","GCxGC_20200805_0612",2648.54368932039,0.152329284130314
"207","d-C22 acid, TMS","GCxGC_20200805_0801",2647.05882352941,0.152182014625933
"208","d-C22 acid, TMS","GCxGC_20200805_0949",2648.54368932039,0.151855143307237
"209","d-C22 acid, TMS","GCxGC_20200805_1138",2647.05882352941,0.151751114815671
"210","d-C22 acid, TMS","GCxGC_20200805_1335",2648.54368932039,0.141680399112526
"211","d-C22 acid, TMS","GCxGC_20200805_1524",2647.05882352941,0.151861621186275
"212","d-C22 acid, TMS","GCxGC_20200805_1713",2647.05882352941,0.141798625362575
"213","d-C22 acid, TMS","GCxGC_20200805_1902",2647.05882352941,0.152266544594567
"214","d-C22 acid, TMS","GCxGC_20200806_0028",2647.05882352941,0.15106022252262
"215","d-C22 acid, TMS","GCxGC_20200806_0217",2648.07692307692,0.156232555737036
"216","d-C22 acid, TMS","GCxGC_20200806_0406",2648.07692307692,0.146065000228657
"217","d-C22 acid, TMS","GCxGC_20200806_0554",2648.07692307692,0.156322000332255
"218","d-C22 acid, TMS","GCxGC_20200806_0743",2648.07692307692,0.156247483620453
"219","d-C22 acid, TMS","GCxGC_20200806_0932",2647.05882352941,0.151906346542983
"220","d-C22 acid, TMS","GCxGC_20200806_1121",2646.60194174757,0.141444810055959
"221","d-C22 acid, TMS","GCxGC_20200806_1332",2648.54368932039,0.14104243568291
"222","d-C22 acid, TMS","GCxGC_20200806_1522",2646.60194174757,0.141105839911835
"223","d-cholestane","GCxGC_20200803_1001",2912.5,0.265370306321627
"224","d-cholestane","GCxGC_20200803_1151",2911.34020618557,0.252866955572455
"225","d-cholestane","GCxGC_20200803_1342",2912.5,0.265284348913962
"226","d-cholestane","GCxGC_20200803_1535",2911.34020618557,0.254067595309201
"227","d-cholestane","GCxGC_20200803_1728",2912.5,0.254216185349604
"228","d-cholestane","GCxGC_20200803_2259",2913.40206185567,0.258396886666137
"229","d-cholestane","GCxGC_20200804_0048",2912.24489795918,0.268552832204264
"230","d-cholestane","GCxGC_20200804_0238",2912.5,0.266423291139335
"231","d-cholestane","GCxGC_20200804_0427",2912.5,0.26639035629114
"232","d-cholestane","GCxGC_20200804_0616",2912.5,0.266221191972388
"233","d-cholestane","GCxGC_20200804_0806",2912.32638888889,0.264293009581749
"234","d-cholestane","GCxGC_20200804_0955",2913.49282296651,0.253016859598997
"235","d-cholestane","GCxGC_20200804_1145",2912.84210526316,0.265521650993018
"236","d-cholestane","GCxGC_20200804_1348",2912.5,0.265531966637
"237","d-cholestane","GCxGC_20200804_1538",2912.5,0.265344502290788
"238","d-cholestane","GCxGC_20200804_1728",2913.47368421053,0.264594876365109
"239","d-cholestane","GCxGC_20200804_1918",2911.34020618557,0.268551176101649
"240","d-cholestane","GCxGC_20200804_2107",2913.17296678121,0.268537250030412
"241","d-cholestane","GCxGC_20200805_0234",2913.40206185567,0.268372681576863
"242","d-cholestane","GCxGC_20200805_0423",2913.68421052632,0.266239803749927
"243","d-cholestane","GCxGC_20200805_0612",2912.15311004785,0.266318170172474
"244","d-cholestane","GCxGC_20200805_0801",2913.47368421053,0.26612325465197
"245","d-cholestane","GCxGC_20200805_0949",2913.42105263158,0.265690630847813
"246","d-cholestane","GCxGC_20200805_1138",2912.5,0.265552946079565
"247","d-cholestane","GCxGC_20200805_1335",2912.5,0.265927816971626
"248","d-cholestane","GCxGC_20200805_1524",2912.5,0.265699204511247
"249","d-cholestane","GCxGC_20200805_1713",2912.5,0.266089034585329
"250","d-cholestane","GCxGC_20200805_1902",2913.68421052632,0.255874351828263
"251","d-cholestane","GCxGC_20200806_0028",2912.5,0.264638529809349
"252","d-cholestane","GCxGC_20200806_0217",2912.02749140893,0.268191358968676
"253","d-cholestane","GCxGC_20200806_0406",2913.10751104565,0.268205588544654
"254","d-cholestane","GCxGC_20200806_0554",2913.40206185567,0.268308914722392
"255","d-cholestane","GCxGC_20200806_0743",2913.19587628866,0.268210978472596
"256","d-cholestane","GCxGC_20200806_0932",2912.5,0.265758399836301
"257","d-cholestane","GCxGC_20200806_1121",2912.5,0.255259746741279
"258","d-cholestane","GCxGC_20200806_1332",2912.5,0.254723247577214
"259","d-cholestane","GCxGC_20200806_1522",2911.84210526316,0.254807786549113
"260","d-cholesterol","GCxGC_20200803_1001",3204.7619047619,0.234345619233519
"261","d-cholesterol","GCxGC_20200803_1151",3202.35294117647,0.252866955572455
"262","d-cholesterol","GCxGC_20200803_1342",3202.35294117647,0.265284348913962
"263","d-cholesterol","GCxGC_20200803_1535",3200,0.26438731338441
"264","d-cholesterol","GCxGC_20200803_1728",3202.35294117647,0.254216185349604
"265","d-cholesterol","GCxGC_20200803_2259",3202.32558139535,0.268583484147607
"266","d-cholesterol","GCxGC_20200804_0048",3202.32558139535,0.278738763339139
"267","d-cholesterol","GCxGC_20200804_0238",3200,0.266423291139335
"268","d-cholesterol","GCxGC_20200804_0427",3200,0.26639035629114
"269","d-cholesterol","GCxGC_20200804_0616",3202.38095238095,0.266221191972388
"270","d-cholesterol","GCxGC_20200804_0806",3202.35294117647,0.295245876887199
"271","d-cholesterol","GCxGC_20200804_0955",3200,0.263312697317156
"272","d-cholesterol","GCxGC_20200804_1145",3200,0.275866576570641
"273","d-cholesterol","GCxGC_20200804_1348",3200,0.265531966637
"274","d-cholesterol","GCxGC_20200804_1538",3202.35294117647,0.265344502290788
"275","d-cholesterol","GCxGC_20200804_1728",3202.38095238095,0.264594876365109
"276","d-cholesterol","GCxGC_20200804_1918",3200,0.268551176101649
"277","d-cholesterol","GCxGC_20200804_2107",3200,0.268537250030412
"278","d-cholesterol","GCxGC_20200805_0234",3200,0.278554696393751
"279","d-cholesterol","GCxGC_20200805_0423",3202.38095238095,0.28696157280548
"280","d-cholesterol","GCxGC_20200805_0612",3202.38095238095,0.266318170172474
"281","d-cholesterol","GCxGC_20200805_0801",3202.38095238095,0.26612325465197
"282","d-cholesterol","GCxGC_20200805_0949",3202.38095238095,0.27603931153332
"283","d-cholesterol","GCxGC_20200805_1138",3202.38095238095,0.265552946079565
"284","d-cholesterol","GCxGC_20200805_1335",3200,0.286635719948142
"285","d-cholesterol","GCxGC_20200805_1524",3202.38095238095,0.265699204511247
"286","d-cholesterol","GCxGC_20200805_1713",3200,0.266089034585329
"287","d-cholesterol","GCxGC_20200805_1902",3200,0.276595913275002
"288","d-cholesterol","GCxGC_20200806_0028",3202.38095238095,0.27496383047178
"289","d-cholesterol","GCxGC_20200806_0217",3200,0.278369431989734
"290","d-cholesterol","GCxGC_20200806_0406",3202.32558139535,0.27838397090432
"291","d-cholesterol","GCxGC_20200806_0554",3202.35294117647,0.268308914722392
"292","d-cholesterol","GCxGC_20200806_0743",3200,0.268210978472596
"293","d-cholesterol","GCxGC_20200806_0932",3200,0.27610858649933
"294","d-cholesterol","GCxGC_20200806_1121",3200,0.275953371593156
"295","d-cholesterol","GCxGC_20200806_1332",3202.38095238095,0.265057866840332
"296","d-cholesterol","GCxGC_20200806_1522",3200,0.265144327152502
"297","d-pyrene","GCxGC_20200803_1001",2166.15384615385,0.648008113741632
"298","d-pyrene","GCxGC_20200803_1151",2166.41221374046,0.633686895485655
"299","d-pyrene","GCxGC_20200803_1342",2166.15384615385,0.637511828045132
"300","d-pyrene","GCxGC_20200803_1535",2164.88549618321,0.635897164091938
"301","d-pyrene","GCxGC_20200803_1728",2164.88549618321,0.625847609726552
"302","d-pyrene","GCxGC_20200803_2259",2165.15151515152,0.645487590961986
"303","d-pyrene","GCxGC_20200804_0048",2165.41353383459,0.64543228419465
"304","d-pyrene","GCxGC_20200804_0238",2166.15384615385,0.639561924050803
"305","d-pyrene","GCxGC_20200804_0427",2166.15384615385,0.639502641324051
"306","d-pyrene","GCxGC_20200804_0616",2164.61538461538,0.639198145550298
"307","d-pyrene","GCxGC_20200804_0806",2164.88549618321,0.646045039682298
"308","d-pyrene","GCxGC_20200804_0955",2165.15151515152,0.633962855170881
"309","d-pyrene","GCxGC_20200804_1145",2164.88549618321,0.637938971787433
"310","d-pyrene","GCxGC_20200804_1348",2166.15384615385,0.6379575399466
"311","d-pyrene","GCxGC_20200804_1538",2164.88549618321,0.637620104123418
"312","d-pyrene","GCxGC_20200804_1728",2166.15384615385,0.625946446871305
"313","d-pyrene","GCxGC_20200804_1918",2165.41353383459,0.645429296009497
"314","d-pyrene","GCxGC_20200804_2107",2165.15151515152,0.645404168533134
"315","d-pyrene","GCxGC_20200805_0234",2165.15151515152,0.645107229801731
"316","d-pyrene","GCxGC_20200805_0423",2164.61538461538,0.639231646749869
"317","d-pyrene","GCxGC_20200805_0612",2164.61538461538,0.639372706310454
"318","d-pyrene","GCxGC_20200805_0801",2164.61538461538,0.639021858373545
"319","d-pyrene","GCxGC_20200805_0949",2164.61538461538,0.64859181621157
"320","d-pyrene","GCxGC_20200805_1138",2166.15384615385,0.637995302943216
"321","d-pyrene","GCxGC_20200805_1335",2164.61538461538,0.638670070548926
"322","d-pyrene","GCxGC_20200805_1524",2166.15384615385,0.638258568120244
"323","d-pyrene","GCxGC_20200805_1713",2164.88549618321,0.638960262253592
"324","d-pyrene","GCxGC_20200805_1902",2164.61538461538,0.639223238592938
"325","d-pyrene","GCxGC_20200806_0028",2164.88549618321,0.656999954981689
"326","d-pyrene","GCxGC_20200806_0217",2165.41353383459,0.644780060747829
"327","d-pyrene","GCxGC_20200806_0406",2166.66666666667,0.644805735852311
"328","d-pyrene","GCxGC_20200806_0554",2165.15151515152,0.64499217221649
"329","d-pyrene","GCxGC_20200806_0743",2165.15151515152,0.644815461157075
"330","d-pyrene","GCxGC_20200806_0932",2166.15384615385,0.638365119705343
"331","d-pyrene","GCxGC_20200806_1121",2165.64102564103,0.638091806500991
"332","d-pyrene","GCxGC_20200806_1332",2164.61538461538,0.637104160312598
"333","d-pyrene","GCxGC_20200806_1522",2166.15384615385,0.637259788874504
"334","dC16","GCxGC_20200803_1001",1600,-0.0241934398340518
"335","dC16","GCxGC_20200803_1151",1600,-0.025028676256097
"336","dC16","GCxGC_20200803_1342",1600,-0.0242259126325032
"337","dC16","GCxGC_20200803_1535",1600,-0.024564792721445
"338","dC16","GCxGC_20200803_1728",1600,-0.0348304780546895
"339","dC16","GCxGC_20200803_2259",1600,-0.0268278428150149
"340","dC16","GCxGC_20200804_0048",1600,-0.0166532395722447
"341","dC16","GCxGC_20200804_0238",1600,-0.0237956455695846
"342","dC16","GCxGC_20200804_0427",1600,-0.0238080876233473
"343","dC16","GCxGC_20200804_0616",1600,-0.0238719941437645
"344","dC16","GCxGC_20200804_0806",1600,-0.0246004186024504
"345","dC16","GCxGC_20200804_0955",1600,-0.0352665965094557
"346","dC16","GCxGC_20200804_1145",1600,-0.0241362651804154
"347","dC16","GCxGC_20200804_1348",1600,-0.0241323681593556
"348","dC16","GCxGC_20200804_1538",1600,-0.0242031880234803
"349","dC16","GCxGC_20200804_1728",1600,-0.0244863800398478
"350","dC16","GCxGC_20200804_1918",1600,-0.0268397827450427
"351","dC16","GCxGC_20200804_2107",1600,-0.026844929336587
"352","dC16","GCxGC_20200805_0234",1600,-0.0269057481128985
"353","dC16","GCxGC_20200805_0423",1600,-0.0238649630278052
"354","dC16","GCxGC_20200805_0612",1600,-0.0238353579348431
"355","dC16","GCxGC_20200805_0801",1600,-0.0239089926870337
"356","dC16","GCxGC_20200805_0949",1600,-0.0240724283463817
"357","dC16","GCxGC_20200805_1138",1600,-0.0241244425921645
"358","dC16","GCxGC_20200805_1335",1600,-0.0239828246996081
"359","dC16","GCxGC_20200805_1524",1600,-0.0240691894068623
"360","dC16","GCxGC_20200805_1713",1600,-0.0239219202677647
"361","dC16","GCxGC_20200805_1902",1600,-0.0238667277027166
"362","dC16","GCxGC_20200806_0028",1600,-0.0244698887386902
"363","dC16","GCxGC_20200806_0217",1600,-0.0167946856209528
"364","dC16","GCxGC_20200806_0406",1600,-0.0167891175260049
"365","dC16","GCxGC_20200806_0554",1600,-0.0167486855434117
"366","dC16","GCxGC_20200806_0743",1600,-0.0167870084237669
"367","dC16","GCxGC_20200806_0932",1600,-0.0240468267285084
"368","dC16","GCxGC_20200806_1121",1600,-0.0241041887590512
"369","dC16","GCxGC_20200806_1332",1600,-0.0243114725269856
"370","dC16","GCxGC_20200806_1522",1600,-0.024278809742388
"371","dC18","GCxGC_20200803_1001",1800,-0.00351031510864619
"372","dC18","GCxGC_20200803_1151",1800,-0.0147362454476321
"373","dC18","GCxGC_20200803_1342",1800,-0.00354660823632708
"374","dC18","GCxGC_20200803_1535",1800,-0.014245074646236
"375","dC18","GCxGC_20200803_1728",1800,-0.0141842878115257
"376","dC18","GCxGC_20200803_2259",1800,-0.00645464785207545
"377","dC18","GCxGC_20200804_0048",1800,0.00371862269750592
"378","dC18","GCxGC_20200804_0238",1800,-0.00306572151894746
"379","dC18","GCxGC_20200804_0427",1800,-0.00307962734374109
"380","dC18","GCxGC_20200804_0616",1800,-0.00315105227832507
"381","dC18","GCxGC_20200804_0806",1800,-0.0142827961673004
"382","dC18","GCxGC_20200804_0955",1800,0.0265084297994984
"383","dC18","GCxGC_20200804_1145",1800,-0.0137913396027927
"384","dC18","GCxGC_20200804_1348",1800,-0.00344205853104451
"385","dC18","GCxGC_20200804_1538",1800,-0.0035212101438897
"386","dC18","GCxGC_20200804_1728",1800,-0.0141620494539565
"387","dC18","GCxGC_20200804_1918",1800,-0.00646799247975363
"388","dC18","GCxGC_20200804_2107",1800,-0.00647374455265606
"389","dC18","GCxGC_20200805_0234",1800,-0.00654171847912183
"390","dC18","GCxGC_20200805_0423",1800,-0.00314319397225291
"391","dC18","GCxGC_20200805_0612",1800,-0.00311010592717753
"392","dC18","GCxGC_20200805_0801",1800,-0.00319240359139059
"393","dC18","GCxGC_20200805_0949",1800,-0.00337506697536782
"394","dC18","GCxGC_20200805_1138",1800,-0.00343320054418383
"395","dC18","GCxGC_20200805_1335",1800,-0.00327492172309138
"396","dC18","GCxGC_20200805_1524",1800,-0.00337144698414024
"397","dC18","GCxGC_20200805_1713",1800,-0.00320685206397225
"398","dC18","GCxGC_20200805_1902",1800,-0.013505946979347
"399","dC18","GCxGC_20200806_0028",1800,-0.00381928741383022
"400","dC18","GCxGC_20200806_0217",1800,0.00356146042116354
"401","dC18","GCxGC_20200806_0406",1800,-0.00661073516633853
"402","dC18","GCxGC_20200806_0554",1800,-0.00656805696249016
"403","dC18","GCxGC_20200806_0743",1800,0.00356999064025895
"404","dC18","GCxGC_20200806_0932",1800,-0.0136966400654794
"405","dC18","GCxGC_20200806_1121",1800,-0.0034105639071749
"406","dC18","GCxGC_20200806_1332",1800,-0.00364223400074856
"407","dC18","GCxGC_20200806_1522",1800,-0.00360572853561011
"408","dC20","GCxGC_20200803_1001",2000,0.00683124725405665
"409","dC20","GCxGC_20200803_1151",2000,0.0367259085946923
"410","dC20","GCxGC_20200803_1342",2000,0.006793043961761
"411","dC20","GCxGC_20200803_1535",2000,0.00639436150418229
"412","dC20","GCxGC_20200803_1728",2000,-0.00386119268994381
"413","dC20","GCxGC_20200803_2259",2000,0.00373194962939427
"414","dC20","GCxGC_20200804_0048",2000,0.0139045538323812
"415","dC20","GCxGC_20200804_0238",2000,0.0072992405063711
"416","dC20","GCxGC_20200804_0427",2000,0.007284602796062
"417","dC20","GCxGC_20200804_0616",2000,0.00720941865439467
"418","dC20","GCxGC_20200804_0806",2000,0.00635244870299953
"419","dC20","GCxGC_20200804_0955",2000,0.0471001052358165
"420","dC20","GCxGC_20200804_1145",2000,0.0172434371300751
"421","dC20","GCxGC_20200804_1348",2000,0.00690309628311106
"422","dC20","GCxGC_20200804_1538",2000,0.00681977879590556
"423","dC20","GCxGC_20200804_1728",2000,0.00648661171782611
"424","dC20","GCxGC_20200804_1918",2000,0.0037179026528909
"425","dC20","GCxGC_20200804_2107",2000,0.0138974402312749
"426","dC20","GCxGC_20200805_0234",2000,0.0138223111546548
"427","dC20","GCxGC_20200805_0423",2000,0.00721769055552327
"428","dC20","GCxGC_20200805_0612",2000,0.00725252007665522
"429","dC20","GCxGC_20200805_0801",2000,0.00716589095643094
"430","dC20","GCxGC_20200805_0949",2000,0.0173222943956461
"431","dC20","GCxGC_20200805_1138",2000,0.0069124204798065
"432","dC20","GCxGC_20200805_1335",2000,0.00707902976516697
"433","dC20","GCxGC_20200805_1524",2000,0.00697742422722081
"434","dC20","GCxGC_20200805_1713",2000,0.00715068203792393
"435","dC20","GCxGC_20200805_1902",2000,0.00721561446739219
"436","dC20","GCxGC_20200806_0028",2000,0.00650601324859978
"437","dC20","GCxGC_20200806_0217",2000,0.00356146042116354
"438","dC20","GCxGC_20200806_0406",2000,0.0137460295529942
"439","dC20","GCxGC_20200806_0554",2000,0.013793200199353
"440","dC20","GCxGC_20200806_0743",2000,0.00356999064025895
"441","dC20","GCxGC_20200806_0932",2000,0.00700373326057843
"442","dC20","GCxGC_20200806_1121",2000,0.00693624851876326
"443","dC20","GCxGC_20200806_1332",2000,0.00669238526236993
"444","dC20","GCxGC_20200806_1522",2000,0.00673081206777881
"445","dC22","GCxGC_20200803_1001",2200,0.0171728096167595
"446","dC22","GCxGC_20200803_1151",2200,0.00584861616929763
"447","dC22","GCxGC_20200803_1342",2200,0.017132696159849
"448","dC22","GCxGC_20200803_1535",2200,0.0167140795793914
"449","dC22","GCxGC_20200803_1728",2200,0.00646190243163808
"450","dC22","GCxGC_20200803_2259",2200,0.0241051445923337
"451","dC22","GCxGC_20200804_0048",2200,0.0139045538323812
"452","dC22","GCxGC_20200804_0238",2200,0.0176642025316897
"453","dC22","GCxGC_20200804_0427",2200,0.0176488329358651
"454","dC22","GCxGC_20200804_0616",2200,0.0175698895871144
"455","dC22","GCxGC_20200804_0806",2200,0.0166700711381495
"456","dC22","GCxGC_20200804_0955",2199.24242424242,0.0162125920813394
"457","dC22","GCxGC_20200804_1145",2200,0.0172434371300751
"458","dC22","GCxGC_20200804_1348",2200,0.0172482510972666
"459","dC22","GCxGC_20200804_1538",2200,0.0171607677357009
"460","dC22","GCxGC_20200804_1728",2200,0.0168109423037174
"461","dC22","GCxGC_20200804_1918",2200,0.0139037977855354
"462","dC22","GCxGC_20200804_2107",2200,0.0138974402312749
"463","dC22","GCxGC_20200805_0234",2200,0.0240043259715431
"464","dC22","GCxGC_20200805_0423",2200,0.0175785750832994
"465","dC22","GCxGC_20200805_0612",2200,0.017615146080488
"466","dC22","GCxGC_20200805_0801",2200,0.00716589095643094
"467","dC22","GCxGC_20200805_0949",2200,0.0173222943956461
"468","dC22","GCxGC_20200805_1138",2200,0.0172580415037968
"469","dC22","GCxGC_20200805_1335",2200,0.0174329812534253
"470","dC22","GCxGC_20200805_1524",2200.83333333333,0.00697742422722081
"471","dC22","GCxGC_20200805_1713",2200,0.0175082161398201
"472","dC22","GCxGC_20200805_1902",2200,0.0175763951907618
"473","dC22","GCxGC_20200806_0028",2200,0.0168313139110298
"474","dC22","GCxGC_20200806_0217",2200,0.0137395334422217
"475","dC22","GCxGC_20200806_0406",2201.36612021858,0.0239244119126606
"476","dC22","GCxGC_20200806_0554",2200,0.0239738287802745
"477","dC22","GCxGC_20200806_0743",2200,0.0239269897042849
"478","dC22","GCxGC_20200806_0932",2200,0.0173539199236074
"479","dC22","GCxGC_20200806_1121",2200,0.0172830609447014
"480","dC22","GCxGC_20200806_1332",2200,0.0170270045254884
"481","dC22","GCxGC_20200806_1522",2201.52777777778,0.0170673526711678
"482","dC24","GCxGC_20200803_1001",2400,0.0378559343421651
"483","dC24","GCxGC_20200803_1151",2400,0.0264334777862274
"484","dC24","GCxGC_20200803_1342",2400.9009009009,0.0274723483579371
"485","dC24","GCxGC_20200803_1535",2400,0.0270337976546005
"486","dC24","GCxGC_20200803_1728",2400,0.0271080926748019
"487","dC24","GCxGC_20200803_2259",2400,0.0342917420738034
"488","dC24","GCxGC_20200804_0048",2400,0.0342764161021318
"489","dC24","GCxGC_20200804_0238",2400,0.0280291645570082
"490","dC24","GCxGC_20200804_0427",2400,0.0280130630756682
"491","dC24","GCxGC_20200804_0616",2400,0.0279303605198341
"492","dC24","GCxGC_20200804_0806",2400,0.0373053160084495
"493","dC24","GCxGC_20200804_0955",2400,0.0265084297994984
"494","dC24","GCxGC_20200804_1145",2400,0.0275883627076978
"495","dC24","GCxGC_20200804_1348",2400,0.0275934059114221
"496","dC24","GCxGC_20200804_1538",2400,0.0275017566754961
"497","dC24","GCxGC_20200804_1728",2400,0.0271352728896087
"498","dC24","GCxGC_20200804_1918",2400,0.02408969291818
"499","dC24","GCxGC_20200804_2107",2400,0.0342686250152058
"500","dC24","GCxGC_20200805_0234",2400,0.0341863407884315
"501","dC24","GCxGC_20200805_0423",2400,0.0279394596110756
"502","dC24","GCxGC_20200805_0612",2400,0.0279777720843208
"503","dC24","GCxGC_20200805_0801",2400,0.0278824800520741
"504","dC24","GCxGC_20200805_0949",2400.90909090909,0.0276709750811531
"505","dC24","GCxGC_20200805_1138",2400,0.0276036625277871
"506","dC24","GCxGC_20200805_1335",2401.36363636364,0.0174329812534253
"507","dC24","GCxGC_20200805_1524",2400,0.0276751666499429
"508","dC24","GCxGC_20200805_1713",2400,0.0278657502417163
"509","dC24","GCxGC_20200805_1902",2400,0.0279371759141314
"510","dC24","GCxGC_20200806_0028",2400,0.0271566145734597
"511","dC24","GCxGC_20200806_0217",2400,0.0340956794843381
"512","dC24","GCxGC_20200806_0406",2400,0.034102794272327
"513","dC24","GCxGC_20200806_0554",2400.89285714286,0.0341544573611961
"514","dC24","GCxGC_20200806_0743",2400,0.0341054892362978
"515","dC24","GCxGC_20200806_0932",2400,0.0277041065866363
"516","dC24","GCxGC_20200806_1121",2400,0.0276298733706396
"517","dC24","GCxGC_20200806_1332",2400,0.0273616237886069
"518","dC24","GCxGC_20200806_1522",2401.638001638,0.0274038932745567
"519","dC26","GCxGC_20200803_1001",2600,0.048197496704868
"520","dC26","GCxGC_20200803_1151",2600,0.0367259085946923
"521","dC26","GCxGC_20200803_1342",2600,0.0481516527541132
"522","dC26","GCxGC_20200803_1535",2600,0.0373535157298096
"523","dC26","GCxGC_20200803_1728",2600,0.0374311877963838
"524","dC26","GCxGC_20200803_2259",2600,0.0444783395552731
"525","dC26","GCxGC_20200804_0048",2600,0.0444623472370071
"526","dC26","GCxGC_20200804_0238",2600,0.0383941265823267
"527","dC26","GCxGC_20200804_0427",2600,0.0383772932154713
"528","dC26","GCxGC_20200804_0616",2600,0.0382908314525539
"529","dC26","GCxGC_20200804_0806",2600,0.0373053160084495
"530","dC26","GCxGC_20200804_0955",2600,0.0265084297994984
"531","dC26","GCxGC_20200804_1145",2600,0.048278213862943
"532","dC26","GCxGC_20200804_1348",2600,0.0379385607255777
"533","dC26","GCxGC_20200804_1538",2600,0.0378427456152914
"534","dC26","GCxGC_20200804_1728",2600,0.0374596034755
"535","dC26","GCxGC_20200804_1918",2600,0.0342755880508245
"536","dC26","GCxGC_20200804_2107",2600,0.0444542174071713
"537","dC26","GCxGC_20200805_0234",2600,0.0443683556053198
"538","dC26","GCxGC_20200805_0423",2600,0.0383003441388517
"539","dC26","GCxGC_20200805_0612",2600,0.0487030240919863
"540","dC26","GCxGC_20200805_0801",2600,0.0485990691477171
"541","dC26","GCxGC_20200805_0949",2600,0.03801965576666
"542","dC26","GCxGC_20200805_1138",2600,0.0379492835517775
"543","dC26","GCxGC_20200805_1335",2600,0.038140884229942
"544","dC26","GCxGC_20200805_1524",2600,0.0380240378613039
"545","dC26","GCxGC_20200805_1713",2600,0.0382232843436125
"546","dC26","GCxGC_20200805_1902",2600,0.038297956637501
"547","dC26","GCxGC_20200806_0028",2600,0.0478072158983197
"548","dC26","GCxGC_20200806_0217",2600,0.0442737525053963
"549","dC26","GCxGC_20200806_0406",2600,0.0442811766319934
"550","dC26","GCxGC_20200806_0554",2600,0.0443350859421177
"551","dC26","GCxGC_20200806_0743",2600,0.0442839887683107
"552","dC26","GCxGC_20200806_0932",2600,0.0380542932496652
"553","dC26","GCxGC_20200806_1121",2600,0.0379766857965778
"554","dC26","GCxGC_20200806_1332",2600,0.0376962430517254
"555","dC26","GCxGC_20200806_1522",2600,0.0377404338779457
"556","dC28","GCxGC_20200803_1001",2800,0.0585390590675708
"557","dC28","GCxGC_20200803_1151",2800,0.0676032010200869
"558","dC28","GCxGC_20200803_1342",2800,0.0584913049522012
"559","dC28","GCxGC_20200803_1535",2800,0.0476732338050188
"560","dC28","GCxGC_20200803_1728",2800,0.0477542829179657
"561","dC28","GCxGC_20200803_2259",2800,0.0546649370367428
"562","dC28","GCxGC_20200804_0048",2800,0.0546482783718824
"563","dC28","GCxGC_20200804_0238",2800,0.0591240506329639
"564","dC28","GCxGC_20200804_0427",2800,0.0591057534950775
"565","dC28","GCxGC_20200804_0616",2800,0.0590117733179933
"566","dC28","GCxGC_20200804_0806",2800,0.0579405608787494
"567","dC28","GCxGC_20200804_0955",2800,0.0471001052358165
"568","dC28","GCxGC_20200804_1145",2800,0.0586231394405656
"569","dC28","GCxGC_20200804_1348",2800,0.0482837155397333
"570","dC28","GCxGC_20200804_1538",2800,0.0481837345550867
"571","dC28","GCxGC_20200804_1728",2800,0.0477839340613913
"572","dC28","GCxGC_20200804_1918",2800,0.0546473783161137
"573","dC28","GCxGC_20200804_2107",2800,0.0546398097991367
"574","dC28","GCxGC_20200805_0234",2800,0.0545503704222081
"575","dC28","GCxGC_20200805_0423",2800,0.0590221131944041
"576","dC28","GCxGC_20200805_0612",2800,0.059065650095819
"577","dC28","GCxGC_20200805_0801",2800,0.0589573636955387
"578","dC28","GCxGC_20200805_0949",2800,0.0587170171376739
"579","dC28","GCxGC_20200805_1138",2800,0.0586405255997581
"580","dC28","GCxGC_20200805_1335",2800,0.0588487872064588
"581","dC28","GCxGC_20200805_1524",2800,0.048372909072665
"582","dC28","GCxGC_20200805_1713",2800,0.0589383525474049
"583","dC28","GCxGC_20200805_1902",2800,0.0486587373608706
"584","dC28","GCxGC_20200806_0028",2800,0.0581325165607497
"585","dC28","GCxGC_20200806_0217",2800,0.0544518255264544
"586","dC28","GCxGC_20200806_0406",2800,0.0646379413513262
"587","dC28","GCxGC_20200806_0554",2800,0.0545157145230393
"588","dC28","GCxGC_20200806_0743",2800,0.0544624883003237
"589","dC28","GCxGC_20200806_0932",2800,0.058754666575723
"590","dC28","GCxGC_20200806_1121",2800,0.0586703106484541
"591","dC28","GCxGC_20200806_1332",2800,0.0583654815779624
"592","dC28","GCxGC_20200806_1522",2800,0.0584135150847235
"593","dC30","GCxGC_20200803_1001",3000,0.0688806214302736
"594","dC30","GCxGC_20200803_1151",3000,0.0573107702116221
"595","dC30","GCxGC_20200803_1342",3000,0.0688309571502893
"596","dC30","GCxGC_20200803_1535",3000,0.068312669955437
"597","dC30","GCxGC_20200803_1728",3000,0.0580773780395476
"598","dC30","GCxGC_20200803_2259",3000,0.0750381319996822
"599","dC30","GCxGC_20200804_0048",3000,0.0648342095067577
"600","dC30","GCxGC_20200804_0238",3000,0.0694890126582824
"601","dC30","GCxGC_20200804_0427",3000,0.0694699836348806
"602","dC30","GCxGC_20200804_0616",3000,0.0693722442507131
"603","dC30","GCxGC_20200804_0806",3000,0.0785758057490494
"604","dC30","GCxGC_20200804_0955",3000,0.0676917806721345
"605","dC30","GCxGC_20200804_1145",3000,0.0689680650181883
"606","dC30","GCxGC_20200804_1348",3000,0.0689740251680444
"607","dC30","GCxGC_20200804_1538",3000,0.0688657124346773
"608","dC30","GCxGC_20200804_1728",3000,0.068432595233174
"609","dC30","GCxGC_20200804_1918",3000,0.0648332734487582
"610","dC30","GCxGC_20200804_2107",3000,0.0750109945830677
"611","dC30","GCxGC_20200805_0234",3000,0.0749144000559848
"612","dC30","GCxGC_20200805_0423",3000,0.0693829977221803
"613","dC30","GCxGC_20200805_0612",3000,0.0694282760996518
"614","dC30","GCxGC_20200805_0801",3000,0.0693156582433602
"615","dC30","GCxGC_20200805_0949",3000,0.0690656978231809
"616","dC30","GCxGC_20200805_1138",3000,0.0689861466237485
"617","dC30","GCxGC_20200805_1335",3000,0.0588487872064588
"618","dC30","GCxGC_20200805_1524",3000,0.069070651495387
"619","dC30","GCxGC_20200805_1713",3000,0.0589383525474049
"620","dC30","GCxGC_20200805_1902",3000,0.0693802988076098
"621","dC30","GCxGC_20200806_0028",3000,0.0684578172231797
"622","dC30","GCxGC_20200806_0217",3000,0.0748079715685708
"623","dC30","GCxGC_20200806_0406",3000,0.0748163237109926
"624","dC30","GCxGC_20200806_0554",3000,0.0748769716848824
"625","dC30","GCxGC_20200806_0743",3000,0.0748194873643496
"626","dC30","GCxGC_20200806_0932",3000,0.0691048532387519
"627","dC30","GCxGC_20200806_1121",3000,0.0690171230743922
"628","dC30","GCxGC_20200806_1332",3000,0.0687001008410809
"629","dC30","GCxGC_20200806_1522",3000,0.0687500556881125
"630","dC32","GCxGC_20200803_1001",3200,0.0792221837929765
"631","dC32","GCxGC_20200803_1151",3200,0.119065355062411
"632","dC32","GCxGC_20200803_1342",3200,0.0791706093483773
"633","dC32","GCxGC_20200803_1535",3200,0.0889521061058552
"634","dC32","GCxGC_20200803_1728",3200,0.0787235682827114
"635","dC32","GCxGC_20200803_2259",3200,0.0954113269626217
"636","dC32","GCxGC_20200804_0048",3200,0.0852060717765083
"637","dC32","GCxGC_20200804_0238",3200,0.0902189367089195
"638","dC32","GCxGC_20200804_0427",3200,0.0901984439144868
"639","dC32","GCxGC_20200804_0616",3200,0.0900931861161525
"640","dC32","GCxGC_20200804_0806",3200,0.0888934281841993
"641","dC32","GCxGC_20200804_0955",3200,0.0779876183902936
"642","dC32","GCxGC_20200804_1145",3200,0.0896579161734335
"643","dC32","GCxGC_20200804_1348",3200,0.0896643347963555
"644","dC32","GCxGC_20200804_1538",3200,0.0792067013744726
"645","dC32","GCxGC_20200804_1728",3200,0.0890812564049566
"646","dC32","GCxGC_20200804_1918",3200,0.0852050637140473
"647","dC32","GCxGC_20200804_2107",3200,0.0953821793669986
"648","dC32","GCxGC_20200805_0234",3200,0.0952784296897614
"649","dC32","GCxGC_20200805_0423",3200,0.0901047667777325
"650","dC32","GCxGC_20200805_0612",3200,0.0901535281073174
"651","dC32","GCxGC_20200805_0801",3200,0.0796739527911818
"652","dC32","GCxGC_20200805_0949",3200,0.0897630591941948
"653","dC32","GCxGC_20200805_1138",3200,0.0896773886717291
"654","dC32","GCxGC_20200805_1335",3200,0.100264593159492
"655","dC32","GCxGC_20200805_1524",3200,0.0897683939181091
"656","dC32","GCxGC_20200805_1713",3200,0.0900109548530935
"657","dC32","GCxGC_20200805_1902",3200,0.0901018602543491
"658","dC32","GCxGC_20200806_0028",3200,0.0994337192104697
"659","dC32","GCxGC_20200806_0217",3200,0.0951641176106872
"660","dC32","GCxGC_20200806_0406",3200,0.0951730884303254
"661","dC32","GCxGC_20200806_0554",3200,0.105418857427647
"662","dC32","GCxGC_20200806_0743",3200,0.0849979868963626
"663","dC32","GCxGC_20200806_0932",3200,0.0898052265648098
"664","dC32","GCxGC_20200806_1121",3200,0.0897107479262685
"665","dC32","GCxGC_20200806_1332",3200,0.0893693393673179
"666","dC32","GCxGC_20200806_1522",3200,0.0790865962915014
"667","dC34","GCxGC_20200803_1001",3400,0.110246870881085
"668","dC34","GCxGC_20200803_1151",3400,0.119065355062411
"669","dC34","GCxGC_20200803_1342",3400,0.110189565942641
"670","dC34","GCxGC_20200803_1535",3400,0.109591542256273
"671","dC34","GCxGC_20200803_1728",3400,0.0993697585258752
"672","dC34","GCxGC_20200803_2259",3400,0.105597924444091
"673","dC34","GCxGC_20200804_0048",3400,0.115763865181134
"674","dC34","GCxGC_20200804_0238",3400,0.110948860759557
"675","dC34","GCxGC_20200804_0427",3400,0.110926904194093
"676","dC34","GCxGC_20200804_0616",3400,0.110814127981592
"677","dC34","GCxGC_20200804_0806",3400,0.150799162795099
"678","dC34","GCxGC_20200804_0955",3400,0.0985792938266116
"679","dC34","GCxGC_20200804_1145",3400,0.110347767328679
"680","dC34","GCxGC_20200804_1348",3400,0.110354644424667
"681","dC34","GCxGC_20200804_1538",3400,0.110229668193858
"682","dC34","GCxGC_20200804_1728",3400,0.109729917576739
"683","dC34","GCxGC_20200804_1918",3400,0.105576853979336
"684","dC34","GCxGC_20200804_2107",3400,0.105567771758964
"685","dC34","GCxGC_20200805_0234",3400,0.115642459323538
"686","dC34","GCxGC_20200805_0423",3400,0.110826535833285
"687","dC34","GCxGC_20200805_0612",3400,0.110878780114983
"688","dC34","GCxGC_20200805_0801",3400,0.110748836434646
"689","dC34","GCxGC_20200805_0949",3400,0.120809101250716
"690","dC34","GCxGC_20200805_1138",3400,0.11036863071971
"691","dC34","GCxGC_20200805_1335",3400,0.11061854464775
"692","dC34","GCxGC_20200805_1524",3400,0.110466136340831
"693","dC34","GCxGC_20200805_1713",3400,0.10036848895499
"694","dC34","GCxGC_20200805_1902",3400,0.100462640977719
"695","dC34","GCxGC_20200806_0028",3400,0.12008432053533
"696","dC34","GCxGC_20200806_0217",3400,0.115520263652803
"697","dC34","GCxGC_20200806_0406",3400,0.115529853149658
"698","dC34","GCxGC_20200806_0554",3400,0.115599486008569
"699","dC34","GCxGC_20200806_0743",3400,0.115533485492401
"700","dC34","GCxGC_20200806_0932",3400,0.110505599890868
"701","dC34","GCxGC_20200806_1121",3400,0.100057560352207
"702","dC34","GCxGC_20200806_1332",3400,0.110038577893555
"703","dC34","GCxGC_20200806_1522",3400,0.0997596774982793
"704","dC36","GCxGC_20200803_1001",3600,0.182637807420005
"705","dC36","GCxGC_20200803_1151",3600,0.170527509104736
"706","dC36","GCxGC_20200803_1342",3600,0.182567131329258
"707","dC36","GCxGC_20200803_1535",3600,0.181829568782737
"708","dC36","GCxGC_20200803_1728",3600,0.18195451949853
"709","dC36","GCxGC_20200803_2259",3600,0.176904106814379
"710","dC36","GCxGC_20200804_0048",3600,0.187065383125261
"711","dC36","GCxGC_20200804_0238",3600,0.183503594936787
"712","dC36","GCxGC_20200804_0427",3600,0.183476515172715
"713","dC36","GCxGC_20200804_0616",3600,0.18333742451063
"714","dC36","GCxGC_20200804_0806",3600,0.181752030100549
"715","dC36","GCxGC_20200804_0955",3600,0.170650157853725
"716","dC36","GCxGC_20200804_1145",3600,0.182762246372037
"717","dC36","GCxGC_20200804_1348",3600,0.182770728123755
"718","dC36","GCxGC_20200804_1538",3600,0.182616590772425
"719","dC36","GCxGC_20200804_1728",3600,0.182000231677978
"720","dC36","GCxGC_20200804_1918",3600,0.187064015040493
"721","dC36","GCxGC_20200804_2107",3600,0.187052510894688
"722","dC36","GCxGC_20200805_0234",3600,0.186916563041756
"723","dC36","GCxGC_20200805_0423",3600,0.183352727527718
"724","dC36","GCxGC_20200805_0612",3600,0.183417162141812
"725","dC36","GCxGC_20200805_0801",3600,0.183256898269397
"726","dC36","GCxGC_20200805_0949",3600,0.182901185363757
"727","dC36","GCxGC_20200805_1138",3600,0.182787977887642
"728","dC36","GCxGC_20200805_1335",3600,0.183096205065559
"729","dC36","GCxGC_20200805_1524",3600,0.182908234820359
"730","dC36","GCxGC_20200805_1713",3600,0.172871227668263
"731","dC36","GCxGC_20200805_1902",3600,0.183348886764676
"732","dC36","GCxGC_20200806_0028",3600,0.18203612450991
"733","dC36","GCxGC_20200806_0217",3600,0.186766774800211
"734","dC36","GCxGC_20200806_0406",3600,0.186778529667323
"735","dC36","GCxGC_20200806_0554",3600,0.18686388607502
"736","dC36","GCxGC_20200806_0743",3600,0.186782982216492
"737","dC36","GCxGC_20200806_0932",3600,0.172606719869041
"738","dC36","GCxGC_20200806_1121",3600,0.172485247333774
"739","dC36","GCxGC_20200806_1332",3600,0.172046293472266
"740","dC36","GCxGC_20200806_1522",3600,0.182452002325391
"741","dibenzanthracene-d","GCxGC_20200803_1001",3266.66666666667,0.875522485721095
"742","dibenzanthracene-d","GCxGC_20200803_1151",3265.88235294118,0.860120373271883
"743","dibenzanthracene-d","GCxGC_20200803_1342",3265.88235294118,0.875323828601157
"744","dibenzanthracene-d","GCxGC_20200803_1535",3265.88235294118,0.85261124367133
"745","dibenzanthracene-d","GCxGC_20200803_1728",3265.88235294118,0.852955702401354
"746","dibenzanthracene-d","GCxGC_20200803_2259",3265.11627906977,0.86959273555432
"747","dibenzanthracene-d","GCxGC_20200804_0048",3267.44186046512,0.879708700296781
"748","dibenzanthracene-d","GCxGC_20200804_0238",3266.66666666667,0.867591088607811
"749","dibenzanthracene-d","GCxGC_20200804_0427",3266.66666666667,0.888244164679326
"750","dibenzanthracene-d","GCxGC_20200804_0616",3266.66666666667,0.877488977002852
"751","dibenzanthracene-d","GCxGC_20200804_0806",3265.88235294118,0.883350355690748
"752","dibenzanthracene-d","GCxGC_20200804_0955",3266.66666666667,0.870767122688538
"753","dibenzanthracene-d","GCxGC_20200804_1145",3266.66666666667,0.865527334495131
"754","dibenzanthracene-d","GCxGC_20200804_1348",3264.28571428571,0.875896100672177
"755","dibenzanthracene-d","GCxGC_20200804_1538",3265.88235294118,0.865121860798914
"756","dibenzanthracene-d","GCxGC_20200804_1728",3266.66666666667,0.873730380932696
"757","dibenzanthracene-d","GCxGC_20200804_1918",3265.88235294118,0.869518988927677
"758","dibenzanthracene-d","GCxGC_20200804_2107",3265.88235294118,0.87967279354834
"759","dibenzanthracene-d","GCxGC_20200805_0234",3265.88235294118,0.879293570590163
"760","dibenzanthracene-d","GCxGC_20200805_0423",3266.66666666667,0.887892875416497
"761","dibenzanthracene-d","GCxGC_20200805_0612",3266.66666666667,0.877713104398607
"762","dibenzanthracene-d","GCxGC_20200805_0801",3266.66666666667,0.877262632973441
"763","dibenzanthracene-d","GCxGC_20200805_0949",3266.66666666667,0.876262791292724
"764","dibenzanthracene-d","GCxGC_20200805_1138",3266.66666666667,0.865598965471003
"765","dibenzanthracene-d","GCxGC_20200805_1335",3266.66666666667,0.86645700329061
"766","dibenzanthracene-d","GCxGC_20200805_1524",3266.66666666667,0.865933734770187
"767","dibenzanthracene-d","GCxGC_20200805_1713",3266.66666666667,0.866826012495308
"768","dibenzanthracene-d","GCxGC_20200805_1902",3267.46987951807,0.86716041450707
"769","dibenzanthracene-d","GCxGC_20200806_0028",3266.66666666667,0.894481870217579
"770","dibenzanthracene-d","GCxGC_20200806_0217",3265.88235294118,0.878875740232167
"771","dibenzanthracene-d","GCxGC_20200806_0406",3267.44186046512,0.878908530124638
"772","dibenzanthracene-d","GCxGC_20200806_0554",3265.88235294118,0.879146629577687
"773","dibenzanthracene-d","GCxGC_20200806_0743",3265.88235294118,0.878920950393373
"774","dibenzanthracene-d","GCxGC_20200806_0932",3266.66666666667,0.866069226291979
"775","dibenzanthracene-d","GCxGC_20200806_1121",3266.66666666667,0.865721679871631
"776","dibenzanthracene-d","GCxGC_20200806_1332",3266.66666666667,0.874800403364324
"777","dibenzanthracene-d","GCxGC_20200806_1522",3266.66666666667,0.854327141545672
"778","pentaerythritol-C13","GCxGC_20200803_1001",1526.13636363636,-0.013851877471349
"779","pentaerythritol-C13","GCxGC_20200803_1151",1525.84269662921,-0.025028676256097
"780","pentaerythritol-C13","GCxGC_20200803_1342",1526.13636363636,-0.0138862604344151
"781","pentaerythritol-C13","GCxGC_20200803_1535",1525.42372881356,-0.014245074646236
"782","pentaerythritol-C13","GCxGC_20200803_1728",1525.84269662921,-0.0245073829331076
"783","pentaerythritol-C13","GCxGC_20200803_2259",1526.96629213483,-0.0166412453335452
"784","pentaerythritol-C13","GCxGC_20200804_0048",1526.25698324022,-0.0166532395722447
"785","pentaerythritol-C13","GCxGC_20200804_0238",1526.13636363636,-0.0237956455695846
"786","pentaerythritol-C13","GCxGC_20200804_0427",1526.13636363636,-0.0238080876233473
"787","pentaerythritol-C13","GCxGC_20200804_0616",1526.13636363636,-0.0238719941437645
"788","pentaerythritol-C13","GCxGC_20200804_0806",1525.42372881356,-0.0142827961673004
"789","pentaerythritol-C13","GCxGC_20200804_0955",1525.84269662921,-0.0249707587912966
"790","pentaerythritol-C13","GCxGC_20200804_1145",1526.13636363636,-0.0241362651804154
"791","pentaerythritol-C13","GCxGC_20200804_1348",1526.55367231638,-0.0137872133452001
"792","pentaerythritol-C13","GCxGC_20200804_1538",1526.13636363636,-0.013862199083685
"793","pentaerythritol-C13","GCxGC_20200804_1728",1526.13636363636,-0.0244863800398478
"794","pentaerythritol-C13","GCxGC_20200804_1918",1526.25698324022,-0.0166538876123982
"795","pentaerythritol-C13","GCxGC_20200804_2107",1526.25698324022,-0.0166593369446215
"796","pentaerythritol-C13","GCxGC_20200805_0234",1526.96629213483,-0.0167237332960102
"797","pentaerythritol-C13","GCxGC_20200805_0423",1525.71428571429,-0.0135040785000291
"798","pentaerythritol-C13","GCxGC_20200805_0612",1526.13636363636,-0.0134727319310103
"799","pentaerythritol-C13","GCxGC_20200805_0801",1526.13636363636,-0.0239089926870337
"800","pentaerythritol-C13","GCxGC_20200805_0949",1526.13636363636,-0.0137237476608748
"801","pentaerythritol-C13","GCxGC_20200805_1138",1526.13636363636,-0.0137788215681741
"802","pentaerythritol-C13","GCxGC_20200805_1335",1525.71428571429,-0.0239828246996081
"803","pentaerythritol-C13","GCxGC_20200805_1524",1525.71428571429,-0.0240691894068623
"804","pentaerythritol-C13","GCxGC_20200805_1713",1524.87919807851,-0.0135643861658684
"805","pentaerythritol-C13","GCxGC_20200805_1902",1526.85714285714,-0.013505946979347
"806","pentaerythritol-C13","GCxGC_20200806_0028",1526.13636363636,-0.0141445880762602
"807","pentaerythritol-C13","GCxGC_20200806_0217",1526.25698324022,-0.0167946856209528
"808","pentaerythritol-C13","GCxGC_20200806_0406",1526.25698324022,-0.00661073516633853
"809","pentaerythritol-C13","GCxGC_20200806_0554",1525.84269662921,-0.0167486855434117
"810","pentaerythritol-C13","GCxGC_20200806_0743",1525.84269662921,-0.0167870084237669
"811","pentaerythritol-C13","GCxGC_20200806_0932",1525.71428571429,-0.0240468267285084
"812","pentaerythritol-C13","GCxGC_20200806_1121",1526.13636363636,-0.0241041887590512
"813","pentaerythritol-C13","GCxGC_20200806_1332",1525.71428571429,-0.0139768532638671
"814","pentaerythritol-C13","GCxGC_20200806_1522",1525.71428571429,-0.024278809742388
"815","perylene-d","GCxGC_20200803_1001",2954.16666666667,0.813473111544878
"816","perylene-d","GCxGC_20200803_1151",2954.63917525773,0.808658219229559
"817","perylene-d","GCxGC_20200803_1342",2954.16666666667,0.813285915412629
"818","perylene-d","GCxGC_20200803_1535",2954.63917525773,0.801012653295284
"819","perylene-d","GCxGC_20200803_1728",2956.25,0.791017131671863
"820","perylene-d","GCxGC_20200803_2259",2956.70103092783,0.818659748146971
"821","perylene-d","GCxGC_20200804_0048",2955.10204081633,0.81859311348753
"822","perylene-d","GCxGC_20200804_0238",2954.16666666667,0.826131240506537
"823","perylene-d","GCxGC_20200804_0427",2954.16666666667,0.815694553700704
"824","perylene-d","GCxGC_20200804_0616",2956.25,0.815326151406534
"825","perylene-d","GCxGC_20200804_0806",2954.16666666667,0.821444621079848
"826","perylene-d","GCxGC_20200804_0955",2955.78947368421,0.808992096379584
"827","perylene-d","GCxGC_20200804_1145",2955.78947368421,0.813802706607017
"828","perylene-d","GCxGC_20200804_1348",2956.25,0.803480016973089
"829","perylene-d","GCxGC_20200804_1538",2954.16666666667,0.813416916099937
"830","perylene-d","GCxGC_20200804_1728",2955.78947368421,0.822108728003239
"831","perylene-d","GCxGC_20200804_1918",2954.63917525773,0.818589513264455
"832","perylene-d","GCxGC_20200804_2107",2954.63917525773,0.818559239196547
"833","perylene-d","GCxGC_20200805_0234",2956.70103092784,0.818201481688833
"834","perylene-d","GCxGC_20200805_0423",2955.78947368421,0.82572756824984
"835","perylene-d","GCxGC_20200805_0612",2955.78947368421,0.815537348375611
"836","perylene-d","GCxGC_20200805_0801",2955.78947368421,0.835829454782155
"837","perylene-d","GCxGC_20200805_0949",2955.78947368421,0.814170707179682
"838","perylene-d","GCxGC_20200805_1138",2956.25,0.813870860351052
"839","perylene-d","GCxGC_20200805_1335",2954.16666666667,0.814687245849318
"840","perylene-d","GCxGC_20200805_1524",2954.16666666667,0.824538249924743
"841","perylene-d","GCxGC_20200805_1713",2954.16666666667,0.815038341985827
"842","perylene-d","GCxGC_20200805_1902",2955.78947368421,0.815356510890222
"843","perylene-d","GCxGC_20200806_0028",2956.25,0.822204765580569
"844","perylene-d","GCxGC_20200806_0217",2954.63917525773,0.817807302105818
"845","perylene-d","GCxGC_20200806_0406",2954.63917525773,0.828016618326306
"846","perylene-d","GCxGC_20200806_0554",2956.70103092784,0.828243486673079
"847","perylene-d","GCxGC_20200806_0743",2956.70103092783,0.817849953201295
"848","perylene-d","GCxGC_20200806_0932",2954.16666666667,0.814318292976834
"849","perylene-d","GCxGC_20200806_1121",2954.16666666667,0.803640805316002
"850","perylene-d","GCxGC_20200806_1332",2954.16666666667,0.812792687785613
"851","perylene-d","GCxGC_20200806_1522",2955.78947368421,0.792307897925338
