"","Compound.Name","File_num","IS_mean_norm"
"1","4-methoxy-benzaldehyde","GCxGC_20200803_1001",0.127221666110063
"2","4-methoxy-benzaldehyde","GCxGC_20200803_1151",0.144146578988944
"3","4-methoxy-benzaldehyde","GCxGC_20200803_1342",0.123588542622487
"4","4-methoxy-benzaldehyde","GCxGC_20200803_1535",0.109751203236899
"5","4-methoxy-benzaldehyde","GCxGC_20200803_1728",0.0935369141302215
"6","4-methoxy-benzaldehyde","GCxGC_20200803_2259",0.065410681983559
"7","4-methoxy-benzaldehyde","GCxGC_20200804_0048",0.0682584838254208
"8","4-methoxy-benzaldehyde","GCxGC_20200804_0238",0.0752770468707683
"9","4-methoxy-benzaldehyde","GCxGC_20200804_0427",0.0784839357597989
"10","4-methoxy-benzaldehyde","GCxGC_20200804_0616",0.058348686927125
"11","4-methoxy-benzaldehyde","GCxGC_20200804_0806",0.0657010245402681
"12","4-methoxy-benzaldehyde","GCxGC_20200804_0955",0.0531935843672851
"13","4-methoxy-benzaldehyde","GCxGC_20200804_1145",0.0688106188895683
"14","4-methoxy-benzaldehyde","GCxGC_20200804_1348",0.0673091231163752
"15","4-methoxy-benzaldehyde","GCxGC_20200804_1538",0.0697691382724506
"16","4-methoxy-benzaldehyde","GCxGC_20200804_1728",0.0553766289136823
"17","4-methoxy-benzaldehyde","GCxGC_20200804_1918",0.057117759626813
"18","4-methoxy-benzaldehyde","GCxGC_20200804_2107",0.0637596783219612
"19","4-methoxy-benzaldehyde","GCxGC_20200805_0234",0.0519028481448676
"20","4-methoxy-benzaldehyde","GCxGC_20200805_0423",0.0465743711919153
"21","4-methoxy-benzaldehyde","GCxGC_20200805_0612",0.059720865306749
"22","4-methoxy-benzaldehyde","GCxGC_20200805_0801",0.0600379431901004
"23","4-methoxy-benzaldehyde","GCxGC_20200805_0949",0.0671754705031142
"24","4-methoxy-benzaldehyde","GCxGC_20200805_1138",0.0741904273643888
"25","4-methoxy-benzaldehyde","GCxGC_20200805_1335",0.0699687337196658
"26","4-methoxy-benzaldehyde","GCxGC_20200805_1524",0.0755415304370892
"27","4-methoxy-benzaldehyde","GCxGC_20200805_1713",0.0621401242983292
"28","4-methoxy-benzaldehyde","GCxGC_20200805_1902",0.0705239452117402
"29","4-methoxy-benzaldehyde","GCxGC_20200806_0028",0.0656295940246449
"30","4-methoxy-benzaldehyde","GCxGC_20200806_0217",0.0703575090626206
"31","4-methoxy-benzaldehyde","GCxGC_20200806_0406",0.0617748680896789
"32","4-methoxy-benzaldehyde","GCxGC_20200806_0554",0.061838729907782
"33","4-methoxy-benzaldehyde","GCxGC_20200806_0743",0.0760818824602972
"34","4-methoxy-benzaldehyde","GCxGC_20200806_0932",0.0664240724075051
"35","4-methoxy-benzaldehyde","GCxGC_20200806_1121",0.062688469856133
"36","4-methoxy-benzaldehyde","GCxGC_20200806_1332",0.0702808799177419
"37","4-methoxy-benzaldehyde","GCxGC_20200806_1522",0.0854856203669791
"38","chrysene-d","GCxGC_20200803_1001",1.19193954286706
"39","chrysene-d","GCxGC_20200803_1151",1.49129718104543
"40","chrysene-d","GCxGC_20200803_1342",1.17379324514223
"41","chrysene-d","GCxGC_20200803_1535",1.46280410174027
"42","chrysene-d","GCxGC_20200803_1728",1.14115940055689
"43","chrysene-d","GCxGC_20200803_2259",0.877121857418569
"44","chrysene-d","GCxGC_20200804_0048",0.878636242601171
"45","chrysene-d","GCxGC_20200804_0238",0.737554137111408
"46","chrysene-d","GCxGC_20200804_0427",0.815395840784228
"47","chrysene-d","GCxGC_20200804_0616",0.794441091558788
"48","chrysene-d","GCxGC_20200804_0806",0.590980194983568
"49","chrysene-d","GCxGC_20200804_0955",0.99214141041891
"50","chrysene-d","GCxGC_20200804_1145",0.777544859530914
"51","chrysene-d","GCxGC_20200804_1348",0.749500860414932
"52","chrysene-d","GCxGC_20200804_1538",0.793518028797223
"53","chrysene-d","GCxGC_20200804_1728",0.66980690800884
"54","chrysene-d","GCxGC_20200804_1918",0.499275814299259
"55","chrysene-d","GCxGC_20200804_2107",0.516821388421701
"56","chrysene-d","GCxGC_20200805_0234",0.578544393005189
"57","chrysene-d","GCxGC_20200805_0423",0.433644533043992
"58","chrysene-d","GCxGC_20200805_0612",0.499100714202428
"59","chrysene-d","GCxGC_20200805_0801",0.401852758474072
"60","chrysene-d","GCxGC_20200805_0949",0.430530098343215
"61","chrysene-d","GCxGC_20200805_1138",0.379518541299142
"62","chrysene-d","GCxGC_20200805_1335",0.354101297283418
"63","chrysene-d","GCxGC_20200805_1524",0.357555527566928
"64","chrysene-d","GCxGC_20200805_1713",0.331125749096149
"65","chrysene-d","GCxGC_20200805_1902",0.346172534405884
"66","chrysene-d","GCxGC_20200806_0028",0.296063913844573
"67","chrysene-d","GCxGC_20200806_0217",0.319763152271468
"68","chrysene-d","GCxGC_20200806_0406",0.28804701932562
"69","chrysene-d","GCxGC_20200806_0554",0.331946519332071
"70","chrysene-d","GCxGC_20200806_0743",0.285155098584018
"71","chrysene-d","GCxGC_20200806_0932",0.360461873388927
"72","chrysene-d","GCxGC_20200806_1121",0.302496055779116
"73","chrysene-d","GCxGC_20200806_1332",0.380341301864168
"74","chrysene-d","GCxGC_20200806_1522",0.316167634525854
"75","d-anthraquinone","GCxGC_20200803_1001",1.10906115418873
"76","d-anthraquinone","GCxGC_20200803_1151",1.10677689005586
"77","d-anthraquinone","GCxGC_20200803_1342",0.638648381590176
"78","d-anthraquinone","GCxGC_20200803_1535",0.570150771524809
"79","d-anthraquinone","GCxGC_20200803_1728",0.492598410613421
"80","d-anthraquinone","GCxGC_20200803_2259",0.420800729400819
"81","d-anthraquinone","GCxGC_20200804_0048",0.511867391864531
"82","d-anthraquinone","GCxGC_20200804_0238",0.406184055836717
"83","d-anthraquinone","GCxGC_20200804_0427",0.41025364096266
"84","d-anthraquinone","GCxGC_20200804_0616",0.368586727856674
"85","d-anthraquinone","GCxGC_20200804_0806",0.32569841756222
"86","d-anthraquinone","GCxGC_20200804_0955",0.538342448522055
"87","d-anthraquinone","GCxGC_20200804_1145",0.42538453922795
"88","d-anthraquinone","GCxGC_20200804_1348",0.39067785894791
"89","d-anthraquinone","GCxGC_20200804_1538",0.418340504820555
"90","d-anthraquinone","GCxGC_20200804_1728",0.384144594138603
"91","d-anthraquinone","GCxGC_20200804_1918",0.301550913475023
"92","d-anthraquinone","GCxGC_20200804_2107",0.337784536843771
"93","d-anthraquinone","GCxGC_20200805_0234",0.275957733540921
"94","d-anthraquinone","GCxGC_20200805_0423",0.26761523220935
"95","d-anthraquinone","GCxGC_20200805_0612",0.326065558674795
"96","d-anthraquinone","GCxGC_20200805_0801",0.295830718761917
"97","d-anthraquinone","GCxGC_20200805_0949",0.316536001881354
"98","d-anthraquinone","GCxGC_20200805_1138",0.318269397080797
"99","d-anthraquinone","GCxGC_20200805_1335",0.198243693070574
"100","d-anthraquinone","GCxGC_20200805_1524",0.215348233323627
"101","d-anthraquinone","GCxGC_20200805_1713",0.220213376877937
"102","d-anthraquinone","GCxGC_20200805_1902",0.215887243998168
"103","d-anthraquinone","GCxGC_20200806_0028",0.192682180837121
"104","d-anthraquinone","GCxGC_20200806_0217",0.197103075542475
"105","d-anthraquinone","GCxGC_20200806_0406",0.204256308545087
"106","d-anthraquinone","GCxGC_20200806_0554",0.213037291923589
"107","d-anthraquinone","GCxGC_20200806_0743",0.237205140328244
"108","d-anthraquinone","GCxGC_20200806_0932",0.233086590357845
"109","d-anthraquinone","GCxGC_20200806_1121",0.218508652108104
"110","d-anthraquinone","GCxGC_20200806_1332",0.285753008667909
"111","d-anthraquinone","GCxGC_20200806_1522",0.315777066113786
"112","d-C10 acid, TMS","GCxGC_20200803_1001",0.0657549192257504
"113","d-C10 acid, TMS","GCxGC_20200803_1151",0.0634763016370434
"114","d-C10 acid, TMS","GCxGC_20200803_1342",0.0598895775655397
"115","d-C10 acid, TMS","GCxGC_20200803_1535",0.0613037485483769
"116","d-C10 acid, TMS","GCxGC_20200803_1728",0.0500898442676683
"117","d-C10 acid, TMS","GCxGC_20200803_2259",0.045087187615171
"118","d-C10 acid, TMS","GCxGC_20200804_0048",0.0515248642805262
"119","d-C10 acid, TMS","GCxGC_20200804_0238",0.0506986489825568
"120","d-C10 acid, TMS","GCxGC_20200804_0427",0.051428283070938
"121","d-C10 acid, TMS","GCxGC_20200804_0616",0.0403385819154453
"122","d-C10 acid, TMS","GCxGC_20200804_0806",0.0447549326190025
"123","d-C10 acid, TMS","GCxGC_20200804_0955",0.0393863672211565
"124","d-C10 acid, TMS","GCxGC_20200804_1145",0.0397189004968847
"125","d-C10 acid, TMS","GCxGC_20200804_1348",0.0402982522149299
"126","d-C10 acid, TMS","GCxGC_20200804_1538",0.0420568149488491
"127","d-C10 acid, TMS","GCxGC_20200804_1728",0.0347711006339219
"128","d-C10 acid, TMS","GCxGC_20200804_1918",0.0424847266681023
"129","d-C10 acid, TMS","GCxGC_20200804_2107",0.0392813504417704
"130","d-C10 acid, TMS","GCxGC_20200805_0234",0.0395444469773064
"131","d-C10 acid, TMS","GCxGC_20200805_0423",0.0350110441685725
"132","d-C10 acid, TMS","GCxGC_20200805_0612",0.0587743845196616
"133","d-C10 acid, TMS","GCxGC_20200805_0801",0.0493399160027343
"134","d-C10 acid, TMS","GCxGC_20200805_0949",0.0560675621552471
"135","d-C10 acid, TMS","GCxGC_20200805_1138",0.0519822010294585
"136","d-C10 acid, TMS","GCxGC_20200805_1335",0.0393320283250234
"137","d-C10 acid, TMS","GCxGC_20200805_1524",0.0392602136505991
"138","d-C10 acid, TMS","GCxGC_20200805_1713",0.0431916180575349
"139","d-C10 acid, TMS","GCxGC_20200805_1902",0.0365956151743252
"140","d-C10 acid, TMS","GCxGC_20200806_0028",0.0368911873438394
"141","d-C10 acid, TMS","GCxGC_20200806_0217",0.0390177207985352
"142","d-C10 acid, TMS","GCxGC_20200806_0406",0.0403100536397331
"143","d-C10 acid, TMS","GCxGC_20200806_0554",0.0378497351817264
"144","d-C10 acid, TMS","GCxGC_20200806_0743",0.0438728948511691
"145","d-C10 acid, TMS","GCxGC_20200806_0932",0.0418318287565172
"146","d-C10 acid, TMS","GCxGC_20200806_1121",0.036063123567249
"147","d-C10 acid, TMS","GCxGC_20200806_1332",0.0415146677411792
"148","d-C10 acid, TMS","GCxGC_20200806_1522",0.0433327022451508
"149","d-C15 alcohol, TMS","GCxGC_20200803_1001",1.24575680991123
"150","d-C15 alcohol, TMS","GCxGC_20200803_1151",1.38522013639092
"151","d-C15 alcohol, TMS","GCxGC_20200803_1342",1.39680939055271
"152","d-C15 alcohol, TMS","GCxGC_20200803_1535",1.45200277990658
"153","d-C15 alcohol, TMS","GCxGC_20200803_1728",1.50330624862084
"154","d-C15 alcohol, TMS","GCxGC_20200803_2259",1.2441610344451
"155","d-C15 alcohol, TMS","GCxGC_20200804_0048",1.30744311639163
"156","d-C15 alcohol, TMS","GCxGC_20200804_0238",1.46905910313573
"157","d-C15 alcohol, TMS","GCxGC_20200804_0427",1.20935054647459
"158","d-C15 alcohol, TMS","GCxGC_20200804_0616",1.02136957447839
"159","d-C15 alcohol, TMS","GCxGC_20200804_0806",1.07501528150338
"160","d-C15 alcohol, TMS","GCxGC_20200804_0955",1.52849707795631
"161","d-C15 alcohol, TMS","GCxGC_20200804_1145",1.31824335244375
"162","d-C15 alcohol, TMS","GCxGC_20200804_1348",1.15373051372027
"163","d-C15 alcohol, TMS","GCxGC_20200804_1538",1.36101199772683
"164","d-C15 alcohol, TMS","GCxGC_20200804_1728",0.921814481387171
"165","d-C15 alcohol, TMS","GCxGC_20200804_1918",1.07894506208662
"166","d-C15 alcohol, TMS","GCxGC_20200804_2107",1.10876730263664
"167","d-C15 alcohol, TMS","GCxGC_20200805_0234",0.911947810316271
"168","d-C15 alcohol, TMS","GCxGC_20200805_0423",0.754245406030955
"169","d-C15 alcohol, TMS","GCxGC_20200805_0612",1.01084471996644
"170","d-C15 alcohol, TMS","GCxGC_20200805_0801",0.794802595755956
"171","d-C15 alcohol, TMS","GCxGC_20200805_0949",1.03231452530566
"172","d-C15 alcohol, TMS","GCxGC_20200805_1138",0.803959927678164
"173","d-C15 alcohol, TMS","GCxGC_20200805_1335",0.579360300735696
"174","d-C15 alcohol, TMS","GCxGC_20200805_1524",0.74633954013839
"175","d-C15 alcohol, TMS","GCxGC_20200805_1713",0.655360485244236
"176","d-C15 alcohol, TMS","GCxGC_20200805_1902",0.686904687722149
"177","d-C15 alcohol, TMS","GCxGC_20200806_0028",0.65388938371288
"178","d-C15 alcohol, TMS","GCxGC_20200806_0217",0.585364952291997
"179","d-C15 alcohol, TMS","GCxGC_20200806_0406",0.610883150224915
"180","d-C15 alcohol, TMS","GCxGC_20200806_0554",0.703531314318425
"181","d-C15 alcohol, TMS","GCxGC_20200806_0743",0.785437395632197
"182","d-C15 alcohol, TMS","GCxGC_20200806_0932",0.797067955463379
"183","d-C15 alcohol, TMS","GCxGC_20200806_1121",0.62043361579113
"184","d-C15 alcohol, TMS","GCxGC_20200806_1332",0.948569352982257
"185","d-C15 alcohol, TMS","GCxGC_20200806_1522",0.749400588519517
"186","d-C6diacid",NA,NA
"187","d-cholestane","GCxGC_20200803_1001",0.71314851412304
"188","d-cholestane","GCxGC_20200803_1151",0.708411034454847
"189","d-cholestane","GCxGC_20200803_1342",0.713589291335991
"190","d-cholestane","GCxGC_20200803_1535",0.612441422836297
"191","d-cholestane","GCxGC_20200803_1728",0.594791751250257
"192","d-cholestane","GCxGC_20200803_2259",0.53398850091359
"193","d-cholestane","GCxGC_20200804_0048",0.560328602257724
"194","d-cholestane","GCxGC_20200804_0238",0.546660867460637
"195","d-cholestane","GCxGC_20200804_0427",0.488159388818736
"196","d-cholestane","GCxGC_20200804_0616",0.480884088283889
"197","d-cholestane","GCxGC_20200804_0806",0.416908723105964
"198","d-cholestane","GCxGC_20200804_0955",0.586923501331536
"199","d-cholestane","GCxGC_20200804_1145",0.50745979567767
"200","d-cholestane","GCxGC_20200804_1348",0.440311560589047
"201","d-cholestane","GCxGC_20200804_1538",0.458996040930188
"202","d-cholestane","GCxGC_20200804_1728",0.387086926812538
"203","d-cholestane","GCxGC_20200804_1918",0.301997408477132
"204","d-cholestane","GCxGC_20200804_2107",0.390076044468482
"205","d-cholestane","GCxGC_20200805_0234",0.320886029200527
"206","d-cholestane","GCxGC_20200805_0423",0.267611697650103
"207","d-cholestane","GCxGC_20200805_0612",0.359512997753233
"208","d-cholestane","GCxGC_20200805_0801",0.331714644715002
"209","d-cholestane","GCxGC_20200805_0949",0.317260410882151
"210","d-cholestane","GCxGC_20200805_1138",0.256683413762591
"211","d-cholestane","GCxGC_20200805_1335",0.218632884436072
"212","d-cholestane","GCxGC_20200805_1524",0.247220435470028
"213","d-cholestane","GCxGC_20200805_1713",0.233355506493943
"214","d-cholestane","GCxGC_20200805_1902",0.208561964479443
"215","d-cholestane","GCxGC_20200806_0028",0.206266800211346
"216","d-cholestane","GCxGC_20200806_0217",0.210641186597059
"217","d-cholestane","GCxGC_20200806_0406",0.185962103529615
"218","d-cholestane","GCxGC_20200806_0554",0.215770699208441
"219","d-cholestane","GCxGC_20200806_0743",0.234811157172509
"220","d-cholestane","GCxGC_20200806_0932",0.235865479730153
"221","d-cholestane","GCxGC_20200806_1121",0.175628161126624
"222","d-cholestane","GCxGC_20200806_1332",0.250283578887096
"223","d-cholestane","GCxGC_20200806_1522",0.246406495194803
"224","d-pyrene","GCxGC_20200803_1001",1.14538583342147
"225","d-pyrene","GCxGC_20200803_1151",1.29102437206958
"226","d-pyrene","GCxGC_20200803_1342",1.05792968297325
"227","d-pyrene","GCxGC_20200803_1535",1.04977946741875
"228","d-pyrene","GCxGC_20200803_1728",0.953530831130343
"229","d-pyrene","GCxGC_20200803_2259",0.732025983171659
"230","d-pyrene","GCxGC_20200804_0048",0.87103021118747
"231","d-pyrene","GCxGC_20200804_0238",0.804912658196344
"232","d-pyrene","GCxGC_20200804_0427",0.83459993214797
"233","d-pyrene","GCxGC_20200804_0616",0.701082368431494
"234","d-pyrene","GCxGC_20200804_0806",0.648830411638556
"235","d-pyrene","GCxGC_20200804_0955",0.77067632327048
"236","d-pyrene","GCxGC_20200804_1145",0.71408387727115
"237","d-pyrene","GCxGC_20200804_1348",0.697516601679975
"238","d-pyrene","GCxGC_20200804_1538",0.744615820108124
"239","d-pyrene","GCxGC_20200804_1728",0.682576977705036
"240","d-pyrene","GCxGC_20200804_1918",0.571733950735624
"241","d-pyrene","GCxGC_20200804_2107",0.549931689378407
"242","d-pyrene","GCxGC_20200805_0234",0.522162992882168
"243","d-pyrene","GCxGC_20200805_0423",0.501906528975652
"244","d-pyrene","GCxGC_20200805_0612",0.580543117992748
"245","d-pyrene","GCxGC_20200805_0801",0.460151909479576
"246","d-pyrene","GCxGC_20200805_0949",0.493353652281705
"247","d-pyrene","GCxGC_20200805_1138",0.410107871575207
"248","d-pyrene","GCxGC_20200805_1335",0.333853843968941
"249","d-pyrene","GCxGC_20200805_1524",0.309529972935779
"250","d-pyrene","GCxGC_20200805_1713",0.35289442720569
"251","d-pyrene","GCxGC_20200805_1902",0.31752274530419
"252","d-pyrene","GCxGC_20200806_0028",0.299669329641633
"253","d-pyrene","GCxGC_20200806_0217",0.296262909060407
"254","d-pyrene","GCxGC_20200806_0406",0.306068255400808
"255","d-pyrene","GCxGC_20200806_0554",0.317486991022617
"256","d-pyrene","GCxGC_20200806_0743",0.307499788541945
"257","d-pyrene","GCxGC_20200806_0932",0.323935995404707
"258","d-pyrene","GCxGC_20200806_1121",0.289252290974674
"259","d-pyrene","GCxGC_20200806_1332",0.365578621098157
"260","d-pyrene","GCxGC_20200806_1522",0.388433087250204
"261","dC16","GCxGC_20200803_1001",0.829337625397395
"262","dC16","GCxGC_20200803_1151",1.6240310973347
"263","dC16","GCxGC_20200803_1342",1.67360048563863
"264","dC16","GCxGC_20200803_1535",1.49188548374908
"265","dC16","GCxGC_20200803_1728",1.07740824543163
"266","dC16","GCxGC_20200803_2259",0.751665614378875
"267","dC16","GCxGC_20200804_0048",0.762246582529919
"268","dC16","GCxGC_20200804_0238",0.834441890282435
"269","dC16","GCxGC_20200804_0427",0.801550249975603
"270","dC16","GCxGC_20200804_0616",0.574543880957877
"271","dC16","GCxGC_20200804_0806",0.600541490464439
"272","dC16","GCxGC_20200804_0955",0.652486669785294
"273","dC16","GCxGC_20200804_1145",0.593475508072426
"274","dC16","GCxGC_20200804_1348",0.573195076993149
"275","dC16","GCxGC_20200804_1538",0.554525771484206
"276","dC16","GCxGC_20200804_1728",0.500106592222369
"277","dC16","GCxGC_20200804_1918",0.538846810873028
"278","dC16","GCxGC_20200804_2107",0.563241195179958
"279","dC16","GCxGC_20200805_0234",0.533767351533449
"280","dC16","GCxGC_20200805_0423",0.474335606489714
"281","dC16","GCxGC_20200805_0612",0.71995347718192
"282","dC16","GCxGC_20200805_0801",0.570302227737758
"283","dC16","GCxGC_20200805_0949",0.509074425531415
"284","dC16","GCxGC_20200805_1138",0.65658214898799
"285","dC16","GCxGC_20200805_1335",0.560768578647906
"286","dC16","GCxGC_20200805_1524",0.602679329071496
"287","dC16","GCxGC_20200805_1713",0.508517698891535
"288","dC16","GCxGC_20200805_1902",0.612858248411806
"289","dC16","GCxGC_20200806_0028",0.575433805177524
"290","dC16","GCxGC_20200806_0217",0.462676266563131
"291","dC16","GCxGC_20200806_0406",0.605936949618125
"292","dC16","GCxGC_20200806_0554",0.569716263967162
"293","dC16","GCxGC_20200806_0743",0.612578291463562
"294","dC16","GCxGC_20200806_0932",0.506964995891451
"295","dC16","GCxGC_20200806_1121",0.534278797533166
"296","dC16","GCxGC_20200806_1332",0.379863189642655
"297","dC16","GCxGC_20200806_1522",0.662805861042225
"298","dC18","GCxGC_20200803_1001",1.96883678860219
"299","dC18","GCxGC_20200803_1151",2.2439300826667
"300","dC18","GCxGC_20200803_1342",2.40869479015193
"301","dC18","GCxGC_20200803_1535",1.94605435706944
"302","dC18","GCxGC_20200803_1728",1.77676463537045
"303","dC18","GCxGC_20200803_2259",1.48821783308065
"304","dC18","GCxGC_20200804_0048",2.45528704923544
"305","dC18","GCxGC_20200804_0238",1.61895983837606
"306","dC18","GCxGC_20200804_0427",1.65124516054314
"307","dC18","GCxGC_20200804_0616",1.34378058015316
"308","dC18","GCxGC_20200804_0806",1.42842674595196
"309","dC18","GCxGC_20200804_0955",1.91009886698342
"310","dC18","GCxGC_20200804_1145",1.66154698959618
"311","dC18","GCxGC_20200804_1348",1.44975541524617
"312","dC18","GCxGC_20200804_1538",1.70736247043547
"313","dC18","GCxGC_20200804_1728",1.15530640258027
"314","dC18","GCxGC_20200804_1918",0.956407631085941
"315","dC18","GCxGC_20200804_2107",1.20380648651486
"316","dC18","GCxGC_20200805_0234",1.15437412630398
"317","dC18","GCxGC_20200805_0423",1.00853089971185
"318","dC18","GCxGC_20200805_0612",1.63959444409864
"319","dC18","GCxGC_20200805_0801",1.03260206142196
"320","dC18","GCxGC_20200805_0949",1.31045226297465
"321","dC18","GCxGC_20200805_1138",1.19014425141246
"322","dC18","GCxGC_20200805_1335",0.925275818243567
"323","dC18","GCxGC_20200805_1524",0.933895938344676
"324","dC18","GCxGC_20200805_1713",1.01831942026958
"325","dC18","GCxGC_20200805_1902",0.738541851100394
"326","dC18","GCxGC_20200806_0028",0.778960259625985
"327","dC18","GCxGC_20200806_0217",0.750442419557274
"328","dC18","GCxGC_20200806_0406",0.872955099581416
"329","dC18","GCxGC_20200806_0554",0.881047130999853
"330","dC18","GCxGC_20200806_0743",0.995995269088277
"331","dC18","GCxGC_20200806_0932",0.7416641892272
"332","dC18","GCxGC_20200806_1121",0.813526409342617
"333","dC18","GCxGC_20200806_1332",1.10257291707816
"334","dC18","GCxGC_20200806_1522",1.20261513693819
"335","dC20","GCxGC_20200803_1001",1.06463361939224
"336","dC20","GCxGC_20200803_1151",0.906779722232968
"337","dC20","GCxGC_20200803_1342",0.877935505754007
"338","dC20","GCxGC_20200803_1535",0.79649162088483
"339","dC20","GCxGC_20200803_1728",0.735272524801293
"340","dC20","GCxGC_20200803_2259",0.651009745092116
"341","dC20","GCxGC_20200804_0048",0.68781362450196
"342","dC20","GCxGC_20200804_0238",0.671828422214832
"343","dC20","GCxGC_20200804_0427",0.644754522014495
"344","dC20","GCxGC_20200804_0616",0.609410858166151
"345","dC20","GCxGC_20200804_0806",0.557648376867003
"346","dC20","GCxGC_20200804_0955",0.655370290633637
"347","dC20","GCxGC_20200804_1145",0.627443187293414
"348","dC20","GCxGC_20200804_1348",0.56457377368174
"349","dC20","GCxGC_20200804_1538",0.627907389612114
"350","dC20","GCxGC_20200804_1728",0.560494068068488
"351","dC20","GCxGC_20200804_1918",0.549856955098708
"352","dC20","GCxGC_20200804_2107",0.521516393020969
"353","dC20","GCxGC_20200805_0234",0.456877002966526
"354","dC20","GCxGC_20200805_0423",0.438634153522541
"355","dC20","GCxGC_20200805_0612",0.52020368164789
"356","dC20","GCxGC_20200805_0801",0.45029882981019
"357","dC20","GCxGC_20200805_0949",0.499270122943687
"358","dC20","GCxGC_20200805_1138",0.462380428955
"359","dC20","GCxGC_20200805_1335",0.368227360331204
"360","dC20","GCxGC_20200805_1524",0.349413846934829
"361","dC20","GCxGC_20200805_1713",0.369432495422398
"362","dC20","GCxGC_20200805_1902",0.355505990934844
"363","dC20","GCxGC_20200806_0028",0.343154903013136
"364","dC20","GCxGC_20200806_0217",0.370538914162419
"365","dC20","GCxGC_20200806_0406",0.352194074148516
"366","dC20","GCxGC_20200806_0554",0.397589925263592
"367","dC20","GCxGC_20200806_0743",0.348731112239284
"368","dC20","GCxGC_20200806_0932",0.392794431162752
"369","dC20","GCxGC_20200806_1121",0.344431865875699
"370","dC20","GCxGC_20200806_1332",0.378516721914604
"371","dC20","GCxGC_20200806_1522",0.441960852178821
"372","dC22","GCxGC_20200803_1001",0.808035205063394
"373","dC22","GCxGC_20200803_1151",0.897749963132617
"374","dC22","GCxGC_20200803_1342",0.793695559326602
"375","dC22","GCxGC_20200803_1535",0.911693790442531
"376","dC22","GCxGC_20200803_1728",0.776408862520748
"377","dC22","GCxGC_20200803_2259",0.586876173258645
"378","dC22","GCxGC_20200804_0048",0.650700737380606
"379","dC22","GCxGC_20200804_0238",0.644623524280494
"380","dC22","GCxGC_20200804_0427",0.709582091324378
"381","dC22","GCxGC_20200804_0616",0.606177283558427
"382","dC22","GCxGC_20200804_0806",0.505590733460711
"383","dC22","GCxGC_20200804_0955",0.671352528973884
"384","dC22","GCxGC_20200804_1145",0.564299229674578
"385","dC22","GCxGC_20200804_1348",0.542783029544113
"386","dC22","GCxGC_20200804_1538",0.576970528984713
"387","dC22","GCxGC_20200804_1728",0.537467693180853
"388","dC22","GCxGC_20200804_1918",0.463902696603346
"389","dC22","GCxGC_20200804_2107",0.45206793523107
"390","dC22","GCxGC_20200805_0234",0.421337369055433
"391","dC22","GCxGC_20200805_0423",0.42226055375203
"392","dC22","GCxGC_20200805_0612",0.422454732944391
"393","dC22","GCxGC_20200805_0801",0.352753765331126
"394","dC22","GCxGC_20200805_0949",0.430594044334385
"395","dC22","GCxGC_20200805_1138",0.37697789980922
"396","dC22","GCxGC_20200805_1335",0.320935816107175
"397","dC22","GCxGC_20200805_1524",0.240597916741769
"398","dC22","GCxGC_20200805_1713",0.308933839346479
"399","dC22","GCxGC_20200805_1902",0.303108512569419
"400","dC22","GCxGC_20200806_0028",0.287691141259553
"401","dC22","GCxGC_20200806_0217",0.274184639868442
"402","dC22","GCxGC_20200806_0406",0.239979365528544
"403","dC22","GCxGC_20200806_0554",0.33663353485436
"404","dC22","GCxGC_20200806_0743",0.284007798823053
"405","dC22","GCxGC_20200806_0932",0.320883731954014
"406","dC22","GCxGC_20200806_1121",0.289795485131776
"407","dC22","GCxGC_20200806_1332",0.333414390926492
"408","dC22","GCxGC_20200806_1522",0.380233176102583
"409","dC24","GCxGC_20200803_1001",1.39460098508409
"410","dC24","GCxGC_20200803_1151",1.55656519017578
"411","dC24","GCxGC_20200803_1342",1.07462000064452
"412","dC24","GCxGC_20200803_1535",1.56699632443612
"413","dC24","GCxGC_20200803_1728",0.998142191967222
"414","dC24","GCxGC_20200803_2259",1.01833686149797
"415","dC24","GCxGC_20200804_0048",0.761157799758942
"416","dC24","GCxGC_20200804_0238",0.901103790059889
"417","dC24","GCxGC_20200804_0427",0.700722508392145
"418","dC24","GCxGC_20200804_0616",0.789579694098629
"419","dC24","GCxGC_20200804_0806",0.661430774585639
"420","dC24","GCxGC_20200804_0955",0.580804099478698
"421","dC24","GCxGC_20200804_1145",0.630046872151838
"422","dC24","GCxGC_20200804_1348",0.794543864803116
"423","dC24","GCxGC_20200804_1538",0.64073753584184
"424","dC24","GCxGC_20200804_1728",0.698969952742872
"425","dC24","GCxGC_20200804_1918",0.532066777394414
"426","dC24","GCxGC_20200804_2107",0.598325585577282
"427","dC24","GCxGC_20200805_0234",0.545048258705419
"428","dC24","GCxGC_20200805_0423",0.522667954875384
"429","dC24","GCxGC_20200805_0612",0.377208953811043
"430","dC24","GCxGC_20200805_0801",0.312185112028487
"431","dC24","GCxGC_20200805_0949",0.322628728608629
"432","dC24","GCxGC_20200805_1138",0.231442185454366
"433","dC24","GCxGC_20200805_1335",0.255088971828442
"434","dC24","GCxGC_20200805_1524",0.270971298362895
"435","dC24","GCxGC_20200805_1713",0.254839533431795
"436","dC24","GCxGC_20200805_1902",0.240480214884087
"437","dC24","GCxGC_20200806_0028",0.203766745457643
"438","dC24","GCxGC_20200806_0217",0.247186608241919
"439","dC24","GCxGC_20200806_0406",0.220980716481628
"440","dC24","GCxGC_20200806_0554",0.230843926258445
"441","dC24","GCxGC_20200806_0743",0.231885370151087
"442","dC24","GCxGC_20200806_0932",0.265637623342259
"443","dC24","GCxGC_20200806_1121",0.21781317038649
"444","dC24","GCxGC_20200806_1332",0.306602140130289
"445","dC24","GCxGC_20200806_1522",0.291064456246056
"446","dC26","GCxGC_20200803_1001",1.10381198276096
"447","dC26","GCxGC_20200803_1151",1.28360306691517
"448","dC26","GCxGC_20200803_1342",1.24144589708555
"449","dC26","GCxGC_20200803_1535",1.17831366476347
"450","dC26","GCxGC_20200803_1728",0.836275809579859
"451","dC26","GCxGC_20200803_2259",0.853045870659872
"452","dC26","GCxGC_20200804_0048",0.725704428456128
"453","dC26","GCxGC_20200804_0238",0.870188634766186
"454","dC26","GCxGC_20200804_0427",0.602231698748067
"455","dC26","GCxGC_20200804_0616",0.74275051022107
"456","dC26","GCxGC_20200804_0806",0.59611177977346
"457","dC26","GCxGC_20200804_0955",0.732935490144413
"458","dC26","GCxGC_20200804_1145",0.697803461286171
"459","dC26","GCxGC_20200804_1348",0.598721243019865
"460","dC26","GCxGC_20200804_1538",0.553351103421133
"461","dC26","GCxGC_20200804_1728",0.68500987141944
"462","dC26","GCxGC_20200804_1918",0.410569470583648
"463","dC26","GCxGC_20200804_2107",0.576658358330853
"464","dC26","GCxGC_20200805_0234",0.533610995007682
"465","dC26","GCxGC_20200805_0423",0.396322061894007
"466","dC26","GCxGC_20200805_0612",0.30696012158622
"467","dC26","GCxGC_20200805_0801",0.361172306366259
"468","dC26","GCxGC_20200805_0949",0.306149244447362
"469","dC26","GCxGC_20200805_1138",0.278207243254021
"470","dC26","GCxGC_20200805_1335",0.261506781250031
"471","dC26","GCxGC_20200805_1524",0.373622248614321
"472","dC26","GCxGC_20200805_1713",0.257432364924492
"473","dC26","GCxGC_20200805_1902",0.24544075067861
"474","dC26","GCxGC_20200806_0028",0.238103973405155
"475","dC26","GCxGC_20200806_0217",0.24737611371939
"476","dC26","GCxGC_20200806_0406",0.235272845756705
"477","dC26","GCxGC_20200806_0554",0.247407781582315
"478","dC26","GCxGC_20200806_0743",0.253735613567703
"479","dC26","GCxGC_20200806_0932",0.248289363151834
"480","dC26","GCxGC_20200806_1121",0.206151856106308
"481","dC26","GCxGC_20200806_1332",0.316663333255784
"482","dC26","GCxGC_20200806_1522",0.269874525861124
"483","dC28","GCxGC_20200803_1001",0.674127499409055
"484","dC28","GCxGC_20200803_1151",0.719211587776733
"485","dC28","GCxGC_20200803_1342",0.752553125044987
"486","dC28","GCxGC_20200803_1535",0.606791223553384
"487","dC28","GCxGC_20200803_1728",0.658398836481604
"488","dC28","GCxGC_20200803_2259",0.505189836362801
"489","dC28","GCxGC_20200804_0048",0.546648037762796
"490","dC28","GCxGC_20200804_0238",0.465575403925683
"491","dC28","GCxGC_20200804_0427",0.532278945172119
"492","dC28","GCxGC_20200804_0616",0.408209750870491
"493","dC28","GCxGC_20200804_0806",0.377238086160789
"494","dC28","GCxGC_20200804_0955",0.560559996288553
"495","dC28","GCxGC_20200804_1145",0.428229172915784
"496","dC28","GCxGC_20200804_1348",0.426474544082006
"497","dC28","GCxGC_20200804_1538",0.464609980816047
"498","dC28","GCxGC_20200804_1728",0.405916810581091
"499","dC28","GCxGC_20200804_1918",0.349434949189159
"500","dC28","GCxGC_20200804_2107",0.376854022738304
"501","dC28","GCxGC_20200805_0234",0.345851725611425
"502","dC28","GCxGC_20200805_0423",0.324182757235693
"503","dC28","GCxGC_20200805_0612",0.39403206905329
"504","dC28","GCxGC_20200805_0801",0.317962337173565
"505","dC28","GCxGC_20200805_0949",0.335297157045104
"506","dC28","GCxGC_20200805_1138",0.268646637638441
"507","dC28","GCxGC_20200805_1335",0.229664397231851
"508","dC28","GCxGC_20200805_1524",0.236256743708779
"509","dC28","GCxGC_20200805_1713",0.256649887579306
"510","dC28","GCxGC_20200805_1902",0.228646526346502
"511","dC28","GCxGC_20200806_0028",0.238825188369022
"512","dC28","GCxGC_20200806_0217",0.217994667364494
"513","dC28","GCxGC_20200806_0406",0.22465916354061
"514","dC28","GCxGC_20200806_0554",0.251639036820867
"515","dC28","GCxGC_20200806_0743",0.228175403927796
"516","dC28","GCxGC_20200806_0932",0.248817102961697
"517","dC28","GCxGC_20200806_1121",0.220266531458375
"518","dC28","GCxGC_20200806_1332",0.257430737774762
"519","dC28","GCxGC_20200806_1522",0.280183175790679
"520","dC30","GCxGC_20200803_1001",0.629960257788163
"521","dC30","GCxGC_20200803_1151",0.526445416039811
"522","dC30","GCxGC_20200803_1342",0.564988429836913
"523","dC30","GCxGC_20200803_1535",0.530653515438584
"524","dC30","GCxGC_20200803_1728",0.486788232883389
"525","dC30","GCxGC_20200803_2259",0.530996370015917
"526","dC30","GCxGC_20200804_0048",0.490399570069062
"527","dC30","GCxGC_20200804_0238",0.497846105053299
"528","dC30","GCxGC_20200804_0427",0.519972630172556
"529","dC30","GCxGC_20200804_0616",0.390154600225289
"530","dC30","GCxGC_20200804_0806",0.460600032401863
"531","dC30","GCxGC_20200804_0955",0.505990057880001
"532","dC30","GCxGC_20200804_1145",0.453036367829804
"533","dC30","GCxGC_20200804_1348",0.444183239229957
"534","dC30","GCxGC_20200804_1538",0.41361151941138
"535","dC30","GCxGC_20200804_1728",0.371978567553106
"536","dC30","GCxGC_20200804_1918",0.353763573976879
"537","dC30","GCxGC_20200804_2107",0.376964067461615
"538","dC30","GCxGC_20200805_0234",0.391363109489879
"539","dC30","GCxGC_20200805_0423",0.308941218251327
"540","dC30","GCxGC_20200805_0612",0.35929564212624
"541","dC30","GCxGC_20200805_0801",0.328674197107834
"542","dC30","GCxGC_20200805_0949",0.398486932167088
"543","dC30","GCxGC_20200805_1138",0.30458566566737
"544","dC30","GCxGC_20200805_1335",0.245613440342686
"545","dC30","GCxGC_20200805_1524",0.282232155961121
"546","dC30","GCxGC_20200805_1713",0.274121117127384
"547","dC30","GCxGC_20200805_1902",0.246529608967908
"548","dC30","GCxGC_20200806_0028",0.272048484413932
"549","dC30","GCxGC_20200806_0217",0.24422781356721
"550","dC30","GCxGC_20200806_0406",0.257035086104289
"551","dC30","GCxGC_20200806_0554",0.271486954709559
"552","dC30","GCxGC_20200806_0743",0.277014234736643
"553","dC30","GCxGC_20200806_0932",0.2868396227692
"554","dC30","GCxGC_20200806_1121",0.241226195089148
"555","dC30","GCxGC_20200806_1332",0.337127057637396
"556","dC30","GCxGC_20200806_1522",0.298054705050865
"557","dC32","GCxGC_20200803_1001",0.527476130189783
"558","dC32","GCxGC_20200803_1151",0.50182220232067
"559","dC32","GCxGC_20200803_1342",0.572304729813452
"560","dC32","GCxGC_20200803_1535",0.481808610211921
"561","dC32","GCxGC_20200803_1728",0.462137823572985
"562","dC32","GCxGC_20200803_2259",0.457216061483278
"563","dC32","GCxGC_20200804_0048",0.464200095572295
"564","dC32","GCxGC_20200804_0238",0.435737804697167
"565","dC32","GCxGC_20200804_0427",0.46189033820422
"566","dC32","GCxGC_20200804_0616",0.382056264789599
"567","dC32","GCxGC_20200804_0806",0.388962547941935
"568","dC32","GCxGC_20200804_0955",0.452687254190799
"569","dC32","GCxGC_20200804_1145",0.430550327993643
"570","dC32","GCxGC_20200804_1348",0.356244482569602
"571","dC32","GCxGC_20200804_1538",0.415947600360835
"572","dC32","GCxGC_20200804_1728",0.371174212919891
"573","dC32","GCxGC_20200804_1918",0.324212511453066
"574","dC32","GCxGC_20200804_2107",0.347138380231938
"575","dC32","GCxGC_20200805_0234",0.322960481695726
"576","dC32","GCxGC_20200805_0423",0.288344653579439
"577","dC32","GCxGC_20200805_0612",0.350347508623063
"578","dC32","GCxGC_20200805_0801",0.288809831924469
"579","dC32","GCxGC_20200805_0949",0.326147518765551
"580","dC32","GCxGC_20200805_1138",0.286171466679208
"581","dC32","GCxGC_20200805_1335",0.230326706957504
"582","dC32","GCxGC_20200805_1524",0.231649746032746
"583","dC32","GCxGC_20200805_1713",0.23630250758365
"584","dC32","GCxGC_20200805_1902",0.210108697111868
"585","dC32","GCxGC_20200806_0028",0.245983672092098
"586","dC32","GCxGC_20200806_0217",0.225556379481356
"587","dC32","GCxGC_20200806_0406",0.217138154588053
"588","dC32","GCxGC_20200806_0554",0.254613565714578
"589","dC32","GCxGC_20200806_0743",0.24392000070952
"590","dC32","GCxGC_20200806_0932",0.224431434222652
"591","dC32","GCxGC_20200806_1121",0.213477813199393
"592","dC32","GCxGC_20200806_1332",0.264896427138275
"593","dC32","GCxGC_20200806_1522",0.282889980706572
"594","dC34","GCxGC_20200803_1001",0.572131441513043
"595","dC34","GCxGC_20200803_1151",0.477515132462809
"596","dC34","GCxGC_20200803_1342",0.556723894587996
"597","dC34","GCxGC_20200803_1535",0.502241912373217
"598","dC34","GCxGC_20200803_1728",0.467505436574804
"599","dC34","GCxGC_20200803_2259",0.488789495258429
"600","dC34","GCxGC_20200804_0048",0.443678837943468
"601","dC34","GCxGC_20200804_0238",0.452836804985759
"602","dC34","GCxGC_20200804_0427",0.471965513565162
"603","dC34","GCxGC_20200804_0616",0.350168539001126
"604","dC34","GCxGC_20200804_0806",0.422464030244198
"605","dC34","GCxGC_20200804_0955",0.453343173350701
"606","dC34","GCxGC_20200804_1145",0.416837465047834
"607","dC34","GCxGC_20200804_1348",0.374321986168781
"608","dC34","GCxGC_20200804_1538",0.391679013306351
"609","dC34","GCxGC_20200804_1728",0.337344230513561
"610","dC34","GCxGC_20200804_1918",0.313223248231895
"611","dC34","GCxGC_20200804_2107",0.3229225962071
"612","dC34","GCxGC_20200805_0234",0.339081649960168
"613","dC34","GCxGC_20200805_0423",0.266598831684856
"614","dC34","GCxGC_20200805_0612",0.312694111364791
"615","dC34","GCxGC_20200805_0801",0.253303404022267
"616","dC34","GCxGC_20200805_0949",0.328337017400841
"617","dC34","GCxGC_20200805_1138",0.248597428023545
"618","dC34","GCxGC_20200805_1335",0.207777079644791
"619","dC34","GCxGC_20200805_1524",0.217347650562891
"620","dC34","GCxGC_20200805_1713",0.221878039536338
"621","dC34","GCxGC_20200805_1902",0.192521032152171
"622","dC34","GCxGC_20200806_0028",0.235764183119865
"623","dC34","GCxGC_20200806_0217",0.2037703222662
"624","dC34","GCxGC_20200806_0406",0.216119422082094
"625","dC34","GCxGC_20200806_0554",0.227755112085984
"626","dC34","GCxGC_20200806_0743",0.236934954261149
"627","dC34","GCxGC_20200806_0932",0.223397174585768
"628","dC34","GCxGC_20200806_1121",0.209639884248233
"629","dC34","GCxGC_20200806_1332",0.272346928057287
"630","dC34","GCxGC_20200806_1522",0.277009560236484
"631","dC36","GCxGC_20200803_1001",0.541235231801985
"632","dC36","GCxGC_20200803_1151",0.481555517593462
"633","dC36","GCxGC_20200803_1342",0.595880594417407
"634","dC36","GCxGC_20200803_1535",0.433920072190881
"635","dC36","GCxGC_20200803_1728",0.441214281459543
"636","dC36","GCxGC_20200803_2259",0.450465537818326
"637","dC36","GCxGC_20200804_0048",0.422695727910072
"638","dC36","GCxGC_20200804_0238",0.427826055899782
"639","dC36","GCxGC_20200804_0427",0.439105289771588
"640","dC36","GCxGC_20200804_0616",0.341581501865418
"641","dC36","GCxGC_20200804_0806",0.355462821576287
"642","dC36","GCxGC_20200804_0955",0.458922773072836
"643","dC36","GCxGC_20200804_1145",0.424137995420092
"644","dC36","GCxGC_20200804_1348",0.29862970347537
"645","dC36","GCxGC_20200804_1538",0.36345574871733
"646","dC36","GCxGC_20200804_1728",0.333792372807347
"647","dC36","GCxGC_20200804_1918",0.280603311342177
"648","dC36","GCxGC_20200804_2107",0.307785464602842
"649","dC36","GCxGC_20200805_0234",0.310746157874988
"650","dC36","GCxGC_20200805_0423",0.250048723567835
"651","dC36","GCxGC_20200805_0612",0.297724154738329
"652","dC36","GCxGC_20200805_0801",0.271122192988139
"653","dC36","GCxGC_20200805_0949",0.284653947159352
"654","dC36","GCxGC_20200805_1138",0.25972218470962
"655","dC36","GCxGC_20200805_1335",0.205115936417814
"656","dC36","GCxGC_20200805_1524",0.200442363027123
"657","dC36","GCxGC_20200805_1713",0.201856678227311
"658","dC36","GCxGC_20200805_1902",0.182066872559665
"659","dC36","GCxGC_20200806_0028",0.228964734436117
"660","dC36","GCxGC_20200806_0217",0.214823232489574
"661","dC36","GCxGC_20200806_0406",0.189601601350125
"662","dC36","GCxGC_20200806_0554",0.217310057273246
"663","dC36","GCxGC_20200806_0743",0.232559545622019
"664","dC36","GCxGC_20200806_0932",0.196142838713725
"665","dC36","GCxGC_20200806_1121",0.205899595552184
"666","dC36","GCxGC_20200806_1332",0.242226345596174
"667","dC36","GCxGC_20200806_1522",0.264764977941916
"668","dibenzanthracene-d","GCxGC_20200803_1001",0.712581263441136
"669","dibenzanthracene-d","GCxGC_20200803_1151",0.905324721724536
"670","dibenzanthracene-d","GCxGC_20200803_1342",0.797607959239665
"671","dibenzanthracene-d","GCxGC_20200803_1535",0.717120918621553
"672","dibenzanthracene-d","GCxGC_20200803_1728",0.787649846039968
"673","dibenzanthracene-d","GCxGC_20200803_2259",0.772949371782663
"674","dibenzanthracene-d","GCxGC_20200804_0048",0.898653940682916
"675","dibenzanthracene-d","GCxGC_20200804_0238",0.741427138089306
"676","dibenzanthracene-d","GCxGC_20200804_0427",0.928121439896352
"677","dibenzanthracene-d","GCxGC_20200804_0616",0.78846526934592
"678","dibenzanthracene-d","GCxGC_20200804_0806",0.712618081632042
"679","dibenzanthracene-d","GCxGC_20200804_0955",1.16795954351087
"680","dibenzanthracene-d","GCxGC_20200804_1145",0.799618342545861
"681","dibenzanthracene-d","GCxGC_20200804_1348",0.709227128036295
"682","dibenzanthracene-d","GCxGC_20200804_1538",0.682358344932238
"683","dibenzanthracene-d","GCxGC_20200804_1728",0.569792219187087
"684","dibenzanthracene-d","GCxGC_20200804_1918",0.475145237798315
"685","dibenzanthracene-d","GCxGC_20200804_2107",0.535566413009332
"686","dibenzanthracene-d","GCxGC_20200805_0234",0.563229716118714
"687","dibenzanthracene-d","GCxGC_20200805_0423",0.405410047754755
"688","dibenzanthracene-d","GCxGC_20200805_0612",0.533585859108298
"689","dibenzanthracene-d","GCxGC_20200805_0801",0.424435383709406
"690","dibenzanthracene-d","GCxGC_20200805_0949",0.48610683477048
"691","dibenzanthracene-d","GCxGC_20200805_1138",0.414563310390423
"692","dibenzanthracene-d","GCxGC_20200805_1335",0.3370391301255
"693","dibenzanthracene-d","GCxGC_20200805_1524",0.335030436809051
"694","dibenzanthracene-d","GCxGC_20200805_1713",0.336776348264049
"695","dibenzanthracene-d","GCxGC_20200805_1902",0.311226774429361
"696","dibenzanthracene-d","GCxGC_20200806_0028",0.313731211766435
"697","dibenzanthracene-d","GCxGC_20200806_0217",0.345592355288741
"698","dibenzanthracene-d","GCxGC_20200806_0406",0.310710133829444
"699","dibenzanthracene-d","GCxGC_20200806_0554",0.334279701256708
"700","dibenzanthracene-d","GCxGC_20200806_0743",0.381864691384692
"701","dibenzanthracene-d","GCxGC_20200806_0932",0.340738717620673
"702","dibenzanthracene-d","GCxGC_20200806_1121",0.275563417679688
"703","dibenzanthracene-d","GCxGC_20200806_1332",0.376781858725209
"704","dibenzanthracene-d","GCxGC_20200806_1522",0.393147962827655
"705","pentaerythritol-C13","GCxGC_20200803_1001",0.0937998657342289
"706","pentaerythritol-C13","GCxGC_20200803_1151",0.20460370367125
"707","pentaerythritol-C13","GCxGC_20200803_1342",0.0500656101168597
"708","pentaerythritol-C13","GCxGC_20200803_1535",0.137934957334454
"709","pentaerythritol-C13","GCxGC_20200803_1728",0.0473258591969355
"710","pentaerythritol-C13","GCxGC_20200803_2259",0.0804945857775259
"711","pentaerythritol-C13","GCxGC_20200804_0048",0.0602768385906071
"712","pentaerythritol-C13","GCxGC_20200804_0238",0.0553813055931678
"713","pentaerythritol-C13","GCxGC_20200804_0427",0.0468007520937904
"714","pentaerythritol-C13","GCxGC_20200804_0616",0.128509231031914
"715","pentaerythritol-C13","GCxGC_20200804_0806",0.0490213483987769
"716","pentaerythritol-C13","GCxGC_20200804_0955",0.0941459848422749
"717","pentaerythritol-C13","GCxGC_20200804_1145",0.0522967985540496
"718","pentaerythritol-C13","GCxGC_20200804_1348",0.040492590023243
"719","pentaerythritol-C13","GCxGC_20200804_1538",0.0525324404961739
"720","pentaerythritol-C13","GCxGC_20200804_1728",0.0963040555575678
"721","pentaerythritol-C13","GCxGC_20200804_1918",0.0308057066836165
"722","pentaerythritol-C13","GCxGC_20200804_2107",0.0536098103580382
"723","pentaerythritol-C13","GCxGC_20200805_0234",0.0221973265557506
"724","pentaerythritol-C13","GCxGC_20200805_0423",0.103103832267241
"725","pentaerythritol-C13","GCxGC_20200805_0612",0.052447821300886
"726","pentaerythritol-C13","GCxGC_20200805_0801",0.0362185622423025
"727","pentaerythritol-C13","GCxGC_20200805_0949",0.0471402173004322
"728","pentaerythritol-C13","GCxGC_20200805_1138",0.130096195206364
"729","pentaerythritol-C13","GCxGC_20200805_1335",0.0423562639269794
"730","pentaerythritol-C13","GCxGC_20200805_1524",0.0310311405133306
"731","pentaerythritol-C13","GCxGC_20200805_1713",0.0280744643793199
"732","pentaerythritol-C13","GCxGC_20200805_1902",0.0308657562748645
"733","pentaerythritol-C13","GCxGC_20200806_0028",0.0100886437179902
"734","pentaerythritol-C13","GCxGC_20200806_0217",0.0157798847365371
"735","pentaerythritol-C13","GCxGC_20200806_0406",0.0138527287402397
"736","pentaerythritol-C13","GCxGC_20200806_0554",0.0481866169425334
"737","pentaerythritol-C13","GCxGC_20200806_0743",0.013962977673684
"738","pentaerythritol-C13","GCxGC_20200806_0932",0.0218770175041679
"739","pentaerythritol-C13","GCxGC_20200806_1121",0.0125622339827821
"740","pentaerythritol-C13","GCxGC_20200806_1332",0.0525157181123012
"741","pentaerythritol-C13","GCxGC_20200806_1522",0.0160878155036186
"742","perylene-d","GCxGC_20200803_1001",0.773409184007911
"743","perylene-d","GCxGC_20200803_1151",0.625663485374865
"744","perylene-d","GCxGC_20200803_1342",0.606105965296961
"745","perylene-d","GCxGC_20200803_1535",0.502568978242297
"746","perylene-d","GCxGC_20200803_1728",0.42936799582484
"747","perylene-d","GCxGC_20200803_2259",0.315468715665922
"748","perylene-d","GCxGC_20200804_0048",0.427877900821189
"749","perylene-d","GCxGC_20200804_0238",0.400669425809588
"750","perylene-d","GCxGC_20200804_0427",0.292823589081819
"751","perylene-d","GCxGC_20200804_0616",0.215920470735925
"752","perylene-d","GCxGC_20200804_0806",0.141477315468053
"753","perylene-d","GCxGC_20200804_0955",0.227402670472893
"754","perylene-d","GCxGC_20200804_1145",0.213267377537849
"755","perylene-d","GCxGC_20200804_1348",0.464575509437008
"756","perylene-d","GCxGC_20200804_1538",0.435558626751776
"757","perylene-d","GCxGC_20200804_1728",0.332084571916333
"758","perylene-d","GCxGC_20200804_1918",0.193688343548994
"759","perylene-d","GCxGC_20200804_2107",0.242644893936501
"760","perylene-d","GCxGC_20200805_0234",0.232586447459993
"761","perylene-d","GCxGC_20200805_0423",0.168241970415822
"762","perylene-d","GCxGC_20200805_0612",0.165142509635383
"763","perylene-d","GCxGC_20200805_0801",0.258269376245599
"764","perylene-d","GCxGC_20200805_0949",0.177181349207863
"765","perylene-d","GCxGC_20200805_1138",0.114028668559739
"766","perylene-d","GCxGC_20200805_1335",0.196110551077273
"767","perylene-d","GCxGC_20200805_1524",0.211041715707023
"768","perylene-d","GCxGC_20200805_1713",0.171482428010752
"769","perylene-d","GCxGC_20200805_1902",0.206352718274671
"770","perylene-d","GCxGC_20200806_0028",0.141823254550721
"771","perylene-d","GCxGC_20200806_0217",0.19503829134039
"772","perylene-d","GCxGC_20200806_0406",0.169388738629172
"773","perylene-d","GCxGC_20200806_0554",0.202064060727131
"774","perylene-d","GCxGC_20200806_0743",0.176094169011618
"775","perylene-d","GCxGC_20200806_0932",0.200092187152439
"776","perylene-d","GCxGC_20200806_1121",0.167484572165431
"777","perylene-d","GCxGC_20200806_1332",0.169789959593542
"778","perylene-d","GCxGC_20200806_1522",0.177417323510752
