BlobID,Description,Compound Name,Library RI,LRI I,Library Match Factor,Volume,Group Name,Inclusion,Internal Standard,Retention I (min),Retention II (sec),Peak Value,Library Name,Library Formula,Library ID,Library Molecular Weight,Characteristic Ions,Characteristic Ions Response
17,,blob5_g48_2-Decen-1-ol,1157.0,1157.4468085106382,968,6100989.0,,false,0,29.250033197500496,2.2199997114000376,194679.0,caice_voc_g48,C10H20O,19,156,,
9,,"blob11_g48_Cyclotrisiloxane, hexamethyl-",828.0,828.3333333333333,961,1.706192E7,,false,0,14.66670176000025,0.709999907700012,257692.0,caice_voc_g48,C6H18O3Si3,17,222,,
27,,blob20_g48_1-Decene,996.0,996.3636363636363,949,2143142.0,,false,0,22.666700720000385,0.9299998791000158,134021.0,caice_voc_g48,C10H20,32,140,,
10,,"blob15_g48_Pentadecane, 5-methyl-",1554.0,1554.0540540540542,948,4178323.0,,false,0,42.91669808750073,0.999999870000017,237154.0,caice_voc_g48,C16H34,22,226,,
7,,blob16_g48_1-Dodecene,1198.0,1197.8723404255318,944,5244426.0,,false,0,30.833366325000522,1.0199998674000172,264001.0,caice_voc_g48,C12H24,29,168,,
22,,blob21_g48_1-Undecene,1098.0,1098.0,943,2529511.0,,false,0,26.916700167500455,0.9699998739000164,144095.0,caice_voc_g48,C11H22,34,154,,
2,,"blob6_g48_Cyclotetrasiloxane, octamethyl-",985.0,992.7272727272727,943,7446417.0,,false,0,22.500034075000382,0.5799999246000098,366298.0,caice_voc_g48,C8H24O4Si4,21,296,,
35,,"blob30_g48_Octane, 2,2,6-trimethyl-",962.0,961.8181818181818,939,1140196.0,,false,0,21.08336759250036,0.6999999090000119,92103.0,caice_voc_g48,C11H24,43,156,,
29,,blob24_g48_2-Decen-1-ol,1259.0,1259.0909090909095,936,1965848.0,,false,0,33.083366032500564,2.2199997114000376,121827.0,caice_voc_g48,C10H20O,36,156,,
48,,"blob31_g48_2-Octen-1-ol, (E)-",1054.0,1054.0,936,1683549.0,,false,0,25.083367072500426,2.239999708800038,60940.0,caice_voc_g48,C8H16O,37,128,,
193,,"blob123_g48_Cyclopentene, 1-ethenyl-3-methylene-",922.0,921.8181818181818,933,635541.0,,false,0,19.250034497500327,2.7999996360000474,31499.0,caice_voc_g48,C8H10,49,106,,
604,,"blob167_g48_Decane, 2,2,4-trimethyl-",1032.0,1032.0,929,171033.0,,false,0,24.16670052500041,0.709999907700012,12458.0,caice_voc_g48,C13H28,102,184,,
16,,"blob18_g48_Hexadecen-1-ol, trans-9-",1609.0,1611.4285714285716,929,5418886.0,,false,0,44.66669786000076,1.1899998453000202,201282.0,caice_voc_g48,C16H32O,27,240,,
42,,blob84_g48_Styrene_CAICE_vocstand_incomplete,925.0,923.6363636363636,928,3648408.0,,false,0,19.33336782000033,4.049999473500069,73992.0,caice_voc_g48,-,2,0,,
56,,"blob137_g48_ethanone, 2,2-dichloro-2-fluoro-1-phenyl-",1030.0,1030.0,927,2281686.0,,false,0,24.083367202500412,3.239999578800055,47231.0,caice_voc_g48,C8H5Cl2FO,40,206,,
28,,blob32_g48_Cetene,1597.0,1597.2972972972973,926,1740389.0,,false,0,44.25003124750074,1.1899998453000202,123198.0,caice_voc_g48,C16H32,41,224,,
409,,blob84_g48_Styrene_CAICE_vocstand_incomplete,925.0,923.6363636363636,926,342270.0,,false,0,19.33336782000033,4.449999421500076,15745.0,caice_voc_g48,-,2,0,,
19,,"blob19_g48_Pentadecane, 3-methyl-",1573.0,1572.9729729729731,923,3609819.0,,false,0,43.500031345000735,1.0299998661000174,175585.0,caice_voc_g48,C16H34,30,226,,
4,,"blob3_g48_Cyclopentasiloxane, decamethyl-",1149.0,1148.9361702127658,923,5980036.0,,false,0,28.916699907500494,0.5599999272000095,351991.0,caice_voc_g48,C10H30O5Si5,18,370,,
45,,blob82_g48_cis-2-Nonene,897.0,896.6666666666666,922,1301913.0,,false,0,18.08336798250031,0.879999885600015,71769.0,caice_voc_g48,C9H18,44,126,,
15,,"blob8_g48_Furan, 2-[(2-ethoxy-3,4-dimethyl-2-cyclohexen-1-ylidene)methyl]-",1694.0,1694.2857142857144,922,7292213.0,,false,0,47.0833642125008,3.5099995437000593,200629.0,caice_voc_g48,C15H20O2,20,232,,
52,,"blob36_g48_2,2,7,7-Tetramethyloctane",1024.0,1023.9999999999999,920,682771.0,,false,0,23.833367235000406,0.6899999103000117,56658.0,caice_voc_g48,C12H26,42,170,,
332,,"blob142_g48_Octane, 2,3,6,7-tetramethyl-",1040.0,1040.0,918,336204.0,,false,0,24.500033815000414,0.7399999038000126,20491.0,caice_voc_g48,C12H26,67,170,,
305,,"blob158_g48_Decane, 2,5,9-trimethyl-",976.0,976.3636363636363,916,424007.0,,false,0,21.75003417250037,0.709999907700012,22778.0,caice_voc_g48,C13H28,74,184,,
53,,"blob85_g48_Cyclopropane, nonyl-",1298.0,1297.727272727273,916,537378.0,,false,0,34.50003251500058,1.059999862200018,54893.0,caice_voc_g48,C12H24,69,168,,
41,,"blob83_g48_Tetradecane, 4-ethyl-",1538.0,1537.8378378378382,915,789544.0,,false,0,42.41669815250072,0.9799998726000166,82251.0,caice_voc_g48,C16H34,47,226,,
605,,blob175_g48_4-Cyanocyclohexene,1106.0,1106.3829787234042,913,443754.0,,false,0,27.250033457500464,1.3899998193000236,12032.0,caice_voc_g48,C7H9N,53,107,,
626,,"blob166_g48_Decane, 2,5,9-trimethyl-",1080.0,1080.0,911,211861.0,,false,0,26.166700265000443,0.769999899900013,11903.0,caice_voc_g48,C13H28,70,184,,
417,,"blob184_g48_Cyclotetrasiloxane, octamethyl-",991.0,983.6363636363635,910,183924.0,,false,0,22.083367462500373,0.5899999233000099,16068.0,caice_voc_g48,C8H24O4Si4,83,296,,
203,,"blob134_g48_Heptane, 5-ethyl-2,2,3-trimethyl-",1060.0,1060.0,908,602413.0,,false,0,25.333367040000432,0.7499999025000127,29943.0,caice_voc_g48,C12H26,57,170,,
179,,blob150_g48_1-Octene,,,908,458135.0,,false,0,13.083368632500221,0.8499998895000144,37142.0,caice_voc_g48,C8H16,84,112,,
46,,blob88_g48_2-Ethyl-1-hexanol,1088.0,1088.0,907,1982408.0,,false,0,26.500033555000453,4.469999418900076,68072.0,caice_voc_g48,C8H18O,39,130,,
40,,"blob80_g48_Octadecane, 2,6-dimethyl-",1532.0,1532.4324324324325,906,1319472.0,,false,0,42.250031507500715,0.9799998726000166,85904.0,caice_voc_g48,C20H42,45,282,,
190,,blob164_g48_1-Iodo-2-methylundecane,1524.0,1524.3243243243242,903,289199.0,,false,0,42.000031540000705,0.9699998739000164,34408.0,caice_voc_g48,C12H25I,124,296,,
47,,"blob172_g48_1,4-Dioxin, 2,3-dihydro-5,6-dimethyl-",850.0,850.0,901,1968215.0,,false,0,15.750034952500267,3.2199995814000544,66295.0,caice_voc_g48,C6H10O2,55,114,,
833,,"blob138_g48_2,4(1H,3H)-Pyrimidinedione, 3,6-dimethyl-",1295.0,1295.4545454545455,900,355777.0,,false,0,34.41669919250058,4.389999429300074,7461.0,caice_voc_g48,C6H8N2O2,35,140,,
30,,blob16_g48_1-Dodecene,1198.0,1209.090909090909,899,1152245.0,,false,0,31.25003293750053,1.0299998661000174,118383.0,caice_voc_g48,C12H24,29,168,,
255,,blob23_g48_1-chloro octane_CAICE_vocstand_incomplete,1090.0,1090.0,899,347389.0,,false,0,26.583366877500453,1.599999792000027,24557.0,caice_voc_g48,-,1,0,,
63,,"blob174_g48_1-Pentadecanamine, N,N-dimethyl-",1516.0,1513.5135135135133,897,658807.0,,false,0,41.6666982500007,1.2499998375000212,43731.0,caice_voc_g48,C17H37N,91,255,,
1020,,blob84_g48_Styrene_CAICE_vocstand_incomplete,925.0,923.6363636363636,897,131868.0,,false,0,19.33336782000033,4.839999370800082,5685.0,caice_voc_g48,-,2,0,,
106,,"blob144_g48_Heptadecane, 2,6-dimethyl-",1745.0,1745.4545454545455,893,902674.0,,false,0,48.500030695000824,1.069999860900018,43515.0,caice_voc_g48,C19H40,62,268,,
592,,"blob370_g48_Z-1,6-Undecadiene",1241.0,1240.909090909091,891,142853.0,,false,0,32.41669945250055,1.3399998258000227,12942.0,caice_voc_g48,C11H20,309,152,,
54,,"blob131_g48_3-Eicosene, (E)-",1697.0,1697.1428571428573,890,767255.0,,false,0,47.1666975350008,1.239999838800021,51480.0,caice_voc_g48,C20H40,58,280,,
136,,"blob29_g48_Phenol, 3,5-bis(1,1-dimethylethyl)-",1611.0,1611.4285714285716,890,2125870.0,,false,0,44.66669786000076,3.649999525500062,41288.0,caice_voc_g48,C14H22O,31,206,,
809,,"blob138_g48_2,4(1H,3H)-Pyrimidinedione, 3,6-dimethyl-",1295.0,1295.4545454545455,889,313708.0,,false,0,34.41669919250058,4.409999426700074,7633.0,caice_voc_g48,C6H8N2O2,35,140,,
566,,"blob198_g48_Undecane, 5-methyl-",1157.0,1157.4468085106382,889,171387.0,,false,0,29.250033197500496,0.829999892100014,13595.0,caice_voc_g48,C12H26,142,170,,
55,,"blob140_g48_1-Nonadecanamine, N,N-dimethyl-",1715.0,1715.1515151515152,887,1152355.0,,false,0,47.666697470000805,1.3199998284000223,48661.0,caice_voc_g48,C21H45N,59,311,,
241,Limonene,blob168_g48_Limonene_CAICE_vocstand_incomplete,1044.0,1044.0,887,327857.0,,true,0,24.66670046000042,1.6199997894000275,24607.0,caice_voc_g48,-,6,0,,
871,,"blob185_g48_1H-Tetrazole, 1-methyl-",852.0,851.6666666666665,887,352565.0,,false,0,15.833368275000266,4.409999426700074,7208.0,caice_voc_g48,C2H4N4,64,84,,
369,,blob237_g48_o-Xylene,895.0,895.0,887,439534.0,,false,0,18.000034660000306,2.549999668500043,18171.0,caice_voc_g48,C8H10,133,106,,
32,,"blob124_g48_2-Dodecene, (Z)-",1209.0,1220.4545454545455,886,1195295.0,,false,0,31.666699550000537,1.0499998635000178,108704.0,caice_voc_g48,C12H24,90,168,,
936,,"blob291_g48_Decane, 2,2,5-trimethyl-",929.0,929.090909090909,886,68094.0,,false,0,19.583367787500332,0.6699999129000114,6564.0,caice_voc_g48,C13H28,277,184,,
1129,,"blob398_g48_Butane, 1-isocyano-",920.0,919.9999999999999,885,110066.0,,false,0,19.166701175000323,3.8699994969000655,4886.0,caice_voc_g48,C5H9N,175,83,,
1595,,"blob153_g48_1,10-Dicyanodecane",1166.0,1165.9574468085107,883,68165.0,,false,0,29.583366487500502,3.5699995359000605,2834.0,caice_voc_g48,C12H20N2,68,192,,
59,,"blob143_g48_Heptadecane, 2,6-dimethyl-",1516.0,1516.2162162162163,881,1221694.0,,false,0,41.7500315725007,0.9599998752000163,47536.0,caice_voc_g48,C19H40,51,268,,
303,,"blob162_g48_Decane, 2,5,9-trimethyl-",1066.0,1066.0,881,434982.0,,false,0,25.583367007500435,0.7599999012000129,21948.0,caice_voc_g48,C13H28,75,184,,
416,,blob84_g48_Styrene_CAICE_vocstand_incomplete,925.0,923.6363636363636,881,80344.0,,false,0,19.33336782000033,4.369999431900074,15589.0,caice_voc_g48,-,2,0,,
249,,"blob151_g48_Heptasiloxane, hexadecamethyl-",1559.0,1559.4594594594596,878,299167.0,,false,0,43.083364732500726,0.6099999207000103,25422.0,caice_voc_g48,C16H48O6Si7,96,532,,
1666,,"blob314_g48_3-Hexanone, 2,5-dimethyl-",1022.0,1021.9999999999999,878,56697.0,,false,0,23.750033912500403,1.949999746500033,2617.0,caice_voc_g48,C8H16O,226,128,,
932,,"blob436_g48_2,3-Pentanedione, 4-methyl-",,,876,190717.0,,false,0,12.583368697500212,2.769999639900047,6525.0,caice_voc_g48,C6H10O2,185,114,,
181,,blob139_g48_Acetophenone_CAICE_vocstand_incomplete,1145.0,1144.6808510638298,874,1361097.0,,false,0,28.75003326250049,2.4999996750000424,36763.0,caice_voc_g48,-,3,0,,
735,,"blob326_g48_Dodecane, 2-methyl-",1266.0,1265.909090909091,873,228093.0,,false,0,33.33336600000057,0.8699998869000147,8944.0,caice_voc_g48,C13H28,188,184,,
311,,"blob183_g48_Hexanal, 5-methyl-",951.0,949.090909090909,871,514576.0,,false,0,20.50003433500035,2.3199996984000393,21890.0,caice_voc_g48,C7H14O,73,114,,
992,,"blob222_g48_Octane, 2,3,7-trimethyl-",1109.0,1108.5106382978722,871,85345.0,,false,0,27.333366780000464,0.7899998973000134,6119.0,caice_voc_g48,C11H24,141,156,,
1403,,blob364_g48_gamma aminobutyric acid_CAICE_vocstand_incomplete,1072.0,1070.0,870,99331.0,,false,0,25.750033652500438,4.479999417600076,3257.0,caice_voc_g48,-,7,0,,
982,,"blob817_g48_4,4'-bi-4H-pyran, 2,2',6,6'-tetrakis(1,1-dimethylethyl)-4,4'-dimethyl-",833.0,833.3333333333333,869,66675.0,,false,0,14.916701727500252,1.0799998596000182,5891.0,caice_voc_g48,C28H46O2,369,414,,
243,,blob186_g48_4-Trifluoroacetoxyhexadecane,1581.0,1581.0810810810813,868,364990.0,,false,0,43.75003131250074,1.1499998505000195,25113.0,caice_voc_g48,C18H33F3O2,131,338,,
1228,,"blob447_g48_Heptane, 2,3,6-trimethyl-",916.0,916.3636363636363,868,57948.0,,false,0,19.000034530000324,0.709999907700012,4363.0,caice_voc_g48,C10H22,354,142,,
742,,blob173_g48_tert-Butyl glycidyl ether,1044.0,1044.0,867,204643.0,,false,0,24.66670046000042,0.8699998869000147,8852.0,caice_voc_g48,C7H14O2,108,130,,
37,,blob154_g48_Geranylacetone_CAICE_vocstand_incomplete,,,864,5957596.0,,false,0,52.83336346500089,3.3999995580000575,89376.0,caice_voc_g48,-,5,0,,
404,,"blob208_g48_Cyclobutene, 2-propenylidene-",,,864,547556.0,,false,0,12.833368665000217,2.7399996438000462,15611.0,caice_voc_g48,C7H8,77,92,,
707,,"blob417_g48_Cyclobutene, 2-propenylidene-",1291.0,1290.909090909091,864,145130.0,,false,0,34.25003254750058,2.179999716600037,9198.0,caice_voc_g48,C7H8,313,92,,
1386,,"blob478_g48_2-Butanone, 3,3-dimethyl-1-thiocyanato-",936.0,936.3636363636364,864,87572.0,,false,0,19.916701077500342,2.119999724400036,3398.0,caice_voc_g48,C7H11NOS,301,157,,
522,,"blob255_g48_Undecane, 2-methyl-",1166.0,1165.9574468085107,862,133350.0,,false,0,29.583366487500502,0.8199998934000139,14271.0,caice_voc_g48,C12H26,250,170,,
682,,blob323_g48_Butanimidamide,944.0,943.6363636363635,862,170160.0,,false,0,20.250034367500344,2.3699996919000403,9564.0,caice_voc_g48,C4H10N2,228,86,,
598,,"blob342_g48_1,3,5-Cycloheptatriene, 7-ethyl-",980.0,980.0,862,206894.0,,false,0,21.916700817500374,2.289999702300039,12566.0,caice_voc_g48,C9H12,186,120,,
330,,"blob283_g48_Cyclopropane, 1-heptyl-2-methyl-",1532.0,1532.4324324324325,860,715904.0,,false,0,42.250031507500715,3.7599995112000637,20300.0,caice_voc_g48,C11H22,135,154,,
1412,,"blob286_g48_Tetradecane, 1-iodo-",1220.0,1220.4545454545455,860,51247.0,,false,0,31.666699550000537,0.8899998843000151,3287.0,caice_voc_g48,C14H29I,192,324,,
310,,blob351_g48_3-Methylheptyl acetate,1187.0,1187.2340425531916,860,351386.0,,false,0,30.416699712500517,1.7999997660000304,21670.0,caice_voc_g48,C10H20O2,235,172,,
1703,,blob204_g48_1-Propenylaziridine,1062.0,1062.0,859,62537.0,,false,0,25.416700362500432,3.7399995138000635,2476.0,caice_voc_g48,C5H9N,112,83,,
439,,blob21_g48_1-Undecene,1098.0,1110.6382978723402,859,250391.0,,false,0,27.416700102500464,0.9799998726000166,14635.0,caice_voc_g48,C11H22,34,154,,
1019,,"blob476_g48_3-Decen-2-ol, (E)-",1040.0,1040.0,859,103088.0,,false,0,24.500033815000414,1.2699998349000214,5707.0,caice_voc_g48,C10H20O,191,156,,
39,,"blob165_g48_2-Propenoic acid, tridecyl ester",1733.0,1733.3333333333335,858,2994905.0,,false,0,48.16669740500082,2.2199997114000376,84830.0,caice_voc_g48,C16H30O2,71,254,,
1306,,"blob472_g48_1-Propen-2-ol, formate",843.0,843.3333333333333,858,92638.0,,false,0,15.41670166250026,2.469999678900042,3731.0,caice_voc_g48,C4H6O2,314,86,,
188,,blob190_g48_trans-2-Undecen-1-ol,1773.0,1772.727272727273,857,893339.0,,false,0,49.25003059750084,2.2299997101000377,33007.0,caice_voc_g48,C11H22O,110,170,,
1000,,"blob817_g48_4,4'-bi-4H-pyran, 2,2',6,6'-tetrakis(1,1-dimethylethyl)-4,4'-dimethyl-",833.0,833.3333333333333,857,70024.0,,false,0,14.916701727500252,0.9399998778000159,5876.0,caice_voc_g48,C28H46O2,369,414,,
731,,blob199_g48_3-Amino-5-t-butylisoxazole,1282.0,1281.818181818182,856,181271.0,,false,0,33.916699257500575,2.4999996750000424,8955.0,caice_voc_g48,C7H12N2O,117,140,,
182,,blob32_g48_Cetene,1597.0,1591.891891891892,856,564945.0,,false,0,44.083364602500744,1.1699998479000198,36166.0,caice_voc_g48,C16H32,41,224,,
631,,"blob450_g48_1,3-Dioxolane, 4-methyl-2-pentyl-",812.0,811.6666666666666,856,279842.0,,false,0,13.833368535000234,2.109999725700036,11293.0,caice_voc_g48,C9H18O2,260,158,,
400,,"blob225_g48_Bicyclo[2.2.2]oct-7-en-2-one, 5-methylene-",1086.0,1086.0,855,286548.0,,false,0,26.41670023250045,2.2299997101000377,15939.0,caice_voc_g48,C9H10O,167,134,,
810,,"blob347_g48_4-Nonene, 2-methyl-",1020.0,1009.9999999999999,855,142621.0,,false,0,23.250033977500394,0.9399998778000159,8225.0,caice_voc_g48,C10H20,300,140,,
1111,,"blob565_g48_4,4'-bi-4H-pyran, 2,2',6,6'-tetrakis(1,1-dimethylethyl)-4,4'-dimethyl-",827.0,830.0,855,56157.0,,false,0,14.75003508250025,1.1399998518000194,4831.0,caice_voc_g48,C28H46O2,258,414,,
57,,"blob133_g48_Sulfurous acid, hexyl tetradecyl ester",1752.0,1751.5151515151515,854,818968.0,,false,0,48.66669734000082,1.0799998596000182,47250.0,caice_voc_g48,C20H42O3S,63,362,,
242,,blob177_g48_1-Iodo-2-methylundecane,1508.0,1508.1081081081081,854,206664.0,,false,0,41.5000316050007,0.949999876500016,24840.0,caice_voc_g48,C12H25I,114,296,,
276,,blob308_g48_Naphthalene_CAICE_vocstand_incomplete,1250.0,1250.0000000000002,854,960512.0,,false,0,32.75003274250056,1.4299998141000243,23331.0,caice_voc_g48,-,9,0,,
1814,,"blob531_g48_Cyclobutane, 1,2-diethyl-, cis-",1130.0,1129.7872340425533,854,81749.0,,false,0,28.166700005000482,4.859999368200082,2332.0,caice_voc_g48,C8H16,224,112,,
1201,,blob364_g48_gamma aminobutyric acid_CAICE_vocstand_incomplete,1072.0,1072.0,853,71311.0,,false,0,25.83336697500044,4.3799994306000745,4319.0,caice_voc_g48,-,7,0,,
376,,"blob193_g48_Undecane, 3-methyl-",1172.0,1172.3404255319147,852,177574.0,,false,0,29.833366455000505,0.8499998895000144,18415.0,caice_voc_g48,C12H26,143,170,,
1159,,"blob208_g48_Cyclobutene, 2-propenylidene-",,,852,87992.0,,false,0,12.833368665000217,3.5799995346000606,4621.0,caice_voc_g48,C7H8,77,92,,
292,,"blob244_g48_Cyclobutene, 2-propenylidene-",1187.0,1187.2340425531916,852,389997.0,,false,0,30.416699712500517,2.1899997153000372,22664.0,caice_voc_g48,C7H8,152,92,,
859,,"blob347_g48_4-Nonene, 2-methyl-",1020.0,1019.9999999999999,852,146473.0,,false,0,23.666700590000403,0.9599998752000163,7399.0,caice_voc_g48,C10H20,300,140,,
1049,,"blob393_g48_Azetidine, 3-methyl-3-phenyl-",1014.0,1014.0,852,129530.0,,false,0,23.4167006225004,3.4199995554000577,5637.0,caice_voc_g48,C10H13N,189,147,,
716,,"blob529_g48_1-Penten-1-one, 2-methyl-",1100.0,1100.0,851,776656.0,,false,0,27.00003349000046,3.1199995944000527,9010.0,caice_voc_g48,C6H10O,171,98,,
398,,"blob207_g48_2-Undecanethiol, 2-methyl-",1111.0,1112.7659574468084,850,497959.0,,false,0,27.500033425000467,0.9099998817000154,16545.0,caice_voc_g48,C12H26S,80,202,,
668,,blob334_g48_Benzyl 2-chloroethyl sulfone,1070.0,1070.0,850,370140.0,,false,0,25.750033652500438,1.1599998492000196,9976.0,caice_voc_g48,C9H11ClO2S,154,218,,
738,,"blob377_g48_3,5-Dibutoxy-1,1,1,7,7,7-hexamethyl-3,5-bis(trimethylsiloxy)tetrasiloxane",1257.0,1259.0909090909095,850,97874.0,,false,0,33.083366032500564,0.6799999116000115,9097.0,caice_voc_g48,C20H54O7Si6,297,574,,
873,,"blob420_g48_Octane, 2,3,7-trimethyl-",1255.0,1254.545454545455,850,143426.0,,false,0,32.916699387500564,0.8599998882000146,7243.0,caice_voc_g48,C11H24,320,156,,
700,,"blob179_g48_Decane, 2,5,9-trimethyl-",1117.0,1117.0212765957444,849,207106.0,,false,0,27.66670007000047,0.7899998973000134,9442.0,caice_voc_g48,C13H28,61,184,,
1169,,"blob205_g48_Octane, 5-ethyl-2-methyl-",1132.0,1131.9148936170213,849,81938.0,,false,0,28.250033327500482,0.8399998908000142,4582.0,caice_voc_g48,C11H24,107,156,,
213,,"blob442_g48_Octane, 2-methyl-",865.0,865.0,849,264911.0,,false,0,16.50003485500028,0.6999999090000119,26182.0,caice_voc_g48,C9H20,241,128,,
644,,"blob290_g48_Cyclobutanol, 2-ethyl-",848.0,846.6666666666666,847,347210.0,,false,0,15.583368307500264,2.4499996815000413,10937.0,caice_voc_g48,C6H12O,106,100,,
413,,blob220_g48_1-Iodo-2-methylundecane,1689.0,1688.5714285714287,846,581588.0,,false,0,46.9166975675008,1.0099998687000171,15676.0,caice_voc_g48,C12H25I,109,296,,
1229,,"blob371_g48_Cyclohexane, pentyl-",1145.0,1144.6808510638298,846,62461.0,,false,0,28.75003326250049,1.059999862200018,4125.0,caice_voc_g48,C11H22,325,154,,
1146,,"blob431_g48_Decane, 2,5,6-trimethyl-",962.0,961.8181818181818,846,86060.0,,false,0,21.08336759250036,0.879999885600015,4648.0,caice_voc_g48,C13H28,265,184,,
1223,,"blob456_g48_Phosphonic acid, (p-hydroxyphenyl)-",1140.0,1138.2978723404253,846,112287.0,,false,0,28.500033295000485,5.099999337000086,4178.0,caice_voc_g48,C6H7O4P,150,174,,
402,,"blob250_g48_Oxalic acid, isohexyl neopentyl ester",1282.0,1281.818181818182,845,166559.0,,false,0,33.916699257500575,0.7799998986000132,16723.0,caice_voc_g48,C13H24O4,243,244,,
937,,"blob282_g48_Heptadecane, 2,6,10,14-tetramethyl-",,1814.8103473055235,843,74365.0,,false,0,39.83336515500068,0.8999998830000152,6673.0,caice_voc_g48,C21H44,208,296,,
868,,"blob450_g48_1,3-Dioxolane, 4-methyl-2-pentyl-",812.0,821.6666666666666,843,172942.0,,false,0,14.333368470000242,2.239999708800038,7169.0,caice_voc_g48,C9H18O2,260,158,,
189,,"blob80_g48_Octadecane, 2,6-dimethyl-",1532.0,1537.036511447708,843,587634.0,,false,0,41.0833649925007,0.9399998778000159,33708.0,caice_voc_g48,C20H42,45,282,,
394,,"blob158_g48_Decane, 2,5,9-trimethyl-",976.0,981.8181818181818,842,223602.0,,false,0,22.000034140000373,0.709999907700012,17003.0,caice_voc_g48,C13H28,74,184,,
293,,"blob170_g48_Cyclopentane, undecyl-",1666.0,1665.7142857142856,842,433073.0,,false,0,46.25003098750078,1.2699998349000214,22428.0,caice_voc_g48,C16H32,93,224,,
681,,blob287_g48_o-Xylene,887.0,886.6666666666666,842,189640.0,,false,0,17.5833680475003,2.4999996750000424,9730.0,caice_voc_g48,C8H10,162,106,,
655,,"blob438_g48_Decane, 2,5,9-trimethyl-",1216.0,1215.909090909091,841,137991.0,,false,0,31.500032905000534,0.829999892100014,10849.0,caice_voc_g48,C13H28,327,184,,
1029,,"blob485_g48_3(2H)-Furanone, dihydro-2,2-dimethyl-5-phenyl-",925.0,925.4545454545455,841,97549.0,,false,0,19.416701142500333,0.6999999090000119,5656.0,caice_voc_g48,C12H14O2,289,190,,
714,,"blob241_g48_Hexadecen-1-ol, trans-9-",1250.0,1250.0000000000002,840,142203.0,,false,0,32.75003274250056,1.0899998583000186,9517.0,caice_voc_g48,C16H32O,195,240,,
1085,,"blob456_g48_Phosphonic acid, (p-hydroxyphenyl)-",1140.0,1138.2978723404253,840,95623.0,,false,0,28.583366617500484,0.30999995970000527,5150.0,caice_voc_g48,C6H7O4P,150,174,,
837,,"blob307_g48_Benzene, 1,2,3-trimethyl-",1024.0,1023.9999999999999,839,187177.0,,false,0,23.833367235000406,2.6299996581000444,7511.0,caice_voc_g48,C9H12,165,120,,
1454,,blob682_g48_Pentanal,,,839,166353.0,,false,0,10.416702312500176,2.5199996724000426,3190.0,caice_voc_g48,C5H10O,215,86,,
645,,"blob216_g48_Dodecane, 2,7,10-trimethyl-",1543.0,1543.2432432432433,837,129290.0,,false,0,42.58336479750072,0.879999885600015,11197.0,caice_voc_g48,C15H32,211,212,,
210,,blob333_g48_2-Ethylhexanal,998.0,998.181818181818,837,444357.0,,false,0,22.750034042500385,1.8399997608000311,27197.0,caice_voc_g48,C8H16O,214,128,,
912,,"blob389_g48_Decane, 6-ethyl-2-methyl-",1273.0,1272.727272727273,837,127762.0,,false,0,33.58336596750057,0.8899998843000151,7071.0,caice_voc_g48,C13H28,261,184,,
1312,,"blob633_g48_3,4 dihydroxybenzoic acid_CAICE_vocstand_incomplete",865.0,866.6666666666665,837,172495.0,,false,0,16.58336817750028,1.4299998141000243,3710.0,caice_voc_g48,-,14,0,,
686,,"blob303_g48_Cyclopropane, 1-butyl-2-pentyl-, cis-",1293.0,1293.1818181818182,836,151535.0,,false,0,34.33336587000058,1.0299998661000174,9471.0,caice_voc_g48,C12H24,271,168,,
1017,,"blob456_g48_Phosphonic acid, (p-hydroxyphenyl)-",1140.0,1140.4255319148933,835,51119.0,,false,0,28.583366617500484,0.6199999194000105,5794.0,caice_voc_g48,C6H7O4P,150,174,,
1121,,blob404_g48_2-Decen-1-ol,1223.0,1222.727272727273,834,82773.0,,false,0,31.75003287250054,2.139999721800036,4835.0,caice_voc_g48,C10H20O,272,156,,
639,,"blob155_g48_1,4-Methanoazulen-9-one, decahydro-1,5,5,8a-tetramethyl-, [1R-(1,3a,4,8a)]-",1543.0,1543.2432432432433,833,434365.0,,false,0,42.58336479750072,2.6699996529000454,11122.0,caice_voc_g48,C15H24O,78,220,,
990,,"blob401_g48_Hexane, 1-chloro-5-methyl-",1194.0,1193.6170212765958,832,119395.0,,false,0,30.666699680000523,1.6199997894000275,6175.0,caice_voc_g48,C7H15Cl,231,134,,
1154,,"blob456_g48_Phosphonic acid, (p-hydroxyphenyl)-",1140.0,1138.2978723404253,832,61322.0,,false,0,28.583366617500484,0.19999997400000338,4550.0,caice_voc_g48,C6H7O4P,150,174,,
664,,blob304_g48_Methyl glyoxal,916.0,916.3636363636363,831,375278.0,,false,0,19.000034530000324,3.309999569700056,10151.0,caice_voc_g48,C3H4O2,119,72,,
1053,,"blob302_g48_Pentanal, 2,4-dimethyl-",1250.0,1250.0000000000002,830,127551.0,,false,0,32.75003274250056,2.239999708800038,5576.0,caice_voc_g48,C7H14O,207,114,,
1646,,"blob616_g48_3-Penten-1-ol, 4-methyl-",,,830,56900.0,,false,0,10.583368957500179,2.8699996269000487,2665.0,caice_voc_g48,C6H12O,233,100,,
222,,blob192_g48_1-Iodo-2-methylundecane,1724.0,1724.2424242424242,829,625758.0,,false,0,47.91669743750081,1.0499998635000178,25887.0,caice_voc_g48,C12H25I,85,296,,
1191,,blob364_g48_gamma aminobutyric acid_CAICE_vocstand_incomplete,1072.0,1072.0,829,112925.0,,false,0,25.83336697500044,4.319999438400073,4336.0,caice_voc_g48,-,7,0,,
711,,"blob495_g48_1,4-Dioxane, 2,5-dimethyl-",863.0,861.6666666666666,829,412381.0,,false,0,16.333368210000277,2.769999639900047,9118.0,caice_voc_g48,C6H12O2,253,116,,
843,,"blob226_g48_Heptadecane, 2,6-dimethyl-",1649.0,1650.0079827560876,828,215435.0,,false,0,38.416698672500644,0.8999998830000152,7596.0,caice_voc_g48,C19H40,97,268,,
61,,blob723_g48_1-Butanol,,,828,3713921.0,,false,0,10.00003570000017,3.2799995736000556,44295.0,caice_voc_g48,C4H10O,302,74,,
212,,"blob163_g48_Cyclopentane, 1-hexyl-3-methyl-",,,827,747828.0,,false,0,50.416697112500856,1.2799998336000218,26662.0,caice_voc_g48,C12H24,86,168,,
348,,"blob189_g48_Heptadecane, 2,3-dimethyl-",1773.0,1772.727272727273,827,1356047.0,,false,0,49.25003059750084,1.1099998557000188,19521.0,caice_voc_g48,C19H40,82,268,,
1045,,"blob148_g48_Cyclopropane, 1-methyl-2-octyl-",1220.0,1234.090909090909,826,69357.0,,false,0,32.16669948500054,1.069999860900018,5624.0,caice_voc_g48,C12H24,94,168,,
192,,blob190_g48_trans-2-Undecen-1-ol,1773.0,1759.2555801339604,826,786979.0,,false,0,40.08336512250068,2.2099997127000375,32260.0,caice_voc_g48,C11H22O,110,170,,
1353,,"blob372_g48_Tetradecane, 1-iodo-",1255.0,1254.545454545455,825,65337.0,,false,0,32.916699387500564,0.9399998778000159,3567.0,caice_voc_g48,C14H29I,274,324,,
1235,,"blob210_g48_Oxalic acid, 6-ethyloct-3-yl isohexyl ester",1151.0,1151.063829787234,823,79457.0,,false,0,29.000033230000493,0.8699998869000147,4101.0,caice_voc_g48,C18H34O4,88,314,,
1370,,"blob580_g48_2(1H)-Naphthalenone, 3,4,4a,5,6,7-hexahydro-1,1,4a-trimethyl-",1227.0,1225.0,823,81435.0,,false,0,31.833366195000544,1.6699997829000284,3446.0,caice_voc_g48,C13H20O,359,192,,
390,,blob220_g48_1-Iodo-2-methylundecane,1689.0,1703.7008129623973,821,379844.0,,false,0,40.33336509000068,0.9199998804000156,17179.0,caice_voc_g48,C12H25I,109,296,,
1747,,"blob491_g48_2-Decene, 8-methyl-, (Z)-",1032.0,1032.0,820,51226.0,,false,0,24.16670052500041,0.8899998843000151,2326.0,caice_voc_g48,C11H22,262,154,,
1122,,"blob208_g48_Cyclobutene, 2-propenylidene-",,,819,75474.0,,false,0,12.833368665000217,3.2599995762000553,5008.0,caice_voc_g48,C7H8,77,92,,
431,,"blob207_g48_2-Undecanethiol, 2-methyl-",1111.0,1121.276595744681,817,778696.0,,false,0,27.833366715000473,0.9899998713000168,14964.0,caice_voc_g48,C12H26S,80,202,,
318,,blob220_g48_1-Iodo-2-methylundecane,1689.0,1697.1428571428573,817,384609.0,,false,0,47.1666975350008,2.759999641200047,21062.0,caice_voc_g48,C12H25I,109,296,,
1654,,"blob477_g48_o-Toluic acid, 3,5-difluorophenyl ester",1270.0,1270.4545454545457,817,95063.0,,false,0,33.50003264500057,1.529999801100026,2618.0,caice_voc_g48,C14H10F2O2,194,248,,
1750,,blob621_g48_1-Methyl-2-phenylcyclopropane,1126.0,1125.5319148936169,817,79468.0,,false,0,28.000033360000476,3.179999586600054,2365.0,caice_voc_g48,C10H12,288,132,,
280,,blob378_g48_Dodecanal,,1668.5714285714287,816,613402.0,,false,0,46.33336431000078,2.2199997114000376,23081.0,caice_voc_g48,C12H24O,163,184,,
635,,"blob160_g48_Sulfurous acid, decyl 2-ethylhexyl ester",1464.0,1460.977120271391,815,155228.0,,false,0,35.5000323850006,0.829999892100014,11819.0,caice_voc_g48,C18H38O3S,65,334,,
1325,,"blob633_g48_3,4 dihydroxybenzoic acid_CAICE_vocstand_incomplete",865.0,866.6666666666665,815,116982.0,,false,0,16.58336817750028,1.3799998206000235,3531.0,caice_voc_g48,-,14,0,,
656,,"blob215_g48_Nonane, 3,7-dimethyl-",,,813,243476.0,,false,0,50.25003046750085,1.1399998518000194,10545.0,caice_voc_g48,C11H24,137,156,,
515,,blob378_g48_Dodecanal,,1680.4913751869226,812,362714.0,,false,0,36.75003222250062,2.1999997140000374,13748.0,caice_voc_g48,C12H24O,163,184,,
1105,,"blob282_g48_Heptadecane, 2,6,10,14-tetramethyl-",,1750.0111758585335,811,57678.0,,false,0,38.58336531750066,0.9199998804000156,5201.0,caice_voc_g48,C21H44,208,296,,
798,,"blob34_g48_Hexasiloxane, tetradecamethyl-",1400.0,1400.0,811,104911.0,,false,0,38.00003206000064,0.5999999220000102,7924.0,caice_voc_g48,C14H42O5Si6,48,458,,
1194,,blob82_g48_cis-2-Nonene,897.0,909.090909090909,810,67210.0,,false,0,18.666701240000318,0.8999998830000152,4567.0,caice_voc_g48,C9H18,44,126,,
178,,"blob15_g48_Pentadecane, 5-methyl-",1554.0,1548.7828222376038,809,469577.0,,false,0,36.00003232000061,0.8999998830000152,39090.0,caice_voc_g48,C16H34,22,226,,
729,,"blob255_g48_Undecane, 2-methyl-",1166.0,1161.7021276595744,809,78209.0,,false,0,29.416699842500503,0.829999892100014,9096.0,caice_voc_g48,C12H26,250,170,,
1303,,"blob282_g48_Heptadecane, 2,6,10,14-tetramethyl-",,1944.4381373725046,809,75196.0,,false,0,39.25003189750066,0.879999885600015,3897.0,caice_voc_g48,C21H44,208,296,,
1197,,"blob391_g48_Benzene, 1-ethyl-2-methyl-",989.0,989.0909090909091,809,102656.0,,false,0,22.333367430000383,2.3599996932000398,4240.0,caice_voc_g48,C9H12,176,120,,
277,,"blob226_g48_Heptadecane, 2,6-dimethyl-",1649.0,1648.5714285714287,808,719304.0,,false,0,45.75003105250077,0.9699998739000164,24085.0,caice_voc_g48,C19H40,97,268,,
365,,"blob251_g48_Heptadecane, 2,6-dimethyl-",1706.0,1706.0606060606062,808,346368.0,,false,0,47.4166975025008,0.9699998739000164,18800.0,caice_voc_g48,C19H40,201,268,,
694,,blob413_g48_6-methyl-5-hepten-2-one_CAICE_vocstand_incomplete,1042.0,1042.0,808,226999.0,,false,0,24.583367137500417,2.9699996139000504,9393.0,caice_voc_g48,-,11,0,,
1706,,"blob605_g48_Benzene, 1,2,4-trimethyl-",996.0,994.5454545454545,808,85013.0,,false,0,22.583367397500385,2.5199996724000426,2452.0,caice_voc_g48,C9H12,318,120,,
679,,"blob258_g48_Acetophenone, 3'-fluoro-4'-methoxy-",1620.0,1620.0000000000002,807,333649.0,,false,0,44.91669782750076,3.9199994904000666,9967.0,caice_voc_g48,C9H9FO2,132,168,,
1643,,"blob436_g48_2,3-Pentanedione, 4-methyl-",,,807,116613.0,,false,0,10.166702345000171,2.5699996659000437,2655.0,caice_voc_g48,C6H10O2,185,114,,
362,,"blob282_g48_Heptadecane, 2,6,10,14-tetramethyl-",,,806,588995.0,,false,0,50.25003046750085,1.0299998661000174,18716.0,caice_voc_g48,C21H44,208,296,,
448,,blob435_g48_2-Decen-1-ol,1568.0,1567.5675675675677,806,366097.0,,false,0,43.333364700000736,2.2099997127000375,14501.0,caice_voc_g48,C10H20O,257,156,,
412,,"blob524_g48_Octane, 6-ethyl-2-methyl-",1423.0,1417.074269288285,805,193918.0,,false,0,35.2500324175006,0.8699998869000147,16234.0,caice_voc_g48,C11H24,311,156,,
177,,blob21_g48_1-Undecene,1098.0,1090.0,804,999509.0,,false,0,26.583366877500453,0.879999885600015,41000.0,caice_voc_g48,C11H22,34,154,,
1517,,blob229_g48_1-Iodo-2-methylundecane,,1222.727272727273,803,66470.0,,false,0,31.75003287250054,0.8399998908000142,3055.0,caice_voc_g48,C12H25I,138,296,,
669,,"blob282_g48_Heptadecane, 2,6,10,14-tetramethyl-",,1611.1095343431261,803,155665.0,,false,0,40.750031702500685,0.9299998791000158,10179.0,caice_voc_g48,C21H44,208,296,,
795,,"blob453_g48_Oxetane, 2,4-dimethyl-, trans-",833.0,833.3333333333333,803,255928.0,,false,0,14.916701727500252,2.549999668500043,7928.0,caice_voc_g48,C5H10O,202,86,,
18,,"blob15_g48_Pentadecane, 5-methyl-",1554.0,1548.6486486486488,802,3016584.0,,false,0,42.75003144250072,0.9899998713000168,181407.0,caice_voc_g48,C16H34,22,226,,
58,,"blob283_g48_Cyclopropane, 1-heptyl-2-methyl-",1532.0,1518.518255723855,802,695751.0,,false,0,41.166698315000694,1.1499998505000195,47720.0,caice_voc_g48,C11H22,135,154,,
1580,,blob84_g48_Styrene_CAICE_vocstand_incomplete,925.0,925.4545454545455,802,69876.0,,false,0,19.416701142500333,3.599999532000061,2783.0,caice_voc_g48,-,2,0,,
1209,,blob294_g48_2-Ethylbutyl acrylate,1052.0,1052.0,801,157132.0,,false,0,25.000033750000423,1.8499997595000313,4206.0,caice_voc_g48,C9H16O2,168,156,,
659,,blob229_g48_1-Iodo-2-methylundecane,,1796.2920915816703,800,108824.0,,false,0,39.916698477500674,0.9599998752000163,10695.0,caice_voc_g48,C12H25I,138,296,,
461,,blob192_g48_1-Iodo-2-methylundecane,1724.0,1736.3636363636365,798,268157.0,,false,0,48.25003072750082,1.059999862200018,14525.0,caice_voc_g48,C12H25I,85,296,,
187,,blob21_g48_1-Undecene,1098.0,1086.0,798,531553.0,,false,0,26.41670023250045,0.879999885600015,34079.0,caice_voc_g48,C11H22,34,154,,
406,,"blob376_g48_Oxalic acid, allyl hexadecyl ester",1797.0,1796.9696969696968,797,598526.0,,false,0,49.91669717750084,1.2699998349000214,15903.0,caice_voc_g48,C21H38O4,149,354,,
265,,"blob194_g48_1,4-Undecadiene, (E)-",1140.0,1140.4255319148933,796,387072.0,,false,0,28.583366617500484,1.299999831000022,24222.0,caice_voc_g48,C11H20,145,152,,
980,,"blob282_g48_Heptadecane, 2,6,10,14-tetramethyl-",,1591.891891891892,796,183433.0,,false,0,44.083364602500744,0.9799998726000166,6417.0,caice_voc_g48,C21H44,208,296,,
195,,"blob282_g48_Heptadecane, 2,6,10,14-tetramethyl-",,1759.2555801339604,796,590831.0,,false,0,40.08336512250068,0.9099998817000154,32760.0,caice_voc_g48,C21H44,208,296,,
923,,blob316_g48_n-Nonylcyclohexane,1562.0,1562.1621621621623,796,154861.0,,false,0,43.16669805500073,1.2699998349000214,6637.0,caice_voc_g48,C15H30,187,210,,
557,,"blob235_g48_Sulfurous acid, decyl 2-ethylhexyl ester",1709.0,1709.090909090909,795,349802.0,,false,0,47.5000308250008,1.0299998661000174,13827.0,caice_voc_g48,C18H38O3S,105,334,,
211,,"blob143_g48_Heptadecane, 2,6-dimethyl-",1516.0,1519.5142549155316,794,248243.0,,false,0,35.8333656750006,0.8899998843000151,27520.0,caice_voc_g48,C19H40,51,268,,
1827,,"blob770_g48_2'-Hydroxy-5'-methylacetophenone, TMS derivative",1202.0,1202.2727272727273,794,79223.0,,false,0,31.000032970000525,4.779999378600081,2178.0,caice_voc_g48,C12H18O2Si,366,222,,
1126,,"blob570_g48_(1R,2R,4R)-2,7,7-Trimethylbicyclo[2.2.1]heptan-2-ol",1058.0,1056.0,793,88056.0,,false,0,25.166700395000426,1.6399997868000278,4861.0,caice_voc_g48,C10H18O,291,154,,
316,,blob220_g48_1-Iodo-2-methylundecane,1689.0,1697.1428571428573,792,661346.0,,false,0,47.1666975350008,2.8099996347000475,21496.0,caice_voc_g48,C12H25I,109,296,,
979,,"blob282_g48_Heptadecane, 2,6,10,14-tetramethyl-",,1373.171418305179,790,59782.0,,false,0,35.000032450000596,0.8599998882000146,6337.0,caice_voc_g48,C21H44,208,296,,
1592,,"blob282_g48_Heptadecane, 2,6,10,14-tetramethyl-",,1400.0,790,108960.0,,false,0,38.00003206000064,1.6699997829000284,2802.0,caice_voc_g48,C21H44,208,296,,
649,,"blob201_g48_Cyclohexane, undecyl-",1773.0,1772.727272727273,789,383049.0,,false,0,49.25003059750084,1.359999823200023,11131.0,caice_voc_g48,C17H34,103,238,,
606,,"blob282_g48_Heptadecane, 2,6,10,14-tetramethyl-",,1703.7008129623973,789,278720.0,,false,0,40.33336509000068,0.9699998739000164,12109.0,caice_voc_g48,C21H44,208,296,,
44,,blob318_g48_1-Hexadecanol,,1796.2920915816703,788,707157.0,,false,0,39.916698477500674,1.1799998466000199,72716.0,caice_voc_g48,C16H34O,172,242,,
615,,"blob339_g48_Hexane, 1-chloro-5-methyl-",1505.0,1505.4054054054054,788,225169.0,,false,0,41.4166982825007,1.6899997803000286,11756.0,caice_voc_g48,C7H15Cl,220,134,,
1463,,"blob537_g48_Benzoic acid, 2-(1-oxopropyl)-",870.0,871.6666666666666,788,197226.0,,false,0,16.833368145000286,3.659999524200062,3123.0,caice_voc_g48,C10H10O3,144,178,,
595,,"blob247_g48_Tetradecane, 1-iodo-",1663.0,1662.857142857143,786,321243.0,,false,0,46.16669766500078,1.0299998661000174,12589.0,caice_voc_g48,C14H29I,104,324,,
1184,,"blob282_g48_Heptadecane, 2,6,10,14-tetramethyl-",,1944.4381373725046,786,124292.0,,false,0,39.25003189750066,0.949999876500016,4567.0,caice_voc_g48,C21H44,208,296,,
998,,"blob456_g48_Phosphonic acid, (p-hydroxyphenyl)-",1140.0,1138.2978723404253,785,102127.0,,false,0,28.583366617500484,0.4199999454000071,5832.0,caice_voc_g48,C6H7O4P,150,174,,
609,,"blob163_g48_Cyclopentane, 1-hexyl-3-methyl-",,,784,202982.0,,false,0,50.25003046750085,1.2699998349000214,12346.0,caice_voc_g48,C12H24,86,168,,
281,,blob186_g48_4-Trifluoroacetoxyhexadecane,1581.0,1572.9729729729731,784,509117.0,,false,0,43.500031345000735,1.1399998518000194,23241.0,caice_voc_g48,C18H33F3O2,131,338,,
386,,blob220_g48_1-Iodo-2-methylundecane,1689.0,1694.2857142857144,784,1591553.0,,false,0,47.0833642125008,2.9699996139000504,17081.0,caice_voc_g48,C12H25I,109,296,,
704,,"blob282_g48_Heptadecane, 2,6,10,14-tetramethyl-",,1608.5714285714287,784,447003.0,,false,0,44.583364537500756,1.0099998687000171,9090.0,caice_voc_g48,C21H44,208,296,,
628,,"blob282_g48_Heptadecane, 2,6,10,14-tetramethyl-",,1851.8468587532334,784,272035.0,,false,0,39.666698510000664,0.949999876500016,12133.0,caice_voc_g48,C21H44,208,296,,
636,,"blob236_g48_Decane, 3-ethyl-3-methyl-",1758.0,1757.5757575757575,781,201188.0,,false,0,48.83336398500082,1.129999853100019,11770.0,caice_voc_g48,C13H28,147,184,,
1371,,"blob470_g48_4-Hepten-2-one, (E)-",805.0,805.0,781,145345.0,,false,0,13.500035245000229,4.249999447500072,3416.0,caice_voc_g48,C7H12O,178,112,,
1282,,blob229_g48_1-Iodo-2-methylundecane,,1850.0143689609686,780,50556.0,,false,0,38.75003196250066,0.9099998817000154,3775.0,caice_voc_g48,C12H25I,138,296,,
956,,"blob268_g48_3,5-Di-tert-butylbenzoic acid",,,780,252922.0,,false,0,52.83336346500089,1.1999998440000204,6328.0,caice_voc_g48,C15H22O2,95,234,,
393,,"blob259_g48_9-Octadecene, (E)-",,1537.8378378378382,778,390223.0,,false,0,42.41669815250072,1.0899998583000186,16777.0,caice_voc_g48,C18H36,247,252,,
596,,"blob195_g48_3-Hexanone, 2,5-dimethyl-4-nitro-",1663.0,1662.857142857143,775,404328.0,,false,0,46.16669766500078,1.9799997426000335,12492.0,caice_voc_g48,C8H15NO3,101,173,,
848,,blob229_g48_1-Iodo-2-methylundecane,,1680.0,774,428516.0,,false,0,46.66669760000079,3.4499995515000585,7317.0,caice_voc_g48,C12H25I,138,296,,
2053,,blob741_g48_Allyl methallyl ether,1230.0,1229.5454545454545,774,50786.0,,false,0,32.00003284000054,2.94999961650005,1818.0,caice_voc_g48,C7H12O,374,112,,
720,,"blob166_g48_Decane, 2,5,9-trimethyl-",1080.0,1072.0,773,139592.0,,false,0,25.83336697500044,0.7999998960000135,9014.0,caice_voc_g48,C13H28,70,184,,
600,,"blob143_g48_Heptadecane, 2,6-dimethyl-",1516.0,1518.518255723855,772,141177.0,,false,0,41.166698315000694,0.829999892100014,12904.0,caice_voc_g48,C19H40,51,268,,
419,,"blob184_g48_Cyclotetrasiloxane, octamethyl-",991.0,992.7272727272727,771,300624.0,,false,0,22.500034075000382,0.7499999025000127,15353.0,caice_voc_g48,C8H24O4Si4,83,296,,
1220,,"blob259_g48_9-Octadecene, (E)-",,1508.1081081081081,771,63032.0,,false,0,41.5000316050007,1.1499998505000195,4105.0,caice_voc_g48,C18H36,247,252,,
917,,"blob268_g48_3,5-Di-tert-butylbenzoic acid",,,771,60472.0,,false,0,52.83336346500089,1.3099998297000222,6589.0,caice_voc_g48,C15H22O2,95,234,,
931,,"blob282_g48_Heptadecane, 2,6,10,14-tetramethyl-",,1712.121212121212,770,117395.0,,false,0,47.5833641475008,0.8899998843000151,6875.0,caice_voc_g48,C21H44,208,296,,
1560,,blob318_g48_1-Hexadecanol,,1534.1485385765673,770,77974.0,,false,0,35.9166989975006,1.0199998674000172,2869.0,caice_voc_g48,C16H34O,172,242,,
38,,"blob213_g48_N-(Trifluoroacetyl)-N,O,O',O''-tetrakis(trimethylsilyl)norepinephrine",1660.0,1660.0,769,1355779.0,,false,0,46.08336434250078,0.6199999194000105,89430.0,caice_voc_g48,C22H42F3NO4Si4,157,553,,
1815,,"blob246_g48_Silane, trimethyl(3-methyl-1-butynyl)-",1428.0,1446.3428366103553,769,53530.0,,false,0,35.4166990625006,2.299999701000039,2191.0,caice_voc_g48,C8H16Si,126,140,,
900,,"blob402_g48_1,2,5-Oxadiazol-3-amine, 4-(phenylmethoxy)-",1671.0,1671.4285714285716,769,135740.0,,false,0,46.416697632500785,1.8599997582000316,6867.0,caice_voc_g48,C9H9N3O2,251,191,,
352,,"blob259_g48_9-Octadecene, (E)-",,1545.945945945946,768,234509.0,,false,0,42.666698120000724,1.119999854400019,19295.0,caice_voc_g48,C18H36,247,252,,
947,,blob374_g48_4-Trifluoroacetoxyhexadecane,1623.0,1611.1095343431261,768,202420.0,,false,0,40.750031702500685,1.0299998661000174,6428.0,caice_voc_g48,C18H33F3O2,210,338,,
806,,"blob163_g48_Cyclopentane, 1-hexyl-3-methyl-",,1962.9563930963595,767,110901.0,,false,0,39.16669857500066,1.1599998492000196,7853.0,caice_voc_g48,C12H24,86,168,,
616,,"blob259_g48_9-Octadecene, (E)-",,1562.1621621621623,767,198007.0,,false,0,43.16669805500073,1.129999853100019,12047.0,caice_voc_g48,C18H36,247,252,,
1202,,"blob420_g48_Octane, 2,3,7-trimethyl-",1255.0,1247.727272727273,767,77508.0,,false,0,32.666699420000555,0.7999998960000135,4248.0,caice_voc_g48,C11H24,320,156,,
961,,"blob631_g48_Oxalic acid, cyclohexyl tetradecyl ester",,1621.954240542781,767,127311.0,,false,0,36.416698932500616,1.1699998479000198,6333.0,caice_voc_g48,C22H40O4,362,368,,
1086,,blob229_g48_1-Iodo-2-methylundecane,,1562.1621621621623,765,91057.0,,false,0,43.16669805500073,0.8999998830000152,5449.0,caice_voc_g48,C12H25I,138,296,,
324,,"blob465_g48_Oxalic acid, allyl hexadecyl ester",1733.0,1739.028509831065,765,511686.0,,false,0,37.08336551250063,1.059999862200018,21307.0,caice_voc_g48,C21H38O4,269,354,,
1322,,"blob513_g48_Oxalic acid, allyl undecyl ester",,1521.6216216216214,764,74415.0,,false,0,41.9166982175007,1.5499997985000262,3558.0,caice_voc_g48,C16H28O4,199,284,,
1700,,blob20_g48_1-Decene,996.0,980.0,762,51203.0,,false,0,21.916700817500374,0.8999998830000152,2522.0,caice_voc_g48,C10H20,32,140,,
699,,"blob465_g48_Oxalic acid, allyl hexadecyl ester",1733.0,1742.4242424242425,762,364501.0,,false,0,48.41669737250082,1.2099998427000205,9202.0,caice_voc_g48,C21H38O4,269,354,,
744,,"blob465_g48_Oxalic acid, allyl hexadecyl ester",1733.0,1748.4848484848485,762,188174.0,,false,0,48.58336401750082,1.2099998427000205,8542.0,caice_voc_g48,C21H38O4,269,354,,
1722,,"blob90_g48_2-Propenoic acid, 2-methyl-, 3,3,5-trimethylcyclohexyl ester",1393.0,1402.4399856272494,761,64519.0,,false,0,35.166699095000595,2.289999702300039,2447.0,caice_voc_g48,C13H22O2,50,210,,
652,,"blob282_g48_Heptadecane, 2,6,10,14-tetramethyl-",,1665.7142857142856,760,145634.0,,false,0,46.25003098750078,0.999999870000017,10735.0,caice_voc_g48,C21H44,208,296,,
1182,,"blob312_g48_Decane, 2,5,6-trimethyl-",1052.0,1056.0,760,108990.0,,false,0,25.166700395000426,0.8899998843000151,4337.0,caice_voc_g48,C13H28,197,184,,
919,,"blob268_g48_3,5-Di-tert-butylbenzoic acid",,,759,68546.0,,false,0,52.83336346500089,1.2699998349000214,6715.0,caice_voc_g48,C15H22O2,95,234,,
770,,"blob465_g48_Oxalic acid, allyl hexadecyl ester",1733.0,1736.3636363636365,759,240039.0,,false,0,48.25003072750082,1.1999998440000204,8307.0,caice_voc_g48,C21H38O4,269,354,,
1797,,"blob752_g48_p-Dioxin, 2,3-dihydro-5-methyl-",808.0,808.3333333333333,758,104789.0,,false,0,13.666701890000232,4.499999415000076,2232.0,caice_voc_g48,C5H8O2,329,100,,
201,,"blob259_g48_9-Octadecene, (E)-",,1554.0540540540542,757,783743.0,,false,0,42.91669808750073,1.119999854400019,30615.0,caice_voc_g48,C18H36,247,252,,
624,,blob229_g48_1-Iodo-2-methylundecane,,,756,338786.0,,false,0,56.000029720000946,3.6999995190000625,11742.0,caice_voc_g48,C12H25I,138,296,,
619,,blob374_g48_4-Trifluoroacetoxyhexadecane,1623.0,1621.954240542781,755,293645.0,,false,0,36.416698932500616,1.0399998648000177,11690.0,caice_voc_g48,C18H33F3O2,210,338,,
1257,,"blob397_g48_2-Undecanethiol, 2-methyl-",1138.0,1153.191489361702,754,71916.0,,false,0,29.083366552500493,0.949999876500016,4048.0,caice_voc_g48,C12H26S,166,202,,
1200,,"blob515_g48_1-Hexene, 3-methyl-6-phenyl-4-(1-phenylethoxy)-",1631.0,1631.4285714285713,754,104755.0,,false,0,45.25003111750076,2.009999738700034,4362.0,caice_voc_g48,C21H26O,326,294,,
585,,"blob282_g48_Heptadecane, 2,6,10,14-tetramethyl-",,1660.0,753,181266.0,,false,0,46.08336434250078,0.9899998713000168,12830.0,caice_voc_g48,C21H44,208,296,,
447,,"blob448_g48_1-Undecene, 5-methyl-",1485.0,1490.2456875934613,752,157676.0,,false,0,35.6666990300006,0.9299998791000158,14965.0,caice_voc_g48,C12H24,341,168,,
1471,,blob294_g48_2-Ethylbutyl acrylate,1052.0,1052.0,751,79033.0,,false,0,25.000033750000423,1.5599997972000264,3077.0,caice_voc_g48,C9H16O2,168,156,,
726,,blob221_g48_2-Decen-1-ol,1464.0,1450.0015965512212,748,256830.0,,false,0,38.083365382500645,1.289999832300022,9055.0,caice_voc_g48,C10H20O,125,156,,
685,,blob229_g48_1-Iodo-2-methylundecane,,1712.121212121212,748,87203.0,,false,0,47.5833641475008,2.3299996971000394,9367.0,caice_voc_g48,C12H25I,138,296,,
1868,,"blob259_g48_9-Octadecene, (E)-",,1163.8297872340427,748,81053.0,,false,0,29.500033165000502,0.9799998726000166,2092.0,caice_voc_g48,C18H36,247,252,,
678,,"blob283_g48_Cyclopropane, 1-heptyl-2-methyl-",1532.0,1529.72972972973,748,168752.0,,false,0,42.16669818500072,1.0999998570000187,10145.0,caice_voc_g48,C11H22,135,154,,
2034,,blob318_g48_1-Hexadecanol,,1888.8833702009415,748,50719.0,,false,0,39.500031865000665,1.069999860900018,1765.0,caice_voc_g48,C16H34O,172,242,,
966,,"blob650_g48_Benzene, (1-methylundecyl)-",,,747,250825.0,,false,0,51.08336369250086,2.0899997283000356,6266.0,caice_voc_g48,C18H30,263,246,,
1860,,"blob730_g48_1-Heptanol, 6-methyl-",1179.0,1178.723404255319,747,50622.0,,false,0,30.08336642250051,0.9699998739000164,2220.0,caice_voc_g48,C8H18O,328,130,,
267,,"blob161_g48_2,5-Cyclohexadien-1-one, 2,6-bis(1,1-dimethylethyl)-4-ethylidene-",1700.0,1700.0,745,1738714.0,,false,0,47.250030857500796,2.899999623000049,23642.0,caice_voc_g48,C16H24O,54,232,,
14,,"blob163_g48_Cyclopentane, 1-hexyl-3-methyl-",,1885.3713464414186,745,4399122.0,,false,0,37.91669873750064,1.1099998557000188,216976.0,caice_voc_g48,C12H24,86,168,,
587,,blob229_g48_1-Iodo-2-methylundecane,,1685.7142857142858,745,1188337.0,,false,0,46.833364245000794,3.1499995905000535,13119.0,caice_voc_g48,C12H25I,138,296,,
497,,blob374_g48_4-Trifluoroacetoxyhexadecane,1623.0,1622.857142857143,745,292757.0,,false,0,45.00003115000076,1.2199998414000206,13936.0,caice_voc_g48,C18H33F3O2,210,338,,
672,,"blob480_g48_Sulfurous acid, butyl 2-ethylhexyl ester",,1715.1515151515152,745,131801.0,,false,0,47.666697470000805,2.309999699700039,9883.0,caice_voc_g48,C12H26O3S,134,250,,
208,,blob150_g48_1-Octene,,848.3333333333333,744,526216.0,,false,0,15.666701630000265,0.829999892100014,28866.0,caice_voc_g48,C8H16,84,112,,
1323,,"blob282_g48_Heptadecane, 2,6,10,14-tetramethyl-",,1583.783783783784,743,65512.0,,false,0,43.83336463500074,0.9099998817000154,3832.0,caice_voc_g48,C21H44,208,296,,
1736,,"blob770_g48_2'-Hydroxy-5'-methylacetophenone, TMS derivative",1202.0,1202.2727272727273,743,89235.0,,false,0,31.000032970000525,4.869999366900083,2392.0,caice_voc_g48,C12H18O2Si,366,222,,
817,,"blob144_g48_Heptadecane, 2,6-dimethyl-",1745.0,1754.5454545454545,742,168971.0,,false,0,48.750030662500826,0.9299998791000158,7635.0,caice_voc_g48,C19H40,62,268,,
49,,"blob259_g48_9-Octadecene, (E)-",,1850.0143689609686,742,621611.0,,false,0,38.75003196250066,1.129999853100019,60564.0,caice_voc_g48,C18H36,247,252,,
702,,"blob480_g48_Sulfurous acid, butyl 2-ethylhexyl ester",,1682.8571428571427,742,487299.0,,false,0,46.750030922500784,3.349999564500057,9302.0,caice_voc_g48,C12H26O3S,134,250,,
8,,"blob144_g48_Heptadecane, 2,6-dimethyl-",1745.0,1739.028509831065,741,4733812.0,,false,0,37.08336551250063,0.9399998778000159,263705.0,caice_voc_g48,C19H40,62,268,,
209,,blob229_g48_1-Iodo-2-methylundecane,,1009.9999999999999,741,224095.0,,false,0,23.250033977500394,0.7399999038000126,29039.0,caice_voc_g48,C12H25I,138,296,,
637,,"blob282_g48_Heptadecane, 2,6,10,14-tetramethyl-",,1387.8057019662137,741,163785.0,,false,0,35.08336577250059,0.9199998804000156,11778.0,caice_voc_g48,C21H44,208,296,,
1032,,"blob259_g48_9-Octadecene, (E)-",,1733.3333333333335,740,68220.0,,false,0,48.16669740500082,2.6999996490000457,5825.0,caice_voc_g48,C18H36,247,252,,
909,,"blob268_g48_3,5-Di-tert-butylbenzoic acid",,,740,223019.0,,false,0,52.83336346500089,1.3499998245000229,6790.0,caice_voc_g48,C15H22O2,95,234,,
407,,"blob132_g48_2-Tetradecene, (E)-",1423.0,1431.7085529493197,739,273646.0,,false,0,35.333365740000595,0.9299998791000158,16024.0,caice_voc_g48,C14H28,92,196,,
633,,"blob650_g48_Benzene, (1-methylundecyl)-",,1733.3333333333335,739,219258.0,,false,0,48.16669740500082,2.0499997335000346,11648.0,caice_voc_g48,C18H30,263,246,,
613,,blob229_g48_1-Iodo-2-methylundecane,,,738,203373.0,,false,0,55.833363075000946,3.609999530700061,11896.0,caice_voc_g48,C12H25I,138,296,,
126,,blob229_g48_1-Iodo-2-methylundecane,,1014.0,736,522226.0,,false,0,23.4167006225004,0.7399999038000126,43093.0,caice_voc_g48,C12H25I,138,296,,
677,,"blob259_g48_9-Octadecene, (E)-",,1757.5757575757575,736,460638.0,,false,0,48.83336398500082,1.1999998440000204,9851.0,caice_voc_g48,C18H36,247,252,,
1048,,"blob282_g48_Heptadecane, 2,6,10,14-tetramethyl-",,1814.8103473055235,735,154614.0,,false,0,39.83336515500068,1.0499998635000178,5506.0,caice_voc_g48,C21H44,208,296,,
1727,,"blob307_g48_Benzene, 1,2,3-trimethyl-",1024.0,1058.0,735,57007.0,,false,0,25.250033717500433,2.9199996204000493,2496.0,caice_voc_g48,C9H12,165,120,,
890,,"blob490_g48_Benzene, (1-nitropropyl)-",1694.0,1694.2857142857144,735,230729.0,,false,0,47.0833642125008,1.9099997517000324,7065.0,caice_voc_g48,C9H11NO2,264,165,,
914,,blob463_g48_4-Trifluoroacetoxypentadecane,1785.0,1784.8484848484848,734,236497.0,,false,0,49.58336388750084,1.2499998375000212,6879.0,caice_voc_g48,C17H31F3O2,317,324,,
1781,,"blob617_g48_Hexane, 1-chloro-5-methyl-",1298.0,1297.727272727273,734,58376.0,,false,0,34.50003251500058,1.649999785500028,2274.0,caice_voc_g48,C7H15Cl,332,134,,
1267,,"blob259_g48_9-Octadecene, (E)-",,1900.015965512186,733,50238.0,,false,0,38.83336528500066,0.9699998739000164,4011.0,caice_voc_g48,C18H36,247,252,,
1028,,blob318_g48_1-Hexadecanol,,,733,116276.0,,false,0,52.08336356250088,1.3999998180000237,5799.0,caice_voc_g48,C16H34O,172,242,,
739,,blob150_g48_1-Octene,,1052.0,732,145333.0,,false,0,25.000033750000423,0.9299998791000158,8967.0,caice_voc_g48,C8H16,84,112,,
882,,"blob321_g48_Sulfurous acid, butyl 2-ethylhexyl ester",1660.0,1660.0,731,191173.0,,false,0,46.08336434250078,1.129999853100019,7335.0,caice_voc_g48,C12H26O3S,209,250,,
1186,,"blob426_g48_2-Propenoic acid, 2-methyl-, 2-aminoethyl ester, hydrochloride",1516.0,1516.2162162162163,731,180600.0,,false,0,41.7500315725007,2.94999961650005,4381.0,caice_voc_g48,C6H11NO2,198,129,,
5,,"blob163_g48_Cyclopentane, 1-hexyl-3-methyl-",,1500.003193102435,730,5272897.0,,false,0,38.16669870500064,1.0999998570000187,298736.0,caice_voc_g48,C12H24,86,168,,
1268,,blob229_g48_1-Iodo-2-methylundecane,,1575.6756756756758,730,59020.0,,false,0,43.58336466750074,0.8999998830000152,4062.0,caice_voc_g48,C12H25I,138,296,,
695,,"blob422_g48_Cyclopentane, 1-hexyl-3-methyl-",1643.0,1642.857142857143,730,313608.0,,false,0,45.58336440750077,1.2599998362000213,9887.0,caice_voc_g48,C12H24,278,168,,
1449,,"blob431_g48_Decane, 2,5,6-trimethyl-",962.0,958.1818181818181,730,54022.0,,false,0,20.916700947500356,0.879999885600015,3189.0,caice_voc_g48,C13H28,265,184,,
1578,,blob229_g48_1-Iodo-2-methylundecane,,898.3333333333333,729,54629.0,,false,0,18.16670130500031,1.0999998570000187,2750.0,caice_voc_g48,C12H25I,138,296,,
1100,,blob88_g48_2-Ethyl-1-hexanol,1088.0,1076.0,728,95612.0,,false,0,26.000033620000444,0.8399998908000142,5203.0,caice_voc_g48,C8H18O,39,130,,
1009,,"blob615_g48_Acetic acid, [(1,1-dimethylethyl)thio]-",975.0,974.5454545454545,727,93903.0,,false,0,21.66670085000037,1.4999998050000254,5906.0,caice_voc_g48,C6H12O2S,379,148,,
1054,,"blob259_g48_9-Octadecene, (E)-",,1555.554767171563,726,114699.0,,false,0,41.000031670000695,1.1099998557000188,5352.0,caice_voc_g48,C18H36,247,252,,
904,,"blob487_g48_Hydroxylamine, O-decyl-",,1715.1515151515152,726,383367.0,,false,0,47.666697470000805,2.0899997283000356,6924.0,caice_voc_g48,C10H23NO,87,173,,
1926,,blob150_g48_1-Octene,,856.6666666666665,725,53155.0,,false,0,16.08336824250027,0.8599998882000146,2009.0,caice_voc_g48,C8H16,84,112,,
1098,,"blob282_g48_Heptadecane, 2,6,10,14-tetramethyl-",,1677.142857142857,725,297966.0,,false,0,46.583364277500785,3.599999532000061,5132.0,caice_voc_g48,C21H44,208,296,,
684,,"blob282_g48_Heptadecane, 2,6,10,14-tetramethyl-",,,725,524283.0,,false,0,51.08336369250086,0.4299999441000073,9621.0,caice_voc_g48,C21H44,208,296,,
1120,,"blob259_g48_9-Octadecene, (E)-",,1999.9929045440676,724,102216.0,,false,0,39.00003193000066,0.9699998739000164,5124.0,caice_voc_g48,C18H36,247,252,,
943,,"blob465_g48_Oxalic acid, allyl hexadecyl ester",1733.0,1724.2424242424242,724,199095.0,,false,0,47.91669743750081,1.1799998466000199,6583.0,caice_voc_g48,C21H38O4,269,354,,
12,,blob567_g48_1-Iodo-2-methylundecane,,1636.5885242038166,723,5549257.0,,false,0,36.50003225500062,0.9099998817000154,233500.0,caice_voc_g48,C12H25I,232,296,,
1273,,blob462_g48_1-Nonene,895.0,895.0,722,99677.0,,false,0,18.000034660000306,1.3399998258000227,3908.0,caice_voc_g48,C9H18,259,126,,
2033,,blob741_g48_Allyl methallyl ether,1230.0,1243.1818181818185,722,67115.0,,false,0,32.500032775000555,1.0099998687000171,1865.0,caice_voc_g48,C7H12O,374,112,,
970,,"blob563_g48_1,2,5-Oxadiazol-3-amine, 4-(phenylmethoxy)-",1773.0,1772.727272727273,721,242932.0,,false,0,49.25003059750084,1.8599997582000316,6318.0,caice_voc_g48,C9H9N3O2,270,191,,
1824,,"blob310_g48_Decane, 2,5,9-trimethyl-",1413.0,1417.074269288285,719,63322.0,,false,0,35.2500324175006,1.0899998583000186,2188.0,caice_voc_g48,C13H28,159,184,,
772,,"blob184_g48_Cyclotetrasiloxane, octamethyl-",991.0,990.9090909090909,716,94635.0,,false,0,22.416700752500383,0.9299998791000158,8155.0,caice_voc_g48,C8H24O4Si4,83,296,,
814,,"blob445_g48_Heptadecane, 2,6-dimethyl-",1680.0,1671.4285714285716,716,152729.0,,false,0,46.416697632500785,1.069999860900018,7676.0,caice_voc_g48,C19H40,184,268,,
665,,"blob480_g48_Sulfurous acid, butyl 2-ethylhexyl ester",,1715.1515151515152,716,626185.0,,false,0,47.666697470000805,2.259999706200038,10325.0,caice_voc_g48,C12H26O3S,134,250,,
973,,"blob259_g48_9-Octadecene, (E)-",,1733.3333333333335,715,68426.0,,false,0,48.16669740500082,2.6699996529000454,6034.0,caice_voc_g48,C18H36,247,252,,
1290,,"blob519_g48_Benzene, (1-nitropropyl)-",1592.0,1591.891891891892,714,85470.0,,false,0,44.083364602500744,1.8799997556000319,3800.0,caice_voc_g48,C9H11NO2,319,165,,
1052,,blob150_g48_1-Octene,,1146.8085106382978,710,132528.0,,false,0,28.83336658500049,0.949999876500016,5539.0,caice_voc_g48,C8H16,84,112,,
918,,blob474_g48_1-Octadecanesulphonyl chloride,1709.0,1709.090909090909,708,199225.0,,false,0,47.5000308250008,1.7799997686000302,6704.0,caice_voc_g48,C18H37ClO2S,223,352,,
846,,blob229_g48_1-Iodo-2-methylundecane,,1775.7575757575758,707,112095.0,,false,0,49.333363920000835,1.0099998687000171,7660.0,caice_voc_g48,C12H25I,138,296,,
784,,blob463_g48_4-Trifluoroacetoxypentadecane,1785.0,1772.727272727273,706,235710.0,,false,0,49.25003059750084,1.2199998414000206,7789.0,caice_voc_g48,C17H31F3O2,317,324,,
955,,"blob282_g48_Heptadecane, 2,6,10,14-tetramethyl-",,1793.9393939393938,704,105711.0,,false,0,49.83336385500084,0.4299999441000073,6583.0,caice_voc_g48,C21H44,208,296,,
450,,"blob322_g48_Benzene, (1-butylheptyl)-",1660.0,1660.0,704,266286.0,,false,0,46.08336434250078,1.8099997647000308,14507.0,caice_voc_g48,C17H28,193,232,,
1743,,"blob539_g48_4,6-di-tert-Butyl-m-cresol",1570.0,1564.8648648648648,704,82035.0,,false,0,43.250031377500726,2.93999961780005,2455.0,caice_voc_g48,C15H24O,173,220,,
1339,,"blob282_g48_Heptadecane, 2,6,10,14-tetramethyl-",,1718.181818181818,703,88636.0,,false,0,47.7500307925008,0.9099998817000154,3508.0,caice_voc_g48,C21H44,208,296,,
893,,blob378_g48_Dodecanal,,1742.4242424242425,701,458484.0,,false,0,48.41669737250082,1.5099998037000255,7048.0,caice_voc_g48,C12H24O,163,184,,
1211,,"blob465_g48_Oxalic acid, allyl hexadecyl ester",1733.0,1736.3636363636365,701,146503.0,,false,0,48.25003072750082,1.3499998245000229,4220.0,caice_voc_g48,C21H38O4,269,354,,
1079,,"blob131_g48_3-Eicosene, (E)-",1697.0,1691.4285714285716,700,167203.0,,false,0,47.000030890000794,1.1899998453000202,5331.0,caice_voc_g48,C20H40,58,280,,
876,,"blob208_g48_Cyclobutene, 2-propenylidene-",,,700,142178.0,,false,0,12.833368665000217,2.259999706200038,7044.0,caice_voc_g48,C7H8,77,92,,
1212,,"blob550_g48_Phenol, 4-chloro-2,6-bis(1,1-dimethylethyl)-",1712.0,1712.121212121212,700,190901.0,,false,0,47.5833641475008,3.7099995177000626,4393.0,caice_voc_g48,C14H21ClO,340,240,,
347,,C8,,800.0,-1,238124.0,,true,0,13.250035277500224,0.6799999116000115,19408.0,-,-,-1,-1,,
34,,C9,,900.0,-1,1051512.0,,true,0,18.250034627500312,0.7299999051000123,106879.0,-,-,-1,-1,,
31,,C10,,1000.0,-1,1342622.0,,true,0,22.83336736500039,0.769999899900013,112050.0,-,-,-1,-1,,
21,,C11,,1100.0,-1,2416008.0,,true,0,27.00003349000046,0.829999892100014,145440.0,-,-,-1,-1,,
3,,C12,,1200.0,-1,6667244.0,,true,0,30.916699647500526,0.879999885600015,360997.0,-,-,-1,-1,,
33,,C13,,1300.0,-1,1001923.0,,true,0,34.58336583750058,0.9099998817000154,109405.0,-,-,-1,-1,,
1,,C14,,1400.0,-1,1.3129456E7,,true,0,38.00003206000064,0.9899998713000168,488637.0,-,-,-1,-1,,
36,,C15,,1500.0,-1,1451571.0,,true,0,41.2500316375007,0.999999870000017,91170.0,-,-,-1,-1,,
6,,C16,,1600.0,-1,4760006.0,,true,0,44.33336457000075,1.059999862200018,290017.0,-,-,-1,-1,,
50,,C17,,1700.0,-1,1049142.0,,true,0,47.250030857500796,1.0799998596000182,57770.0,-,-,-1,-1,,
180,,C18,,1800.0,-1,871448.0,,true,0,50.00003050000085,1.129999853100019,37665.0,-,-,-1,-1,,
2056,benzothiazole,,,1329.2685673220712,-1,304143.0,,true,0,34.750032482500586,0.8699998869000147,6497.0,-,-,-1,-1,,
