BlobID,Description,Compound Name,Group Name,Inclusion,Internal Standard,Retention I (min),Retention II (sec),Peak Value,Volume,Library Name,Library Match Factor,Library Formula,Library ID,Library Molecular Weight,Library RI,Characteristic Ions,Characteristic Ions Response,LRI I
1093,,"blob289_g48_1-Hexadecanol, 2-methyl-",,false,0,54.08336487416667,3.0800000308000004,3006.0,60146.0,caice_voc_g48,663,C17H36O,81,256,1776.0,,,
1682,,blob229_g48_1-Iodo-2-methylundecane,,false,0,44.916698115833334,0.21000000210000003,1826.0,60432.0,caice_voc_g48,673,C12H25I,138,296,,,,1619.9999999999998
955,,"blob518_g48_1-Decanol, 2-ethyl-",,false,0,51.00003151,1.100000011,3693.0,60540.0,caice_voc_g48,703,C12H26O,294,186,1438.0,,,
1566,,"blob131_g48_3-Eicosene, (E)-",,false,0,46.83336480166667,3.2800000328000003,2263.0,60800.0,caice_voc_g48,708,C20H40,58,280,1697.0,,,1685.7142857142856
1202,,blob232_g48_Geranylacetone_CAICE_vocstand_incomplete,,false,0,52.916698195833334,0.5600000056000001,2782.0,61161.0,caice_voc_g48,545,-,4,0,1770.0,,,
792,,"blob438_g48_Decane, 2,5,9-trimethyl-",,false,0,31.500031315000005,0.8100000081000001,4771.0,61455.0,caice_voc_g48,865,C13H28,327,184,1216.0,,,1215.9090909090908
1453,,blob657_g48_2-Hexyl-1-octanol,,false,0,52.2500315225,3.200000032,2235.0,61595.0,caice_voc_g48,594,C14H30O,216,214,1773.0,,,
771,,"blob347_g48_4-Nonene, 2-methyl-",,false,0,23.250031232500007,0.9400000094000001,5066.0,61680.0,caice_voc_g48,847,C10H20,300,140,1020.0,,,1010.0000000000001
1365,,"blob376_g48_Oxalic acid, allyl hexadecyl ester",,false,0,55.500031555,4.090000040900001,2588.0,61742.0,caice_voc_g48,653,C21H38O4,149,354,1797.0,,,
1632,,"blob520_g48_1-Decanol, 5,9-dimethyl-",,false,0,52.33336485666667,3.6300000363000002,1973.0,61833.0,caice_voc_g48,630,C12H26O,158,186,1623.0,,,
1104,,blob378_g48_Dodecanal,,false,0,35.7500313575,2.1600000216,3010.0,62100.0,caice_voc_g48,743,C12H24O,163,184,,,,1504.879930477703
1016,,"blob701_g48_Butylphosphonic acid, butyl 2-phenylethyl ester",,false,0,35.33336468666667,1.5700000157,3312.0,62223.0,caice_voc_g48,279,C16H27O3P,351,298,,,,1431.708526735667
1574,,"blob632_g48_Octadecane, 6-methyl-",,false,0,46.333364796666665,3.4300000343000003,2071.0,62316.0,caice_voc_g48,676,C19H40,368,268,,,,1668.5714285714282
970,,"blob259_g48_9-Octadecene, (E)-",,false,0,47.583364809166675,1.1600000116,3574.0,62516.0,caice_voc_g48,720,C18H36,247,252,,,,1712.1212121212122
1434,,"blob282_g48_Heptadecane, 2,6,10,14-tetramethyl-",,false,0,55.500031555,4.3800000438,2258.0,62521.0,caice_voc_g48,651,C21H44,208,296,,,,
1508,,blob229_g48_1-Iodo-2-methylundecane,,false,0,43.00003143000001,2.4600000246000002,2174.0,62603.0,caice_voc_g48,714,C12H25I,138,296,,,,1556.756756756757
1590,,"blob486_g48_2,4-Pentadienoic acid, 1-cyclopenten-3-on-1-yl ester",,false,0,23.416697900833338,2.0100000201,2009.0,62622.0,caice_voc_g48,829,C10H10O3,310,178,1014.0,,,1014.0
901,,"blob500_g48_Tetradecane, 1-fluoro-",,false,0,45.66669812333334,1.1500000115000002,3941.0,62874.0,caice_voc_g48,749,C14H29F,246,216,,,,1645.7142857142858
1472,,"blob397_g48_2-Undecanethiol, 2-methyl-",,false,0,29.083364624166673,0.9600000096000001,2172.0,63398.0,caice_voc_g48,738,C12H26S,166,202,1138.0,,,1153.1914893617022
1135,,"blob431_g48_Decane, 2,5,6-trimethyl-",,false,0,21.08336454416667,0.8700000087,2853.0,63457.0,caice_voc_g48,838,C13H28,265,184,962.0,,,961.8181818181819
853,,"blob222_g48_Octane, 2,3,7-trimethyl-",,false,0,27.333364606666674,0.800000008,4183.0,63544.0,caice_voc_g48,887,C11H24,141,156,1109.0,,,1108.5106382978724
1591,,"blob282_g48_Heptadecane, 2,6,10,14-tetramethyl-",,false,0,45.500031455000006,1.9400000194000002,2042.0,64217.0,caice_voc_g48,725,C21H44,208,296,,,,1640.0
820,,"blob376_g48_Oxalic acid, allyl hexadecyl ester",,false,0,49.91669816583333,3.1500000315000003,4450.0,64321.0,caice_voc_g48,692,C21H38O4,149,354,1797.0,,,1796.9696969696968
1374,,"blob282_g48_Heptadecane, 2,6,10,14-tetramethyl-",,false,0,43.33336476666667,4.780000047800001,2490.0,64392.0,caice_voc_g48,705,C21H44,208,296,,,,1567.5675675675677
1155,,"blob393_g48_Azetidine, 3-methyl-3-phenyl-",,false,0,25.58336458916667,3.7300000373000004,2766.0,64407.0,caice_voc_g48,548,C10H13N,189,147,1014.0,,,1066.0
1674,,"blob282_g48_Heptadecane, 2,6,10,14-tetramethyl-",,false,0,49.25003149250001,3.5500000355,2095.0,64549.0,caice_voc_g48,658,C21H44,208,296,,,,1772.727272727273
1726,,"blob500_g48_Tetradecane, 1-fluoro-",,false,0,55.58336488916667,4.6400000464,1853.0,65402.0,caice_voc_g48,609,C14H29F,246,216,,,,
1514,,blob177_g48_1-Iodo-2-methylundecane,,false,0,55.33336488666667,1.3900000139000002,2303.0,65436.0,caice_voc_g48,637,C12H25I,114,296,1508.0,,,
1662,,"blob470_g48_4-Hepten-2-one, (E)-",,false,0,13.583364469166668,4.1800000418000005,1928.0,65460.0,caice_voc_g48,790,C7H12O,178,112,805.0,,,805.0847457627119
1032,,"blob513_g48_Oxalic acid, allyl undecyl ester",,false,0,55.500031555,3.5600000356000003,3331.0,65479.0,caice_voc_g48,665,C16H28O4,199,284,,,,
1416,,"blob282_g48_Heptadecane, 2,6,10,14-tetramethyl-",,false,0,43.66669810333334,2.7300000273,2304.0,65578.0,caice_voc_g48,673,C21H44,208,296,,,,1578.3783783783786
1057,,blob664_g48_1-Iodo-2-methylnonane,,false,0,40.08336473416667,3.6800000368,3014.0,65582.0,caice_voc_g48,651,C10H21I,279,268,,,,1759.2556423550213
1687,,"blob520_g48_1-Decanol, 5,9-dimethyl-",,false,0,54.500031545,4.2100000421,1901.0,65666.0,caice_voc_g48,614,C12H26O,158,186,1623.0,,,
827,,"blob502_g48_Octadecane, 6-methyl-",,false,0,16.916697835833336,0.7100000071000001,4558.0,65781.0,caice_voc_g48,575,C19H40,240,268,,,,872.8813559322034
1226,,"blob520_g48_1-Decanol, 5,9-dimethyl-",,false,0,44.916698115833334,4.400000044,2634.0,66472.0,caice_voc_g48,662,C12H26O,158,186,1623.0,,,1619.9999999999998
1034,,blob621_g48_1-Methyl-2-phenylcyclopropane,,false,0,27.916697945833338,3.200000032,3111.0,66707.0,caice_voc_g48,707,C10H12,288,132,1126.0,,,1123.404255319149
1560,,blob229_g48_1-Iodo-2-methylundecane,,false,0,45.41669812083333,2.3600000236,2066.0,66796.0,caice_voc_g48,689,C12H25I,138,296,,,,1637.1428571428569
1277,,"blob480_g48_Sulfurous acid, butyl 2-ethylhexyl ester",,false,0,44.916698115833334,4.5100000451,2531.0,66801.0,caice_voc_g48,659,C12H26O3S,134,250,,,,1619.9999999999998
961,,"blob366_g48_1-Pentadecanamine, N,N-dimethyl-",,false,0,22.58336455916667,3.6300000363000002,3495.0,66922.0,caice_voc_g48,417,C17H37N,148,255,,,,994.5454545454546
914,,"blob155_g48_1,4-Methanoazulen-9-one, decahydro-1,5,5,8a-tetramethyl-, [1R-(1,3a,4,8a)]-",,false,0,42.58336475916667,2.9300000293000004,3743.0,66937.0,caice_voc_g48,716,C15H24O,78,220,1543.0,,,1543.2432432432433
928,,"blob282_g48_Heptadecane, 2,6,10,14-tetramethyl-",,false,0,46.583364799166674,2.7100000271,3705.0,67003.0,caice_voc_g48,736,C21H44,208,296,,,,1677.142857142857
649,,"blob456_g48_Phosphonic acid, (p-hydroxyphenyl)-",,false,0,28.583364619166673,0.5300000053,5938.0,67086.0,caice_voc_g48,834,C6H7O4P,150,174,1140.0,,,1140.4255319148936
1084,,"blob321_g48_Sulfurous acid, butyl 2-ethylhexyl ester",,false,0,54.75003154750001,1.2800000128000002,3189.0,67187.0,caice_voc_g48,706,C12H26O3S,209,250,1660.0,,,
1407,,"blob487_g48_Hydroxylamine, O-decyl-",,false,0,44.08336477416667,4.600000046000001,2307.0,67281.0,caice_voc_g48,701,C10H23NO,87,173,,,,1591.8918918918919
1144,,"blob465_g48_Oxalic acid, allyl hexadecyl ester",,false,0,54.916698215833335,3.2800000328000003,2860.0,67293.0,caice_voc_g48,639,C21H38O4,269,354,1733.0,,,
1430,,"blob289_g48_1-Hexadecanol, 2-methyl-",,false,0,54.500031545,3.8600000386000004,2190.0,67502.0,caice_voc_g48,694,C17H36O,81,256,1776.0,,,
1772,,blob154_g48_Geranylacetone_CAICE_vocstand_incomplete,,false,0,50.08336483416667,0.6300000063000001,1813.0,67973.0,caice_voc_g48,460,-,5,0,,,,
1306,,"blob289_g48_1-Hexadecanol, 2-methyl-",,false,0,55.916698225833336,4.2900000429,2509.0,68270.0,caice_voc_g48,650,C17H36O,81,256,1776.0,,,
1289,,"blob535_g48_Octadecane, 6-methyl-",,false,0,43.08336476416667,2.8200000282000004,2462.0,68301.0,caice_voc_g48,676,C19H40,299,268,,,,1559.4594594594596
1538,,"blob579_g48_Benzeneacetic acid, 4-(1,1-dimethylethyl)-, methyl ester",,false,0,41.08336474416667,3.1900000319000004,2045.0,68305.0,caice_voc_g48,587,C13H18O2,324,206,1495.0,,,1537.0365203364308
1077,,"blob259_g48_9-Octadecene, (E)-",,false,0,53.500031535,3.0400000304000003,3131.0,68517.0,caice_voc_g48,629,C18H36,247,252,,,,
1281,,"blob282_g48_Heptadecane, 2,6,10,14-tetramethyl-",,false,0,45.08336478416667,3.5000000350000002,2536.0,68749.0,caice_voc_g48,624,C21H44,208,296,,,,1625.7142857142856
1424,,"blob289_g48_1-Hexadecanol, 2-methyl-",,false,0,53.33336486666667,3.7600000376000002,2247.0,68861.0,caice_voc_g48,645,C17H36O,81,256,1776.0,,,
1612,,"blob144_g48_Heptadecane, 2,6-dimethyl-",,false,0,55.41669822083334,1.3500000135,1970.0,69392.0,caice_voc_g48,656,C19H40,62,268,1745.0,,,
1044,,"blob487_g48_Hydroxylamine, O-decyl-",,false,0,43.91669810583333,1.4500000145,3197.0,69523.0,caice_voc_g48,686,C10H23NO,87,173,,,,1586.4864864864865
784,,blob154_g48_Geranylacetone_CAICE_vocstand_incomplete,,false,0,52.833364861666674,4.7700000477,4684.0,69552.0,caice_voc_g48,744,-,5,0,,,,
900,,blob175_g48_4-Cyanocyclohexene,,false,0,27.250031272500003,1.3500000135,3789.0,69737.0,caice_voc_g48,870,C7H9N,53,107,1106.0,,,1106.3829787234042
1078,,"blob172_g48_1,4-Dioxin, 2,3-dihydro-5,6-dimethyl-",,false,0,15.7500311575,4.730000047300001,3059.0,69799.0,caice_voc_g48,858,C6H10O2,55,114,850.0,,,849.1525423728813
1519,,"blob655_g48_Benzene, [(methylsulfinyl)methyl]-",,false,0,28.500031285000002,1.8200000182000002,2144.0,69966.0,caice_voc_g48,499,C8H10OS,287,154,1123.0,,,1138.2978723404253
1455,,blob657_g48_2-Hexyl-1-octanol,,false,0,49.25003149250001,3.0700000307,2344.0,70184.0,caice_voc_g48,664,C14H30O,216,214,1773.0,,,1772.727272727273
1017,,"blob282_g48_Heptadecane, 2,6,10,14-tetramethyl-",,false,0,44.33336477666667,3.6200000362000004,3481.0,70212.0,caice_voc_g48,745,C21H44,208,296,,,,1600.0
1427,,"blob605_g48_Benzene, 1,2,4-trimethyl-",,false,0,22.58336455916667,2.5300000253,2332.0,70691.0,caice_voc_g48,803,C9H12,318,120,996.0,,,994.5454545454546
1384,,blob229_g48_1-Iodo-2-methylundecane,,false,0,44.166698108333335,4.1900000419,2324.0,70846.0,caice_voc_g48,719,C12H25I,138,296,,,,1594.5945945945946
1639,,"blob259_g48_9-Octadecene, (E)-",,false,0,54.583364879166666,4.1400000414,1911.0,71294.0,caice_voc_g48,626,C18H36,247,252,,,,
1123,,"blob478_g48_2-Butanone, 3,3-dimethyl-1-thiocyanato-",,false,0,19.916697865833335,2.1100000211000003,2914.0,71405.0,caice_voc_g48,857,C7H11NOS,301,157,936.0,,,936.3636363636364
1029,,blob220_g48_1-Iodo-2-methylundecane,,false,0,46.83336480166667,2.6100000261000003,3338.0,71799.0,caice_voc_g48,751,C12H25I,109,296,1689.0,,,1685.7142857142856
1114,,"blob289_g48_1-Hexadecanol, 2-methyl-",,false,0,55.83336489166667,3.5200000352000003,2967.0,71995.0,caice_voc_g48,627,C17H36O,81,256,1776.0,,,
700,,blob232_g48_Geranylacetone_CAICE_vocstand_incomplete,,false,0,52.833364861666674,4.600000046000001,5308.0,72118.0,caice_voc_g48,768,-,4,0,1770.0,,,
1333,,"blob465_g48_Oxalic acid, allyl hexadecyl ester",,false,0,53.33336486666667,3.3200000332000004,2539.0,72168.0,caice_voc_g48,616,C21H38O4,269,354,1733.0,,,
1067,,blob378_g48_Dodecanal,,false,0,43.91669810583333,1.4900000149000001,3132.0,72322.0,caice_voc_g48,686,C12H24O,163,184,,,,1586.4864864864865
1070,,"blob464_g48_Oxalic acid, butyl cyclohexylmethyl ester",,false,0,50.2500315025,1.4700000147,3154.0,72371.0,caice_voc_g48,679,C13H22O4,225,242,,,,
1707,,"blob440_g48_2-Propanone, 1-hydroxy-",,false,0,11.750031117500003,3.400000034,1757.0,72765.0,caice_voc_g48,945,C3H6O2,100,74,,,,
1106,,"blob480_g48_Sulfurous acid, butyl 2-ethylhexyl ester",,false,0,46.08336479416667,2.7900000279,2928.0,72836.0,caice_voc_g48,725,C12H26O3S,134,250,,,,1660.0
843,,"blob554_g48_1,3,6-Octatriene, (Z,E)-",,false,0,17.166697838333338,2.5600000256000004,4228.0,72988.0,caice_voc_g48,881,C8H12,293,108,878.0,,,877.9661016949153
1101,,"blob235_g48_Sulfurous acid, decyl 2-ethylhexyl ester",,false,0,54.75003154750001,1.2600000126000002,2941.0,73044.0,caice_voc_g48,713,C18H38O3S,105,334,1709.0,,,
1405,,"blob259_g48_9-Octadecene, (E)-",,false,0,39.500031395,1.0600000106,2432.0,73466.0,caice_voc_g48,732,C18H36,247,252,,,,1888.8834635325347
893,,blob154_g48_Geranylacetone_CAICE_vocstand_incomplete,,false,0,52.833364861666674,4.9400000494,4033.0,73478.0,caice_voc_g48,719,-,5,0,,,,
1160,,"blob520_g48_1-Decanol, 5,9-dimethyl-",,false,0,44.916698115833334,4.300000043000001,2891.0,73507.0,caice_voc_g48,624,C12H26O,158,186,1623.0,,,1619.9999999999998
979,,"blob259_g48_9-Octadecene, (E)-",,false,0,48.83336482166667,2.6200000262,3495.0,73875.0,caice_voc_g48,693,C18H36,247,252,,,,1757.5757575757575
553,,"blob282_g48_Heptadecane, 2,6,10,14-tetramethyl-",,false,0,35.00003135,0.8600000086,7447.0,74057.0,caice_voc_g48,789,C21H44,208,296,,,,1373.171403742036
1681,,"blob653_g48_Pentadecanoic acid, 14-methyl-, methyl ester",,false,0,24.41669791083334,1.4400000144,1833.0,74464.0,caice_voc_g48,269,C17H34O2,221,270,,,,1038.0
1375,,blob378_g48_Dodecanal,,false,0,39.2500313925,2.8600000286,2352.0,74725.0,caice_voc_g48,680,C12H24O,163,184,,,,1944.4382440371828
762,,"blob268_g48_3,5-Di-tert-butylbenzoic acid",,false,0,26.250031262500002,1.8500000185,5112.0,74730.0,caice_voc_g48,253,C15H22O2,95,234,,,,1082.0
992,,"blob282_g48_Heptadecane, 2,6,10,14-tetramethyl-",,false,0,44.500031445000005,1.5400000154000002,3340.0,75036.0,caice_voc_g48,747,C21H44,208,296,,,,1605.7142857142858
1256,,"blob282_g48_Heptadecane, 2,6,10,14-tetramethyl-",,false,0,43.500031435000004,4.100000041,2621.0,75174.0,caice_voc_g48,668,C21H44,208,296,,,,1572.9729729729731
1100,,"blob153_g48_1,10-Dicyanodecane",,false,0,29.58336462916667,3.5300000353,2925.0,75257.0,caice_voc_g48,806,C12H20N2,68,192,1166.0,,,1165.9574468085107
1165,,"blob480_g48_Sulfurous acid, butyl 2-ethylhexyl ester",,false,0,38.916698055833336,3.0900000309,2819.0,75550.0,caice_voc_g48,393,C12H26O3S,134,250,,,,1950.0172650417808
751,,blob173_g48_tert-Butyl glycidyl ether,,false,0,24.666697913333337,0.8700000087,5151.0,75578.0,caice_voc_g48,874,C7H14O2,108,130,1044.0,,,1044.0
1650,,"blob733_g48_Propane-1,1-diol diacetate",,false,0,10.833364441666667,1.8400000184,1878.0,75653.0,caice_voc_g48,692,C7H12O4,312,160,933.0,,,
723,,"blob500_g48_Tetradecane, 1-fluoro-",,false,0,49.25003149250001,2.6300000263000003,5248.0,75824.0,caice_voc_g48,710,C14H29F,246,216,,,,1772.727272727273
840,,"blob500_g48_Tetradecane, 1-fluoro-",,false,0,41.500031415,1.1600000116,4238.0,76202.0,caice_voc_g48,718,C14H29F,246,216,,,,1508.1081081081084
1425,,"blob500_g48_Tetradecane, 1-fluoro-",,false,0,50.0000315,5.000000050000001,2252.0,76205.0,caice_voc_g48,661,C14H29F,246,216,,,,1800.0
960,,blob364_g48_gamma aminobutyric acid_CAICE_vocstand_incomplete,,false,0,25.833364591666673,4.3200000432,3465.0,76280.0,caice_voc_g48,872,-,7,0,1072.0,,,1072.0
763,,"blob631_g48_Oxalic acid, cyclohexyl tetradecyl ester",,false,0,36.41669803083334,1.1600000116,4852.0,77059.0,caice_voc_g48,790,C22H40O4,362,368,,,,1621.954176464963
1349,,"blob487_g48_Hydroxylamine, O-decyl-",,false,0,44.166698108333335,4.1400000414,2391.0,77901.0,caice_voc_g48,727,C10H23NO,87,173,,,,1594.5945945945946
999,,"blob465_g48_Oxalic acid, allyl hexadecyl ester",,false,0,54.33336487666667,3.1000000310000004,3428.0,78112.0,caice_voc_g48,684,C21H38O4,269,354,1733.0,,,
835,,"blob402_g48_1,2,5-Oxadiazol-3-amine, 4-(phenylmethoxy)-",,false,0,46.41669813083333,1.8500000185,4276.0,78439.0,caice_voc_g48,819,C9H9N3O2,251,191,1671.0,,,1671.428571428571
1229,,"blob513_g48_Oxalic acid, allyl undecyl ester",,false,0,41.33336474666667,1.3200000132,2688.0,78666.0,caice_voc_g48,690,C16H28O4,199,284,,,,1502.7027027027027
854,,blob351_g48_3-Methylheptyl acetate,,false,0,30.41669797083334,1.8000000180000002,4203.0,78969.0,caice_voc_g48,875,C10H20O2,235,172,1187.0,,,1187.2340425531916
1014,,"blob441_g48_Phthalic acid, ethyl pentyl ester",,false,0,47.333364806666665,3.1700000317000003,3367.0,79060.0,caice_voc_g48,674,C15H20O4,283,264,1703.0,,,1703.0303030303028
1465,,"blob452_g48_Heptadecane, 4-propyl-",,false,0,44.916698115833334,4.7700000477,2418.0,79212.0,caice_voc_g48,693,C20H42,180,282,,,,1619.9999999999998
718,,"blob625_g48_Propane, 1-(1,1-dimethylethoxy)-2,2-dimethyl-",,false,0,23.583364569166672,0.8800000088000001,5279.0,79452.0,caice_voc_g48,537,C9H20O,308,144,1024.0,,,1018.0
1182,,"blob513_g48_Oxalic acid, allyl undecyl ester",,false,0,39.7500313975,2.2300000223,2751.0,79466.0,caice_voc_g48,569,C16H28O4,199,284,,,,1833.3286830278867
1331,,"blob752_g48_p-Dioxin, 2,3-dihydro-5-methyl-",,false,0,13.7500311375,4.4700000447,2367.0,79561.0,caice_voc_g48,764,C5H8O2,329,100,808.0,,,808.4745762711864
798,,blob229_g48_1-Iodo-2-methylundecane,,false,0,43.833364771666666,0.9000000090000001,4658.0,79606.0,caice_voc_g48,798,C12H25I,138,296,,,,1583.7837837837837
668,,"blob85_g48_Cyclopropane, nonyl-",,false,0,34.33336467666667,1.0200000102,5983.0,80144.0,caice_voc_g48,865,C12H24,69,168,1298.0,,,1293.181818181818
866,,"blob420_g48_Octane, 2,3,7-trimethyl-",,false,0,32.91669799583334,0.8600000086,4283.0,80385.0,caice_voc_g48,865,C11H24,320,156,1255.0,,,1254.5454545454545
686,,"blob241_g48_Hexadecen-1-ol, trans-9-",,false,0,32.750031327500004,1.0900000109,5607.0,80978.0,caice_voc_g48,847,C16H32O,195,240,1250.0,,,1250.0
805,,blob378_g48_Dodecanal,,false,0,41.91669808583334,1.5400000154000002,4487.0,80994.0,caice_voc_g48,768,C12H24O,163,184,,,,1521.621621621622
707,,"blob500_g48_Tetradecane, 1-fluoro-",,false,0,51.500031515,2.9500000295000004,5402.0,81099.0,caice_voc_g48,704,C14H29F,246,216,,,,
1724,,"blob668_g48_1,2,4,5-Tetrazine",,false,0,18.58336451916667,2.8700000287000003,1755.0,81157.0,caice_voc_g48,720,C2H2N4,205,82,909.0,,,907.2727272727273
975,,"blob366_g48_1-Pentadecanamine, N,N-dimethyl-",,false,0,22.500031225000004,3.6900000369000003,3424.0,81579.0,caice_voc_g48,372,C17H37N,148,255,,,,992.7272727272727
1435,,"blob376_g48_Oxalic acid, allyl hexadecyl ester",,false,0,55.00003155,4.4900000449,2213.0,81734.0,caice_voc_g48,624,C21H38O4,149,354,1797.0,,,
883,,"blob500_g48_Tetradecane, 1-fluoro-",,false,0,28.83336462166667,0.9300000093,4094.0,81742.0,caice_voc_g48,673,C14H29F,246,216,,,,1146.8085106382978
1403,,blob82_g48_cis-2-Nonene,,false,0,17.500031175000004,3.0200000302000003,2339.0,82262.0,caice_voc_g48,586,C9H18,44,126,897.0,,,884.7457627118645
730,,"blob442_g48_Octane, 2-methyl-",,false,0,16.500031165000003,0.6900000069000001,5123.0,82265.0,caice_voc_g48,844,C9H20,241,128,865.0,,,864.406779661017
722,,"blob179_g48_Decane, 2,5,9-trimethyl-",,false,0,28.000031280000005,0.8200000082000001,5247.0,82290.0,caice_voc_g48,368,C13H28,61,184,1117.0,,,1125.5319148936169
1279,,"blob289_g48_1-Hexadecanol, 2-methyl-",,false,0,53.500031535,3.2300000323000004,2577.0,82424.0,caice_voc_g48,622,C17H36O,81,256,1776.0,,,
1385,,"blob376_g48_Oxalic acid, allyl hexadecyl ester",,false,0,56.000031560000004,4.4200000442,2394.0,82456.0,caice_voc_g48,637,C21H38O4,149,354,1797.0,,,
1340,,blob567_g48_1-Iodo-2-methylundecane,,false,0,53.500031535,1.1900000119,2398.0,82556.0,caice_voc_g48,689,C12H25I,232,296,,,,
1288,,"blob704_g48_4-Vinyl-4,5-dihydro-3H-pyrazole",,false,0,21.58336454916667,0.48000000480000005,2477.0,82630.0,caice_voc_g48,754,C5H8N2,298,96,975.0,,,972.7272727272727
945,,"blob393_g48_Azetidine, 3-methyl-3-phenyl-",,false,0,23.416697900833338,3.4300000343000003,3610.0,82878.0,caice_voc_g48,835,C10H13N,189,147,1014.0,,,1014.0
912,,"blob401_g48_Hexane, 1-chloro-5-methyl-",,false,0,30.66669797333334,1.6200000162000001,3769.0,83487.0,caice_voc_g48,826,C7H15Cl,231,134,1194.0,,,1193.6170212765956
916,,"blob535_g48_Octadecane, 6-methyl-",,false,0,36.250031362499996,0.6700000067,3764.0,83846.0,caice_voc_g48,501,C19H40,299,268,,,,1592.685614968147
936,,"blob324_g48_Ethane-1,2-diimine, N,N'-diamino-",,false,0,24.7500312475,2.2900000229,3689.0,83859.0,caice_voc_g48,680,C2H6N4,113,86,1044.0,,,1046.0
849,,blob463_g48_4-Trifluoroacetoxypentadecane,,false,0,49.500031495,2.5100000251,4315.0,83921.0,caice_voc_g48,716,C17H31F3O2,317,324,1785.0,,,1781.8181818181818
724,,blob404_g48_2-Decen-1-ol,,false,0,31.750031317500007,2.1200000212,5340.0,84403.0,caice_voc_g48,833,C10H20O,272,156,1223.0,,,1222.7272727272725
985,,"blob376_g48_Oxalic acid, allyl hexadecyl ester",,false,0,50.33336483666667,2.9200000292,3499.0,84637.0,caice_voc_g48,673,C21H38O4,149,354,1797.0,,,
905,,"blob282_g48_Heptadecane, 2,6,10,14-tetramethyl-",,false,0,45.41669812083333,2.9100000291000003,3885.0,84646.0,caice_voc_g48,778,C21H44,208,296,,,,1637.1428571428569
1153,,"blob465_g48_Oxalic acid, allyl hexadecyl ester",,false,0,54.500031545,3.2600000326000003,2881.0,84688.0,caice_voc_g48,659,C21H38O4,269,354,1733.0,,,
801,,"blob282_g48_Heptadecane, 2,6,10,14-tetramethyl-",,false,0,25.833364591666673,0.7800000078,4478.0,85313.0,caice_voc_g48,804,C21H44,208,296,,,,1072.0
1118,,"blob376_g48_Oxalic acid, allyl hexadecyl ester",,false,0,53.33336486666667,3.5700000357,2982.0,85362.0,caice_voc_g48,648,C21H38O4,149,354,1797.0,,,
996,,"blob465_g48_Oxalic acid, allyl hexadecyl ester",,false,0,54.500031545,3.1100000311000002,3282.0,85690.0,caice_voc_g48,700,C21H38O4,269,354,1733.0,,,
578,,"blob448_g48_1-Undecene, 5-methyl-",,false,0,35.66669802333333,0.9300000093,7279.0,85920.0,caice_voc_g48,768,C12H24,341,168,1485.0,,,1490.245649729296
959,,"blob487_g48_Hydroxylamine, O-decyl-",,false,0,44.33336477666667,3.5400000354000003,3488.0,86082.0,caice_voc_g48,729,C10H23NO,87,173,,,,1600.0
1263,,"blob480_g48_Sulfurous acid, butyl 2-ethylhexyl ester",,false,0,45.41669812083333,2.6500000265000003,2550.0,86651.0,caice_voc_g48,717,C12H26O3S,134,250,,,,1637.1428571428569
618,,blob427_g48_8-Heptadecene,,false,0,51.83336485166667,2.5200000252000003,6373.0,87511.0,caice_voc_g48,732,C17H34,227,238,1683.0,,,
1760,,"blob500_g48_Tetradecane, 1-fluoro-",,false,0,51.083364844166674,1.2700000127000002,1672.0,87530.0,caice_voc_g48,549,C14H29F,246,216,,,,
863,,"blob563_g48_1,2,5-Oxadiazol-3-amine, 4-(phenylmethoxy)-",,false,0,49.25003149250001,1.8800000188000001,4113.0,88189.0,caice_voc_g48,734,C9H9N3O2,270,191,1773.0,,,1772.727272727273
548,,"blob376_g48_Oxalic acid, allyl hexadecyl ester",,false,0,55.00003155,2.8500000285000002,7586.0,88457.0,caice_voc_g48,694,C21H38O4,149,354,1797.0,,,
679,,"blob268_g48_3,5-Di-tert-butylbenzoic acid",,false,0,26.58336459916667,1.9200000192000002,5695.0,88466.0,caice_voc_g48,285,C15H22O2,95,234,,,,1090.0
1274,,"blob282_g48_Heptadecane, 2,6,10,14-tetramethyl-",,false,0,45.166698118333336,3.7200000372,2581.0,88548.0,caice_voc_g48,695,C21H44,208,296,,,,1628.5714285714284
742,,"blob389_g48_Decane, 6-ethyl-2-methyl-",,false,0,33.58336466916667,0.8800000088000001,5483.0,88596.0,caice_voc_g48,851,C13H28,261,184,1273.0,,,1272.7272727272725
416,,"blob145_g48_2-Mercapto-4,6-dimethylnicotinonitrile, TBDMS derivative",,false,0,17.41669784083334,0.5200000052,11128.0,88713.0,caice_voc_g48,886,C14H22N2SSi,98,278,883.0,,,883.0508474576272
1089,,"blob632_g48_Octadecane, 6-methyl-",,false,0,46.7500314675,1.4800000148,3013.0,88978.0,caice_voc_g48,438,C19H40,368,268,,,,1682.8571428571427
852,,blob175_g48_4-Cyanocyclohexene,,false,0,27.250031272500003,1.4200000142000002,4290.0,89093.0,caice_voc_g48,865,C7H9N,53,107,1106.0,,,1106.3829787234042
515,,blob232_g48_Geranylacetone_CAICE_vocstand_incomplete,,false,0,52.833364861666674,4.1800000418000005,8007.0,89114.0,caice_voc_g48,789,-,4,0,1770.0,,,
1138,,"blob235_g48_Sulfurous acid, decyl 2-ethylhexyl ester",,false,0,47.666698143333335,2.3100000231,2877.0,89225.0,caice_voc_g48,635,C18H38O3S,105,334,1709.0,,,1715.151515151515
1504,,"blob376_g48_Oxalic acid, allyl hexadecyl ester",,false,0,55.00003155,4.5700000457000005,2189.0,89247.0,caice_voc_g48,594,C21H38O4,149,354,1797.0,,,
471,,"blob193_g48_Undecane, 3-methyl-",,false,0,29.83336463166667,0.8400000084000001,9307.0,90043.0,caice_voc_g48,856,C12H26,143,170,1172.0,,,1172.3404255319147
1023,,"blob282_g48_Heptadecane, 2,6,10,14-tetramethyl-",,false,0,49.583364829166676,1.0400000104,3366.0,90564.0,caice_voc_g48,692,C21H44,208,296,,,,1784.8484848484852
764,,"blob208_g48_Cyclobutene, 2-propenylidene-",,false,0,41.2500314125,2.1700000217,4885.0,90691.0,caice_voc_g48,640,C7H8,77,92,,,,1500.0
778,,"blob259_g48_9-Octadecene, (E)-",,false,0,48.666698153333336,1.2100000121,4780.0,91715.0,caice_voc_g48,742,C18H36,247,252,,,,1751.5151515151515
1113,,"blob487_g48_Hydroxylamine, O-decyl-",,false,0,44.33336477666667,3.6800000368,2952.0,92052.0,caice_voc_g48,694,C10H23NO,87,173,,,,1600.0
1170,,"blob655_g48_Benzene, [(methylsulfinyl)methyl]-",,false,0,27.916697945833338,3.0600000306000004,2758.0,92097.0,caice_voc_g48,795,C8H10OS,287,154,1123.0,,,1123.404255319149
1033,,"blob259_g48_9-Octadecene, (E)-",,false,0,48.7500314875,2.6600000266,3204.0,92629.0,caice_voc_g48,621,C18H36,247,252,,,,1754.5454545454545
1283,,"blob535_g48_Octadecane, 6-methyl-",,false,0,45.166698118333336,3.5700000357,2502.0,92685.0,caice_voc_g48,710,C19H40,299,268,,,,1628.5714285714284
518,,"blob370_g48_Z-1,6-Undecadiene",,false,0,32.41669799083334,1.3300000133,7894.0,92923.0,caice_voc_g48,871,C11H20,309,152,1241.0,,,1240.909090909091
953,,blob229_g48_1-Iodo-2-methylundecane,,false,0,45.33336478666667,2.8400000284000004,3486.0,93336.0,caice_voc_g48,741,C12H25I,138,296,,,,1634.2857142857142
1444,,"blob500_g48_Tetradecane, 1-fluoro-",,false,0,46.250031462500004,3.2800000328000003,2221.0,93928.0,caice_voc_g48,672,C14H29F,246,216,,,,1665.7142857142858
904,,"blob391_g48_Benzene, 1-ethyl-2-methyl-",,false,0,22.33336455666667,2.3400000234,3809.0,93963.0,caice_voc_g48,838,C9H12,176,120,989.0,,,989.0909090909091
750,,blob378_g48_Dodecanal,,false,0,49.25003149250001,2.6900000269000004,5126.0,94386.0,caice_voc_g48,703,C12H24O,163,184,,,,1772.727272727273
1287,,"blob282_g48_Heptadecane, 2,6,10,14-tetramethyl-",,false,0,45.166698118333336,3.6600000366,2567.0,94468.0,caice_voc_g48,701,C21H44,208,296,,,,1628.5714285714284
1214,,"blob282_g48_Heptadecane, 2,6,10,14-tetramethyl-",,false,0,44.58336477916667,2.3600000236,2768.0,94946.0,caice_voc_g48,716,C21H44,208,296,,,,1608.5714285714287
1151,,"blob465_g48_Oxalic acid, allyl hexadecyl ester",,false,0,54.41669821083334,3.3100000331,2892.0,95121.0,caice_voc_g48,619,C21H38O4,269,354,1733.0,,,
817,,"blob184_g48_Cyclotetrasiloxane, octamethyl-",,false,0,22.500031225000004,1.0200000102,4373.0,95602.0,caice_voc_g48,888,C8H24O4Si4,83,296,991.0,,,992.7272727272727
825,,"blob282_g48_Heptadecane, 2,6,10,14-tetramethyl-",,false,0,49.33336482666667,1.0200000102,4586.0,95621.0,caice_voc_g48,701,C21H44,208,296,,,,1775.7575757575758
930,,"blob376_g48_Oxalic acid, allyl hexadecyl ester",,false,0,53.583364869166665,2.9400000294,3781.0,95976.0,caice_voc_g48,659,C21H38O4,149,354,1797.0,,,
706,,"blob376_g48_Oxalic acid, allyl hexadecyl ester",,false,0,51.500031515,2.9300000293000004,5563.0,96137.0,caice_voc_g48,730,C21H38O4,149,354,1797.0,,,
1386,,"blob480_g48_Sulfurous acid, butyl 2-ethylhexyl ester",,false,0,43.58336476916667,3.0000000300000003,2336.0,96206.0,caice_voc_g48,687,C12H26O3S,134,250,,,,1575.6756756756758
1594,,"blob743_g48_Silane, trichlorodocosyl-",,false,0,42.2500314225,1.2200000122,2087.0,96362.0,caice_voc_g48,664,C22H45Cl3Si,146,442,,,,1532.4324324324325
616,,"blob615_g48_Acetic acid, [(1,1-dimethylethyl)thio]-",,false,0,21.666697883333335,1.4900000149000001,6400.0,97037.0,caice_voc_g48,777,C6H12O2S,379,148,975.0,,,974.5454545454545
530,,"blob198_g48_Undecane, 5-methyl-",,false,0,29.250031292500005,0.8300000083000001,7950.0,97278.0,caice_voc_g48,866,C12H26,142,170,1157.0,,,1157.4468085106382
976,,"blob398_g48_Butane, 1-isocyano-",,false,0,19.166697858333336,3.8700000387,3426.0,97809.0,caice_voc_g48,840,C5H9N,175,83,920.0,,,920.0
628,,blob190_g48_trans-2-Undecen-1-ol,,false,0,49.25003149250001,2.4700000247,6290.0,98411.0,caice_voc_g48,717,C11H22O,110,170,1773.0,,,1772.727272727273
1613,,"blob500_g48_Tetradecane, 1-fluoro-",,false,0,46.250031462500004,3.5100000351000005,2028.0,99033.0,caice_voc_g48,662,C14H29F,246,216,,,,1665.7142857142858
993,,"blob380_g48_Oxirane, dodecyl-",,false,0,46.7500314675,1.3600000136000001,3339.0,99186.0,caice_voc_g48,654,C14H28O,200,212,1669.0,,,1682.8571428571427
789,,"blob282_g48_Heptadecane, 2,6,10,14-tetramethyl-",,false,0,45.33336478666667,0.9600000096000001,4746.0,99934.0,caice_voc_g48,806,C21H44,208,296,,,,1634.2857142857142
803,,blob419_g48_1-Iodo-2-methylundecane,,false,0,51.750031517500005,2.8700000287000003,4614.0,100346.0,caice_voc_g48,703,C12H25I,292,296,1671.0,,,
568,,"blob282_g48_Heptadecane, 2,6,10,14-tetramethyl-",,false,0,44.7500314475,1.0100000101000002,7150.0,100792.0,caice_voc_g48,767,C21H44,208,296,,,,1614.2857142857142
933,,"blob283_g48_Cyclopropane, 1-heptyl-2-methyl-",,false,0,35.916698025833334,1.0200000102,3716.0,101518.0,caice_voc_g48,786,C11H22,135,154,1532.0,,,1534.148491974518
1298,,"blob376_g48_Oxalic acid, allyl hexadecyl ester",,false,0,55.500031555,3.9600000396,2448.0,101606.0,caice_voc_g48,630,C21H38O4,149,354,1797.0,,,
665,,blob323_g48_Butanimidamide,,false,0,20.250031202500004,2.3600000236,5761.0,101818.0,caice_voc_g48,894,C4H10N2,228,86,944.0,,,943.6363636363637
1132,,blob695_g48_Z-10-Pentadecen-1-ol,,false,0,43.41669810083333,1.3700000137000001,2971.0,101989.0,caice_voc_g48,696,C15H30O,296,226,1570.0,,,1570.2702702702702
1325,,"blob282_g48_Heptadecane, 2,6,10,14-tetramethyl-",,false,0,43.166698098333335,1.5900000159,2406.0,102071.0,caice_voc_g48,682,C21H44,208,296,,,,1562.1621621621623
752,,blob427_g48_8-Heptadecene,,false,0,52.2500315225,2.8500000285000002,4992.0,102212.0,caice_voc_g48,688,C17H34,227,238,1683.0,,,
906,,"blob422_g48_Cyclopentane, 1-hexyl-3-methyl-",,false,0,45.66669812333334,1.1700000117,3781.0,102640.0,caice_voc_g48,722,C12H24,278,168,1643.0,,,1645.7142857142858
929,,blob695_g48_Z-10-Pentadecen-1-ol,,false,0,52.916698195833334,3.1100000311000002,3755.0,103374.0,caice_voc_g48,674,C15H30O,296,226,1570.0,,,
427,,"blob377_g48_3,5-Dibutoxy-1,1,1,7,7,7-hexamethyl-3,5-bis(trimethylsiloxy)tetrasiloxane",,false,0,33.08336466416667,0.6700000067,10609.0,103626.0,caice_voc_g48,857,C20H54O7Si6,297,574,1257.0,,,1259.090909090909
619,,"blob326_g48_Dodecane, 2-methyl-",,false,0,33.33336466666667,0.8500000085,6374.0,103637.0,caice_voc_g48,865,C13H28,188,184,1266.0,,,1265.9090909090908
956,,"blob259_g48_9-Octadecene, (E)-",,false,0,48.91669815583334,2.5600000256000004,3597.0,104584.0,caice_voc_g48,679,C18H36,247,252,,,,1760.6060606060607
1082,,blob220_g48_1-Iodo-2-methylundecane,,false,0,52.33336485666667,1.1100000111000001,3061.0,104706.0,caice_voc_g48,679,C12H25I,109,296,1689.0,,,
655,,"blob382_g48_Cyclopentane, 1-ethenyl-3-methylene-",,false,0,17.166697838333338,2.2400000224000003,5869.0,105101.0,caice_voc_g48,890,C8H12,236,108,878.0,,,877.9661016949153
659,,blob229_g48_1-Iodo-2-methylundecane,,false,0,47.583364809166675,0.8800000088000001,5966.0,105217.0,caice_voc_g48,784,C12H25I,138,296,,,,1712.1212121212122
952,,"blob465_g48_Oxalic acid, allyl hexadecyl ester",,false,0,55.500031555,3.3100000331,3637.0,105283.0,caice_voc_g48,678,C21H38O4,269,354,1733.0,,,
602,,"blob214_g48_Decane, 2,2,4-trimethyl-",,false,0,23.416697900833338,0.7100000071000001,6525.0,105491.0,caice_voc_g48,838,C13H28,139,184,1014.0,,,1014.0
749,,"blob500_g48_Tetradecane, 1-fluoro-",,false,0,39.000031390000004,0.9600000096000001,5059.0,105862.0,caice_voc_g48,761,C14H29F,246,216,,,,1999.993024541829
1024,,"blob258_g48_Acetophenone, 3'-fluoro-4'-methoxy-",,false,0,44.916698115833334,4.220000042200001,3215.0,106669.0,caice_voc_g48,636,C9H9FO2,132,168,1620.0,,,1619.9999999999998
658,,"blob302_g48_Pentanal, 2,4-dimethyl-",,false,0,32.750031327500004,2.2200000222000003,5927.0,106700.0,caice_voc_g48,871,C7H14O,207,114,1250.0,,,1250.0
486,,blob229_g48_1-Iodo-2-methylundecane,,false,0,39.83336473166666,0.8900000089000001,8715.0,106864.0,caice_voc_g48,831,C12H25I,138,296,,,,1814.8104228596712
620,,"blob465_g48_Oxalic acid, allyl hexadecyl ester",,false,0,51.83336485166667,2.6200000262,6300.0,107485.0,caice_voc_g48,737,C21H38O4,269,354,1733.0,,,
1303,,blob220_g48_1-Iodo-2-methylundecane,,false,0,53.75003153750001,1.2100000121,2423.0,107850.0,caice_voc_g48,686,C12H25I,109,296,1689.0,,,
1195,,"blob366_g48_1-Pentadecanamine, N,N-dimethyl-",,false,0,53.583364869166665,1.5100000151000001,2659.0,108013.0,caice_voc_g48,693,C17H37N,148,255,,,,
1108,,"blob289_g48_1-Hexadecanol, 2-methyl-",,false,0,52.16669818833334,3.0800000308000004,2847.0,109104.0,caice_voc_g48,632,C17H36O,81,256,1776.0,,,
1038,,"blob520_g48_1-Decanol, 5,9-dimethyl-",,false,0,55.500031555,3.4200000342,3193.0,109470.0,caice_voc_g48,661,C12H26O,158,186,1623.0,,,
711,,blob199_g48_3-Amino-5-t-butylisoxazole,,false,0,33.91669800583334,2.5000000250000003,5404.0,110295.0,caice_voc_g48,839,C7H12N2O,117,140,1282.0,,,1281.8181818181818
963,,"blob376_g48_Oxalic acid, allyl hexadecyl ester",,false,0,55.500031555,3.3500000335,3451.0,110559.0,caice_voc_g48,678,C21H38O4,149,354,1797.0,,,
984,,"blob452_g48_Heptadecane, 4-propyl-",,false,0,51.91669818583333,1.2400000124000001,3345.0,111130.0,caice_voc_g48,742,C20H42,180,282,,,,
871,,blob695_g48_Z-10-Pentadecen-1-ol,,false,0,54.916698215833335,3.0100000301,3883.0,111255.0,caice_voc_g48,656,C15H30O,296,226,1570.0,,,
651,,blob419_g48_1-Iodo-2-methylundecane,,false,0,46.41669813083333,1.0600000106,5930.0,111613.0,caice_voc_g48,768,C12H25I,292,296,1671.0,,,1671.428571428571
1055,,"blob289_g48_1-Hexadecanol, 2-methyl-",,false,0,50.33336483666667,2.9500000295000004,3128.0,112395.0,caice_voc_g48,654,C17H36O,81,256,1776.0,,,
919,,"blob490_g48_Benzene, (1-nitropropyl)-",,false,0,47.08336480416667,1.8900000189000001,3746.0,113934.0,caice_voc_g48,773,C9H11NO2,264,165,1694.0,,,1694.2857142857142
693,,"blob205_g48_Octane, 5-ethyl-2-methyl-",,false,0,28.250031282500004,0.8300000083000001,5595.0,114078.0,caice_voc_g48,893,C11H24,107,156,1132.0,,,1131.9148936170213
796,,blob154_g48_Geranylacetone_CAICE_vocstand_incomplete,,false,0,50.0000315,3.1000000310000004,4620.0,114559.0,caice_voc_g48,694,-,5,0,,,,1800.0
597,,blob333_g48_2-Ethylhexanal,,false,0,22.750031227500006,1.8300000183,6691.0,114597.0,caice_voc_g48,826,C8H16O,214,128,998.0,,,998.1818181818182
1230,,blob419_g48_1-Iodo-2-methylundecane,,false,0,55.500031555,3.7900000379,2637.0,115974.0,caice_voc_g48,646,C12H25I,292,296,1671.0,,,
934,,"blob225_g48_Bicyclo[2.2.2]oct-7-en-2-one, 5-methylene-",,false,0,26.58336459916667,4.820000048200001,3656.0,116546.0,caice_voc_g48,257,C9H10O,167,134,1086.0,,,1090.0
673,,"blob288_g48_Sulfurous acid, butyl 2-ethylhexyl ester",,false,0,23.583364569166672,0.7500000075000001,5690.0,116929.0,caice_voc_g48,828,C12H26O3S,174,250,1018.0,,,1018.0
895,,"blob366_g48_1-Pentadecanamine, N,N-dimethyl-",,false,0,36.33336469666667,2.2300000223,3963.0,117009.0,caice_voc_g48,596,C17H37N,148,255,,,,1607.319895716556
833,,"blob332_g48_Phthalic acid, ethyl pentyl ester",,false,0,47.333364806666665,3.0300000303,4463.0,117569.0,caice_voc_g48,650,C15H20O4,255,264,1703.0,,,1703.0303030303028
898,,"blob282_g48_Heptadecane, 2,6,10,14-tetramethyl-",,false,0,45.33336478666667,2.8900000289000003,3899.0,117882.0,caice_voc_g48,774,C21H44,208,296,,,,1634.2857142857142
1073,,"blob480_g48_Sulfurous acid, butyl 2-ethylhexyl ester",,false,0,43.66669810333334,2.2500000225,3099.0,118042.0,caice_voc_g48,613,C12H26O3S,134,250,,,,1578.3783783783786
425,,"blob259_g48_9-Octadecene, (E)-",,false,0,50.2500315025,1.2800000128000002,10908.0,118325.0,caice_voc_g48,806,C18H36,247,252,,,,
736,,"blob208_g48_Cyclobutene, 2-propenylidene-",,false,0,47.50003147500001,2.200000022,5053.0,119199.0,caice_voc_g48,611,C7H8,77,92,,,,1709.090909090909
1412,,"blob259_g48_9-Octadecene, (E)-",,false,0,46.250031462500004,3.1800000318,2352.0,119415.0,caice_voc_g48,690,C18H36,247,252,,,,1665.7142857142858
1305,,"blob676_g48_1-Decanol, 2-ethyl-",,false,0,49.33336482666667,3.4100000341000003,2469.0,120054.0,caice_voc_g48,593,C12H26O,323,186,1779.0,,,1775.7575757575758
410,,"blob250_g48_Oxalic acid, isohexyl neopentyl ester",,false,0,33.91669800583334,0.7800000078,11509.0,120586.0,caice_voc_g48,843,C13H24O4,243,244,1282.0,,,1281.8181818181818
475,,"blob247_g48_Tetradecane, 1-iodo-",,false,0,46.250031462500004,0.9900000099,9076.0,120669.0,caice_voc_g48,784,C14H29I,104,324,1663.0,,,1665.7142857142858
571,,"blob417_g48_Cyclobutene, 2-propenylidene-",,false,0,34.2500313425,2.1900000219,6989.0,120904.0,caice_voc_g48,862,C7H8,313,92,1291.0,,,1290.9090909090908
1174,,blob378_g48_Dodecanal,,false,0,38.7500313875,1.2800000128000002,2713.0,121361.0,caice_voc_g48,624,C12H24O,163,184,,,,1850.0141259432748
1318,,"blob500_g48_Tetradecane, 1-fluoro-",,false,0,54.500031545,3.9700000397000004,2464.0,122820.0,caice_voc_g48,692,C14H29F,246,216,,,,
847,,blob5_g48_2-Decen-1-ol,,false,0,29.250031292500005,2.4800000248000003,4179.0,124053.0,caice_voc_g48,747,C10H20O,19,156,1157.0,,,1157.4468085106382
1081,,"blob743_g48_Silane, trichlorodocosyl-",,false,0,55.500031555,3.6300000363000002,3008.0,124133.0,caice_voc_g48,667,C22H45Cl3Si,146,442,,,,
794,,"blob282_g48_Heptadecane, 2,6,10,14-tetramethyl-",,false,0,38.7500313875,0.9100000091000001,4662.0,124528.0,caice_voc_g48,815,C21H44,208,296,,,,1850.0141259432748
513,,"blob236_g48_Decane, 3-ethyl-3-methyl-",,false,0,48.83336482166667,1.1300000113000002,8219.0,125274.0,caice_voc_g48,809,C13H28,147,184,1758.0,,,1757.5757575757575
1031,,"blob376_g48_Oxalic acid, allyl hexadecyl ester",,false,0,37.41669804083334,1.0800000108,3305.0,125549.0,caice_voc_g48,414,C21H38O4,149,354,1797.0,,,1797.5655454458529
793,,"blob639_g48_Oxirane, 2-butyl-3-methyl-, cis-",,false,0,28.500031285000002,2.3700000237000003,4615.0,125660.0,caice_voc_g48,476,C7H14O,183,114,1157.0,,,1138.2978723404253
1126,,blob318_g48_1-Hexadecanol,,false,0,48.416698150833334,1.5200000152000002,2971.0,126273.0,caice_voc_g48,645,C16H34O,172,242,,,,1742.4242424242423
629,,"blob428_g48_Heptasiloxane, 1,1,3,3,5,5,7,7,9,9,11,11,13,13-tetradecamethyl-",,false,0,50.416698170833335,0.6300000063000001,6536.0,126618.0,caice_voc_g48,747,C14H44O6Si7,280,504,,,,
1011,,"blob445_g48_Heptadecane, 2,6-dimethyl-",,false,0,46.333364796666665,2.7300000273,3271.0,126647.0,caice_voc_g48,738,C19H40,184,268,1680.0,,,1668.5714285714282
561,,blob427_g48_8-Heptadecene,,false,0,51.83336485166667,2.4500000245,7153.0,126656.0,caice_voc_g48,737,C17H34,227,238,1683.0,,,
512,,"blob131_g48_3-Eicosene, (E)-",,false,0,51.83336485166667,2.3900000239000003,7792.0,127060.0,caice_voc_g48,748,C20H40,58,280,1697.0,,,
644,,blob318_g48_1-Hexadecanol,,false,0,52.083364854166675,1.4000000140000002,6017.0,127227.0,caice_voc_g48,773,C16H34O,172,242,,,,
580,,blob232_g48_Geranylacetone_CAICE_vocstand_incomplete,,false,0,52.833364861666674,4.3100000431000005,6859.0,127825.0,caice_voc_g48,772,-,4,0,1770.0,,,
1520,,"blob500_g48_Tetradecane, 1-fluoro-",,false,0,46.16669812833334,3.3400000334000004,2198.0,128053.0,caice_voc_g48,670,C14H29F,246,216,,,,1662.857142857143
601,,blob287_g48_o-Xylene,,false,0,17.583364509166667,2.4900000249,6626.0,128309.0,caice_voc_g48,879,C8H10,162,106,887.0,,,886.4406779661017
913,,blob150_g48_1-Octene,,false,0,35.7500313575,2.900000029,3681.0,128823.0,caice_voc_g48,713,C8H16,84,112,,,,1504.879930477703
519,,"blob342_g48_1,3,5-Cycloheptatriene, 7-ethyl-",,false,0,21.916697885833337,2.2800000228000004,7988.0,129459.0,caice_voc_g48,856,C9H12,186,120,980.0,,,980.0
498,,"blob207_g48_2-Undecanethiol, 2-methyl-",,false,0,27.833364611666674,0.9900000099,8286.0,129566.0,caice_voc_g48,813,C12H26S,80,202,1111.0,,,1121.276595744681
890,,"blob487_g48_Hydroxylamine, O-decyl-",,false,0,45.33336478666667,2.9600000296,3972.0,130117.0,caice_voc_g48,757,C10H23NO,87,173,,,,1634.2857142857142
969,,"blob226_g48_Heptadecane, 2,6-dimethyl-",,false,0,51.83336485166667,1.1400000114000002,3457.0,130338.0,caice_voc_g48,749,C19H40,97,268,1649.0,,,
837,,"blob631_g48_Oxalic acid, cyclohexyl tetradecyl ester",,false,0,48.583364819166675,3.1900000319000004,4258.0,132230.0,caice_voc_g48,781,C22H40O4,362,368,,,,1748.4848484848487
1005,,"blob289_g48_1-Hexadecanol, 2-methyl-",,false,0,55.500031555,3.4900000349000004,3313.0,132299.0,caice_voc_g48,677,C17H36O,81,256,1776.0,,,
1112,,"blob282_g48_Heptadecane, 2,6,10,14-tetramethyl-",,false,0,45.250031452500004,3.3700000337000002,2960.0,132607.0,caice_voc_g48,707,C21H44,208,296,,,,1631.4285714285713
1053,,"blob535_g48_Octadecane, 6-methyl-",,false,0,43.00003143000001,2.2200000222000003,3223.0,134122.0,caice_voc_g48,640,C19H40,299,268,,,,1556.756756756757
918,,blob628_g48_Geranylacetone_CAICE_vocstand_incomplete,,false,0,49.91669816583333,3.400000034,3817.0,134537.0,caice_voc_g48,677,-,12,0,1791.0,,,1796.9696969696968
546,,"blob456_g48_Phosphonic acid, (p-hydroxyphenyl)-",,false,0,28.583364619166673,0.8300000083000001,7420.0,135192.0,caice_voc_g48,695,C6H7O4P,150,174,1140.0,,,1140.4255319148936
880,,blob374_g48_4-Trifluoroacetoxyhexadecane,,false,0,52.916698195833334,3.0100000301,4083.0,135430.0,caice_voc_g48,654,C18H33F3O2,210,338,1623.0,,,
972,,"blob465_g48_Oxalic acid, allyl hexadecyl ester",,false,0,53.33336486666667,2.9900000299,3515.0,135848.0,caice_voc_g48,682,C21H38O4,269,354,1733.0,,,
485,,blob21_g48_1-Undecene,,false,0,27.416697940833338,0.9700000097000001,8989.0,136257.0,caice_voc_g48,834,C11H22,34,154,1098.0,,,1110.6382978723404
697,,blob229_g48_1-Iodo-2-methylundecane,,false,0,39.2500313925,0.8800000088000001,5427.0,136524.0,caice_voc_g48,826,C12H25I,138,296,,,,1944.4382440371828
675,,blob294_g48_2-Ethylbutyl acrylate,,false,0,25.000031250000003,1.8400000184,5670.0,136958.0,caice_voc_g48,821,C9H16O2,168,156,1052.0,,,1052.0
935,,blob364_g48_gamma aminobutyric acid_CAICE_vocstand_incomplete,,false,0,25.833364591666673,4.3700000437,3610.0,137592.0,caice_voc_g48,872,-,7,0,1072.0,,,1072.0
868,,blob334_g48_Benzyl 2-chloroethyl sulfone,,false,0,25.7500312575,1.1500000115000002,4119.0,137677.0,caice_voc_g48,894,C9H11ClO2S,154,218,1070.0,,,1070.0
781,,"blob259_g48_9-Octadecene, (E)-",,false,0,47.91669814583334,1.1700000117,4665.0,138632.0,caice_voc_g48,764,C18H36,247,252,,,,1724.2424242424242
891,,"blob500_g48_Tetradecane, 1-fluoro-",,false,0,42.2500314225,4.2100000421,4033.0,138947.0,caice_voc_g48,741,C14H29F,246,216,,,,1532.4324324324325
838,,"blob480_g48_Sulfurous acid, butyl 2-ethylhexyl ester",,false,0,44.41669811083333,2.2100000221,4439.0,139070.0,caice_voc_g48,551,C12H26O3S,134,250,,,,1602.8571428571427
559,,"blob650_g48_Benzene, (1-methylundecyl)-",,false,0,48.16669814833334,2.0600000206,7238.0,139440.0,caice_voc_g48,763,C18H30,263,246,,,,1733.3333333333333
445,,"blob36_g48_2,2,7,7-Tetramethyloctane",,false,0,24.166697908333337,0.7100000071000001,10047.0,139528.0,caice_voc_g48,911,C12H26,42,170,1024.0,,,1032.0
705,,"blob465_g48_Oxalic acid, allyl hexadecyl ester",,false,0,48.16669814833334,1.1900000119,5389.0,140462.0,caice_voc_g48,732,C21H38O4,269,354,1733.0,,,1733.3333333333333
828,,blob229_g48_1-Iodo-2-methylundecane,,false,0,38.00003138,1.6800000168000002,4434.0,141584.0,caice_voc_g48,846,C12H25I,138,296,,,,1400.0
703,,"blob282_g48_Heptadecane, 2,6,10,14-tetramethyl-",,false,0,39.2500313925,0.9500000095000001,5633.0,142126.0,caice_voc_g48,795,C21H44,208,296,,,,1944.4382440371828
808,,"blob477_g48_o-Toluic acid, 3,5-difluorophenyl ester",,false,0,33.500031335,1.5300000153000002,4596.0,142295.0,caice_voc_g48,806,C14H10F2O2,194,248,1270.0,,,1270.4545454545455
731,,blob434_g48_1-Iodo-2-methylundecane,,false,0,45.41669812083333,1.0300000103,5155.0,143420.0,caice_voc_g48,789,C12H25I,129,296,1637.0,,,1637.1428571428569
532,,blob154_g48_Geranylacetone_CAICE_vocstand_incomplete,,false,0,52.833364861666674,4.2400000424,7654.0,144815.0,caice_voc_g48,772,-,5,0,,,,
586,,"blob259_g48_9-Octadecene, (E)-",,false,0,41.000031410000005,1.1300000113000002,6741.0,145994.0,caice_voc_g48,749,C18H36,247,252,,,,1555.5547805046463
459,,"blob631_g48_Oxalic acid, cyclohexyl tetradecyl ester",,false,0,39.83336473166666,1.3800000138000001,9577.0,146679.0,caice_voc_g48,693,C22H40O4,362,368,,,,1814.8104228596712
832,,blob628_g48_Geranylacetone_CAICE_vocstand_incomplete,,false,0,50.0000315,3.1800000318,4367.0,147580.0,caice_voc_g48,679,-,12,0,1791.0,,,1800.0
727,,"blob347_g48_4-Nonene, 2-methyl-",,false,0,23.666697903333336,0.9500000095000001,5332.0,148160.0,caice_voc_g48,843,C10H20,300,140,1020.0,,,1020.0
811,,"blob233_g48_Heptanenitrile, 7-oxo-",,false,0,20.916697875833336,4.0500000405000005,4441.0,148489.0,caice_voc_g48,776,C7H11NO,115,125,958.0,,,958.1818181818182
1092,,"blob332_g48_Phthalic acid, ethyl pentyl ester",,false,0,47.333364806666665,3.2200000322,2924.0,148541.0,caice_voc_g48,671,C15H20O4,255,264,1703.0,,,1703.0303030303028
884,,"blob514_g48_1H-Imidazole-4-ethanamine, -methyl-",,false,0,18.750031187500003,4.3600000436,3929.0,149325.0,caice_voc_g48,827,C6H11N3,123,125,913.0,,,910.909090909091
478,,"blob131_g48_3-Eicosene, (E)-",,false,0,50.91669817583333,2.3300000233000002,8649.0,149563.0,caice_voc_g48,757,C20H40,58,280,1697.0,,,
791,,"blob163_g48_Cyclopentane, 1-hexyl-3-methyl-",,false,0,24.666697913333337,2.4400000244,4512.0,151483.0,caice_voc_g48,598,C12H24,86,168,,,,1044.0
885,,"blob641_g48_1,2,3,6-Tetrahydrobenzylalcohol, methyl ether",,false,0,8.916697755833333,5.000000050000001,3944.0,151996.0,caice_voc_g48,631,C8H14O,334,126,1090.0,,,
717,,"blob441_g48_Phthalic acid, ethyl pentyl ester",,false,0,47.333364806666665,2.8500000285000002,5228.0,152455.0,caice_voc_g48,740,C15H20O4,283,264,1703.0,,,1703.0303030303028
531,,"blob197_g48_Octane, 2,3,3-trimethyl-",,false,0,26.66669793333334,0.7800000078,8012.0,152522.0,caice_voc_g48,852,C11H24,160,156,1086.0,,,1092.0
1036,,"blob465_g48_Oxalic acid, allyl hexadecyl ester",,false,0,54.41669821083334,3.1900000319000004,3252.0,152611.0,caice_voc_g48,664,C21H38O4,269,354,1733.0,,,
714,,"blob259_g48_9-Octadecene, (E)-",,false,0,48.91669815583334,1.2100000121,5399.0,153202.0,caice_voc_g48,743,C18H36,247,252,,,,1760.6060606060607
535,,"blob307_g48_Benzene, 1,2,3-trimethyl-",,false,0,23.83336457166667,2.6200000262,7723.0,153640.0,caice_voc_g48,844,C9H12,165,120,1024.0,,,1024.0
1006,,"blob282_g48_Heptadecane, 2,6,10,14-tetramethyl-",,false,0,54.583364879166666,1.2800000128000002,3383.0,155474.0,caice_voc_g48,760,C21H44,208,296,,,,
287,,"blob93_g48_1,1,1,3,5,5,7,7,7-Nonamethyl-3-(trimethylsiloxy)tetrasiloxane",,false,0,32.16669798833334,0.5600000056000001,19421.0,155483.0,caice_voc_g48,912,C12H36O4Si5,79,384,1234.0,,,1234.090909090909
541,,blob374_g48_4-Trifluoroacetoxyhexadecane,,false,0,54.00003154,2.6600000266,7404.0,155579.0,caice_voc_g48,721,C18H33F3O2,210,338,1623.0,,,
826,,blob294_g48_2-Ethylbutyl acrylate,,false,0,25.000031250000003,1.5900000159,4403.0,156534.0,caice_voc_g48,706,C9H16O2,168,156,1052.0,,,1052.0
482,,"blob215_g48_Nonane, 3,7-dimethyl-",,false,0,50.2500315025,1.1300000113000002,8674.0,157633.0,caice_voc_g48,822,C11H24,137,156,,,,
414,,blob220_g48_1-Iodo-2-methylundecane,,false,0,51.58336484916667,2.0000000200000003,10887.0,157790.0,caice_voc_g48,787,C12H25I,109,296,1689.0,,,
631,,"blob321_g48_Sulfurous acid, butyl 2-ethylhexyl ester",,false,0,46.08336479416667,1.1400000114000002,6198.0,158313.0,caice_voc_g48,760,C12H26O3S,209,250,1660.0,,,1660.0
654,,"blob465_g48_Oxalic acid, allyl hexadecyl ester",,false,0,48.416698150833334,1.200000012,5855.0,158499.0,caice_voc_g48,785,C21H38O4,269,354,1733.0,,,1742.4242424242423
354,,"blob216_g48_Dodecane, 2,7,10-trimethyl-",,false,0,42.58336475916667,0.8700000087,14072.0,158720.0,caice_voc_g48,842,C15H32,211,212,1543.0,,,1543.2432432432433
886,,"blob436_g48_2,3-Pentanedione, 4-methyl-",,false,0,15.083364484166669,3.3800000338000005,3898.0,159554.0,caice_voc_g48,764,C6H10O2,185,114,,,,835.593220338983
534,,blob84_g48_Styrene_CAICE_vocstand_incomplete,,false,0,19.33336452666667,4.430000044300001,7695.0,160378.0,caice_voc_g48,894,-,2,0,925.0,,,923.6363636363637
477,,"blob201_g48_Cyclohexane, undecyl-",,false,0,49.25003149250001,1.3600000136000001,8913.0,160868.0,caice_voc_g48,824,C17H34,103,238,1773.0,,,1772.727272727273
1074,,"blob251_g48_Heptadecane, 2,6-dimethyl-",,false,0,55.83336489166667,1.3800000138000001,3131.0,160898.0,caice_voc_g48,684,C19H40,201,268,1706.0,,,
455,,"blob225_g48_Bicyclo[2.2.2]oct-7-en-2-one, 5-methylene-",,false,0,26.416697930833337,2.2300000223,9668.0,161674.0,caice_voc_g48,892,C9H10O,167,134,1086.0,,,1086.0
1159,,blob463_g48_4-Trifluoroacetoxypentadecane,,false,0,54.41669821083334,3.4600000346,2834.0,161854.0,caice_voc_g48,610,C17H31F3O2,317,324,1785.0,,,
862,,"blob514_g48_1H-Imidazole-4-ethanamine, -methyl-",,false,0,18.750031187500003,4.2900000429,4079.0,163607.0,caice_voc_g48,878,C6H11N3,123,125,913.0,,,910.909090909091
398,,"blob163_g48_Cyclopentane, 1-hexyl-3-methyl-",,false,0,39.16669805833333,1.1600000116,11999.0,163844.0,caice_voc_g48,801,C12H24,86,168,,,,1962.9565042053982
842,,"blob550_g48_Phenol, 4-chloro-2,6-bis(1,1-dimethylethyl)-",,false,0,47.583364809166675,3.6900000369000003,4357.0,164080.0,caice_voc_g48,737,C14H21ClO,340,240,1712.0,,,1712.1212121212122
599,,blob229_g48_1-Iodo-2-methylundecane,,false,0,43.166698098333335,0.8900000089000001,6708.0,165231.0,caice_voc_g48,802,C12H25I,138,296,,,,1562.1621621621623
909,,"blob376_g48_Oxalic acid, allyl hexadecyl ester",,false,0,54.41669821083334,3.0400000304000003,3938.0,166413.0,caice_voc_g48,663,C21H38O4,149,354,1797.0,,,
712,,"blob706_g48_Benzene, (1-nitropropyl)-",,false,0,49.91669816583333,1.9500000195000002,5473.0,167255.0,caice_voc_g48,701,C9H11NO2,303,165,1797.0,,,1796.9696969696968
387,,"blob160_g48_Sulfurous acid, decyl 2-ethylhexyl ester",,false,0,35.500031355000004,0.8300000083000001,12858.0,167994.0,caice_voc_g48,807,C18H38O3S,65,334,1464.0,,,1460.977088232482
987,,"blob366_g48_1-Pentadecanamine, N,N-dimethyl-",,false,0,22.666697893333335,3.5900000359,3345.0,169321.0,caice_voc_g48,393,C17H37N,148,255,,,,996.3636363636364
846,,"blob301_g48_Cyclotrisiloxane, hexamethyl-",,false,0,14.916697815833334,1.1100000111000001,4234.0,170655.0,caice_voc_g48,872,C6H18O3Si3,120,222,,,,832.2033898305085
795,,"blob546_g48_2-Allylpent-4-enoic acid, benzyl ester",,false,0,48.7500314875,1.8100000181000002,4807.0,170803.0,caice_voc_g48,756,C15H18O2,242,230,1755.0,,,1754.5454545454545
678,,blob375_g48_Heptylcyclohexane,,false,0,34.83336468166667,3.8700000387,5625.0,170897.0,caice_voc_g48,599,C13H26,244,182,1354.0,,,1343.902842245223
1131,,"blob366_g48_1-Pentadecanamine, N,N-dimethyl-",,false,0,22.416697890833337,3.7300000373000004,2932.0,171341.0,caice_voc_g48,350,C17H37N,148,255,,,,990.909090909091
371,,blob32_g48_Cetene,,false,0,36.250031362499996,1.0300000103,13187.0,171659.0,caice_voc_g48,789,C16H32,41,224,1597.0,,,1592.685614968147
889,,blob628_g48_Geranylacetone_CAICE_vocstand_incomplete,,false,0,49.750031497500004,3.1100000311000002,4048.0,175128.0,caice_voc_g48,686,-,12,0,1791.0,,,1790.909090909091
661,,blob413_g48_6-methyl-5-hepten-2-one_CAICE_vocstand_incomplete,,false,0,24.583364579166673,2.9400000294,6152.0,175714.0,caice_voc_g48,811,-,11,0,1042.0,,,1042.0
556,,blob220_g48_1-Iodo-2-methylundecane,,false,0,53.00003153,1.2100000121,7190.0,175814.0,caice_voc_g48,774,C12H25I,109,296,1689.0,,,
483,,"blob465_g48_Oxalic acid, allyl hexadecyl ester",,false,0,51.500031515,2.3900000239000003,8782.0,176016.0,caice_voc_g48,749,C21H38O4,269,354,1733.0,,,
262,,"blob184_g48_Cyclotetrasiloxane, octamethyl-",,false,0,22.166697888333335,0.5800000058,21163.0,179035.0,caice_voc_g48,874,C8H24O4Si4,83,296,991.0,,,985.4545454545455
748,,"blob131_g48_3-Eicosene, (E)-",,false,0,53.33336486666667,2.8200000282000004,4951.0,179541.0,caice_voc_g48,670,C20H40,58,280,1697.0,,,
715,,"blob465_g48_Oxalic acid, allyl hexadecyl ester",,false,0,53.500031535,2.8000000280000004,5348.0,179964.0,caice_voc_g48,699,C21H38O4,269,354,1733.0,,,
189,,"blob77_g48_Tetrasiloxane, decamethyl-",,false,0,25.500031255000003,0.5400000054,29675.0,181609.0,caice_voc_g48,910,C10H30O3Si4,52,310,1064.0,,,1064.0
388,,blob192_g48_1-Iodo-2-methylundecane,,false,0,48.250031482500006,1.0600000106,12479.0,184443.0,caice_voc_g48,803,C12H25I,85,296,1724.0,,,1736.3636363636365
401,,"blob502_g48_Octadecane, 6-methyl-",,false,0,46.08336479416667,0.9900000099,12091.0,184674.0,caice_voc_g48,743,C19H40,240,268,,,,1660.0
527,,blob474_g48_1-Octadecanesulphonyl chloride,,false,0,47.50003147500001,1.7600000176000001,7757.0,184882.0,caice_voc_g48,758,C18H37ClO2S,223,352,1709.0,,,1709.090909090909
968,,blob378_g48_Dodecanal,,false,0,42.58336475916667,1.4500000145,3457.0,184885.0,caice_voc_g48,656,C12H24O,163,184,,,,1543.2432432432433
406,,"blob259_g48_9-Octadecene, (E)-",,false,0,51.500031515,2.600000026,11247.0,185094.0,caice_voc_g48,744,C18H36,247,252,,,,
281,,blob682_g48_Pentanal,,false,0,2.0833643541666667,5.0100000501,18423.0,186967.0,caice_voc_g48,460,C5H10O,215,86,,,,
927,,"blob500_g48_Tetradecane, 1-fluoro-",,false,0,42.66669809333334,1.2400000124000001,3754.0,187368.0,caice_voc_g48,722,C14H29F,246,216,,,,1545.945945945946
443,,"blob282_g48_Heptadecane, 2,6,10,14-tetramethyl-",,false,0,51.91669818583333,1.9900000199,9745.0,187940.0,caice_voc_g48,782,C21H44,208,296,,,,
560,,blob154_g48_Geranylacetone_CAICE_vocstand_incomplete,,false,0,38.7500313875,2.9700000297000004,7018.0,192771.0,caice_voc_g48,520,-,5,0,,,,1850.0141259432748
807,,blob304_g48_Methyl glyoxal,,false,0,19.000031190000005,3.3100000331,4431.0,194228.0,caice_voc_g48,858,C3H4O2,119,72,916.0,,,916.3636363636365
786,,"blob376_g48_Oxalic acid, allyl hexadecyl ester",,false,0,49.91669816583333,3.0300000303,4640.0,196401.0,caice_voc_g48,688,C21H38O4,149,354,1797.0,,,1796.9696969696968
320,,blob177_g48_1-Iodo-2-methylundecane,,false,0,41.16669807833333,0.8300000083000001,17016.0,197197.0,caice_voc_g48,798,C12H25I,114,296,1508.0,,,1518.5182601682172
470,,"blob166_g48_Decane, 2,5,9-trimethyl-",,false,0,26.16669792833334,0.7600000076000001,9107.0,201953.0,caice_voc_g48,882,C13H28,70,184,1080.0,,,1080.0
376,,blob23_g48_1-chloro octane_CAICE_vocstand_incomplete,,false,0,26.58336459916667,1.600000016,12710.0,205793.0,caice_voc_g48,831,-,1,0,1090.0,,,1090.0
915,,blob378_g48_Dodecanal,,false,0,43.91669810583333,1.3200000132,3822.0,206307.0,caice_voc_g48,724,C12H24O,163,184,,,,1586.4864864864865
356,,"blob282_g48_Heptadecane, 2,6,10,14-tetramethyl-",,false,0,40.7500314075,0.9300000093,13761.0,207497.0,caice_voc_g48,835,C21H44,208,296,,,,1611.1095610092943
767,,blob463_g48_4-Trifluoroacetoxypentadecane,,false,0,49.25003149250001,2.7500000275,4844.0,210084.0,caice_voc_g48,688,C17H31F3O2,317,324,1785.0,,,1772.727272727273
991,,"blob632_g48_Octadecane, 6-methyl-",,false,0,39.58336472916667,1.4200000142000002,3425.0,210692.0,caice_voc_g48,268,C19H40,368,268,,,,1870.3652033643175
324,,"blob158_g48_Decane, 2,5,9-trimethyl-",,false,0,22.000031220000004,0.7000000070000001,16300.0,210901.0,caice_voc_g48,868,C13H28,74,184,976.0,,,981.8181818181819
639,,"blob500_g48_Tetradecane, 1-fluoro-",,false,0,49.25003149250001,2.5400000254000004,6327.0,211084.0,caice_voc_g48,753,C14H29F,246,216,,,,1772.727272727273
710,,"blob539_g48_4,6-di-tert-Butyl-m-cresol",,false,0,43.500031435000004,4.990000049900001,5381.0,211276.0,caice_voc_g48,748,C15H24O,173,220,1570.0,,,1572.9729729729731
405,,"blob244_g48_Cyclobutene, 2-propenylidene-",,false,0,30.41669797083334,2.200000022,11477.0,211559.0,caice_voc_g48,841,C7H8,152,92,1187.0,,,1187.2340425531916
507,,blob427_g48_8-Heptadecene,,false,0,51.500031515,2.3300000233000002,8196.0,213141.0,caice_voc_g48,752,C17H34,227,238,1683.0,,,
506,,blob427_g48_8-Heptadecene,,false,0,51.83336485166667,2.3500000235000003,8429.0,213638.0,caice_voc_g48,745,C17H34,227,238,1683.0,,,
386,,blob374_g48_4-Trifluoroacetoxyhexadecane,,false,0,45.00003145000001,1.2100000121,12337.0,215130.0,caice_voc_g48,814,C18H33F3O2,210,338,1623.0,,,1622.857142857143
653,,blob229_g48_1-Iodo-2-methylundecane,,false,0,45.41669812083333,3.1500000315000003,6056.0,215641.0,caice_voc_g48,797,C12H25I,138,296,,,,1637.1428571428569
440,,"blob247_g48_Tetradecane, 1-iodo-",,false,0,46.16669812833334,1.0300000103,9949.0,217711.0,caice_voc_g48,824,C14H29I,104,324,1663.0,,,1662.857142857143
774,,"blob441_g48_Phthalic acid, ethyl pentyl ester",,false,0,47.333364806666665,2.9500000295000004,4759.0,220765.0,caice_voc_g48,695,C15H20O4,283,264,1703.0,,,1703.0303030303028
495,,"blob179_g48_Decane, 2,5,9-trimethyl-",,false,0,27.66669794333334,0.7900000079,8574.0,220849.0,caice_voc_g48,883,C13H28,61,184,1117.0,,,1117.0212765957447
667,,"blob450_g48_1,3-Dioxolane, 4-methyl-2-pentyl-",,false,0,14.333364476666668,2.2200000222000003,5778.0,221469.0,caice_voc_g48,830,C9H18O2,260,158,812.0,,,820.3389830508474
719,,"blob301_g48_Cyclotrisiloxane, hexamethyl-",,false,0,14.916697815833334,0.8700000087,5202.0,223641.0,caice_voc_g48,885,C6H18O3Si3,120,222,,,,832.2033898305085
643,,"blob465_g48_Oxalic acid, allyl hexadecyl ester",,false,0,54.583364879166666,2.7900000279,6136.0,223867.0,caice_voc_g48,744,C21H38O4,269,354,1733.0,,,
622,,"blob174_g48_1-Pentadecanamine, N,N-dimethyl-",,false,0,41.66669808333334,1.2500000125000001,6399.0,228345.0,caice_voc_g48,798,C17H37N,91,255,1516.0,,,1513.5135135135138
437,,"blob162_g48_Decane, 2,5,9-trimethyl-",,false,0,25.58336458916667,0.7600000076000001,10203.0,229881.0,caice_voc_g48,889,C13H28,75,184,1066.0,,,1066.0
366,,"blob283_g48_Cyclopropane, 1-heptyl-2-methyl-",,false,0,42.166698088333334,1.100000011,13156.0,231409.0,caice_voc_g48,767,C11H22,135,154,1532.0,,,1529.7297297297298
741,,blob463_g48_4-Trifluoroacetoxypentadecane,,false,0,49.583364829166676,1.2400000124000001,5398.0,231837.0,caice_voc_g48,766,C17H31F3O2,317,324,1785.0,,,1784.8484848484852
390,,"blob194_g48_1,4-Undecadiene, (E)-",,false,0,28.583364619166673,1.300000013,12181.0,232631.0,caice_voc_g48,766,C11H20,145,152,1140.0,,,1140.4255319148936
338,,"blob131_g48_3-Eicosene, (E)-",,false,0,54.33336487666667,2.3400000234,15495.0,234840.0,caice_voc_g48,774,C20H40,58,280,1697.0,,,
400,,blob150_g48_1-Octene,,false,0,13.166697798333335,0.8400000084000001,11811.0,235303.0,caice_voc_g48,866,C8H16,84,112,,,,
626,,"blob282_g48_Heptadecane, 2,6,10,14-tetramethyl-",,false,0,51.416698180833336,3.1700000317000003,6270.0,235815.0,caice_voc_g48,747,C21H44,208,296,,,,
813,,"blob631_g48_Oxalic acid, cyclohexyl tetradecyl ester",,false,0,48.500031485,3.2200000322,4535.0,235932.0,caice_voc_g48,742,C22H40O4,362,368,,,,1745.4545454545453
484,,blob628_g48_Geranylacetone_CAICE_vocstand_incomplete,,false,0,49.91669816583333,2.7500000275,8898.0,237229.0,caice_voc_g48,734,-,12,0,1791.0,,,1796.9696969696968
348,,"blob160_g48_Sulfurous acid, decyl 2-ethylhexyl ester",,false,0,35.41669802083334,0.8900000089000001,14792.0,238904.0,caice_voc_g48,781,C18H38O3S,65,334,1464.0,,,1446.342807484074
823,,"blob426_g48_2-Propenoic acid, 2-methyl-, 2-aminoethyl ester, hydrochloride",,false,0,41.750031417500004,2.9500000295000004,4456.0,240005.0,caice_voc_g48,778,C6H11NO2,198,129,1516.0,,,1516.2162162162165
692,,"blob131_g48_3-Eicosene, (E)-",,false,0,47.00003147,1.2100000121,5583.0,244726.0,caice_voc_g48,810,C20H40,58,280,1697.0,,,1691.4285714285713
472,,"blob226_g48_Heptadecane, 2,6-dimethyl-",,false,0,38.41669805083334,0.9000000090000001,9041.0,248346.0,caice_voc_g48,843,C19H40,97,268,1649.0,,,1650.0078477462666
610,,blob358_g48_Methyl Isobutyl Ketone,,false,0,12.833364461666667,2.200000022,6439.0,248413.0,caice_voc_g48,863,C6H12O,130,100,,,,
590,,blob154_g48_Geranylacetone_CAICE_vocstand_incomplete,,false,0,52.833364861666674,4.390000043900001,6615.0,251065.0,caice_voc_g48,755,-,5,0,,,,
397,,"blob282_g48_Heptadecane, 2,6,10,14-tetramethyl-",,false,0,47.41669814083333,0.9700000097000001,12001.0,252779.0,caice_voc_g48,819,C21H44,208,296,,,,1706.0606060606058
341,,"blob142_g48_Octane, 2,3,6,7-tetramethyl-",,false,0,24.500031245000002,0.7300000073,15540.0,253072.0,caice_voc_g48,912,C12H26,67,170,1040.0,,,1040.0
487,,blob316_g48_n-Nonylcyclohexane,,false,0,43.166698098333335,1.2600000126000002,8780.0,253643.0,caice_voc_g48,755,C15H30,187,210,1562.0,,,1562.1621621621623
598,,blob186_g48_4-Trifluoroacetoxyhexadecane,,false,0,53.2500315325,2.6700000267000004,6491.0,255394.0,caice_voc_g48,712,C18H33F3O2,131,338,1581.0,,,
451,,"blob259_g48_9-Octadecene, (E)-",,false,0,49.91669816583333,1.2700000127000002,9743.0,255932.0,caice_voc_g48,779,C18H36,247,252,,,,1796.9696969696968
490,,"blob207_g48_2-Undecanethiol, 2-methyl-",,false,0,27.500031275000005,0.9000000090000001,8594.0,256066.0,caice_voc_g48,862,C12H26S,80,202,1111.0,,,1112.7659574468084
831,,"blob500_g48_Tetradecane, 1-fluoro-",,false,0,50.0000315,3.2800000328000003,4350.0,256069.0,caice_voc_g48,686,C14H29F,246,216,,,,1800.0
538,,"blob376_g48_Oxalic acid, allyl hexadecyl ester",,false,0,54.916698215833335,2.8000000280000004,7576.0,256523.0,caice_voc_g48,718,C21H38O4,149,354,1797.0,,,
645,,blob657_g48_2-Hexyl-1-octanol,,false,0,51.500031515,3.1000000310000004,6282.0,259201.0,caice_voc_g48,707,C14H30O,216,214,1773.0,,,
185,,"blob143_g48_Heptadecane, 2,6-dimethyl-",,false,0,41.500031415,0.9500000095000001,29782.0,261784.0,caice_voc_g48,844,C19H40,51,268,1516.0,,,1508.1081081081084
537,,"blob456_g48_Phosphonic acid, (p-hydroxyphenyl)-",,false,0,28.583364619166673,0.9500000095000001,7540.0,263177.0,caice_voc_g48,663,C6H7O4P,150,174,1140.0,,,1140.4255319148936
696,,"blob289_g48_1-Hexadecanol, 2-methyl-",,false,0,51.500031515,2.9800000298000002,5560.0,264171.0,caice_voc_g48,724,C17H36O,81,256,1776.0,,,
777,,blob229_g48_1-Iodo-2-methylundecane,,false,0,44.41669811083333,3.3900000339000003,4887.0,265053.0,caice_voc_g48,612,C12H25I,138,296,,,,1602.8571428571427
393,,"blob282_g48_Heptadecane, 2,6,10,14-tetramethyl-",,false,0,39.91669806583334,0.9600000096000001,12101.0,265212.0,caice_voc_g48,797,C21H44,208,296,,,,1796.292162691454
647,,blob229_g48_1-Iodo-2-methylundecane,,false,0,44.66669811333334,0.9500000095000001,6082.0,266817.0,caice_voc_g48,782,C12H25I,138,296,,,,1611.4285714285716
878,,"blob465_g48_Oxalic acid, allyl hexadecyl ester",,false,0,48.16669814833334,3.4800000348,4149.0,266910.0,caice_voc_g48,747,C21H38O4,269,354,1733.0,,,1733.3333333333333
569,,"blob282_g48_Heptadecane, 2,6,10,14-tetramethyl-",,false,0,44.83336478166667,3.2500000325,7126.0,268604.0,caice_voc_g48,797,C21H44,208,296,,,,1617.142857142857
911,,"blob445_g48_Heptadecane, 2,6-dimethyl-",,false,0,46.583364799166674,2.6700000267000004,3871.0,268608.0,caice_voc_g48,760,C19H40,184,268,1680.0,,,1677.142857142857
617,,blob427_g48_8-Heptadecene,,false,0,51.83336485166667,2.6500000265000003,6289.0,269758.0,caice_voc_g48,737,C17H34,227,238,1683.0,,,
329,,blob374_g48_4-Trifluoroacetoxyhexadecane,,false,0,36.41669803083334,1.0400000104,15872.0,271348.0,caice_voc_g48,780,C18H33F3O2,210,338,1623.0,,,1621.954176464963
419,,blob220_g48_1-Iodo-2-methylundecane,,false,0,50.2500315025,1.0200000102,10712.0,274333.0,caice_voc_g48,808,C12H25I,109,296,1689.0,,,
592,,"blob268_g48_3,5-Di-tert-butylbenzoic acid",,false,0,52.833364861666674,1.3300000133,6594.0,275399.0,caice_voc_g48,783,C15H22O2,95,234,,,,
539,,"blob157_g48_3-Undecene, 9-methyl-, (Z)-",,false,0,28.000031280000005,0.9200000092,7447.0,278148.0,caice_voc_g48,850,C12H24,56,168,1126.0,,,1125.5319148936169
865,,"blob633_g48_3,4 dihydroxybenzoic acid_CAICE_vocstand_incomplete",,false,0,16.2500311625,1.8000000180000002,4107.0,279935.0,caice_voc_g48,839,-,14,0,865.0,,,859.3220338983051
228,,"blob282_g48_Heptadecane, 2,6,10,14-tetramethyl-",,false,0,35.250031352499995,0.8700000087,23795.0,280010.0,caice_voc_g48,787,C21H44,208,296,,,,1417.074245987258
802,,"blob625_g48_Propane, 1-(1,1-dimethylethoxy)-2,2-dimethyl-",,false,0,23.83336457166667,1.2500000125000001,4708.0,281001.0,caice_voc_g48,593,C9H20O,308,144,1024.0,,,1024.0
395,,"blob282_g48_Heptadecane, 2,6,10,14-tetramethyl-",,false,0,49.583364829166676,2.2200000222000003,11702.0,286169.0,caice_voc_g48,769,C21H44,208,296,,,,1784.8484848484852
576,,"blob208_g48_Cyclobutene, 2-propenylidene-",,false,0,12.916697795833334,2.700000027,6887.0,287020.0,caice_voc_g48,896,C7H8,77,92,,,,
418,,"blob183_g48_Hexanal, 5-methyl-",,false,0,20.500031205000006,2.3100000231,10651.0,287192.0,caice_voc_g48,848,C7H14O,73,114,951.0,,,949.0909090909092
488,,blob32_g48_Cetene,,false,0,40.7500314075,1.0400000104,9072.0,289415.0,caice_voc_g48,791,C16H32,41,224,1597.0,,,1611.1095610092943
875,,"blob282_g48_Heptadecane, 2,6,10,14-tetramethyl-",,false,0,51.2500315125,1.1100000111000001,4204.0,294281.0,caice_voc_g48,718,C21H44,208,296,,,,
238,,"blob151_g48_Heptasiloxane, hexadecamethyl-",,false,0,43.08336476416667,0.6100000061,23468.0,294801.0,caice_voc_g48,885,C16H48O6Si7,96,532,1559.0,,,1559.4594594594596
1099,,blob378_g48_Dodecanal,,false,0,45.58336478916667,1.4800000148,3057.0,298068.0,caice_voc_g48,697,C12H24O,163,184,,,,1642.857142857143
480,,"blob259_g48_9-Octadecene, (E)-",,false,0,45.58336478916667,1.2500000125000001,8941.0,304230.0,caice_voc_g48,776,C18H36,247,252,,,,1642.857142857143
818,,blob190_g48_trans-2-Undecen-1-ol,,false,0,52.2500315225,2.900000029,4498.0,304754.0,caice_voc_g48,674,C11H22O,110,170,1773.0,,,
522,,"blob376_g48_Oxalic acid, allyl hexadecyl ester",,false,0,50.66669817333334,2.6800000268,7748.0,305125.0,caice_voc_g48,762,C21H38O4,149,354,1797.0,,,
342,,"blob134_g48_Heptane, 5-ethyl-2,2,3-trimethyl-",,false,0,25.333364586666672,0.7600000076000001,15605.0,306333.0,caice_voc_g48,940,C12H26,57,170,1060.0,,,1060.0
349,,"blob282_g48_Heptadecane, 2,6,10,14-tetramethyl-",,false,0,22.58336455916667,0.7500000075000001,14328.0,309486.0,caice_voc_g48,608,C21H44,208,296,,,,994.5454545454546
359,,"blob282_g48_Heptadecane, 2,6,10,14-tetramethyl-",,false,0,39.666698063333335,0.9400000094000001,13180.0,311001.0,caice_voc_g48,819,C21H44,208,296,,,,1851.846943196102
175,,"blob143_g48_Heptadecane, 2,6-dimethyl-",,false,0,35.833364691666674,0.8900000089000001,38176.0,311578.0,caice_voc_g48,784,C19H40,51,268,1516.0,,,1519.514211226112
424,,"blob172_g48_1,4-Dioxin, 2,3-dihydro-5,6-dimethyl-",,false,0,15.7500311575,3.5600000356000003,10284.0,313420.0,caice_voc_g48,900,C6H10O2,55,114,850.0,,,849.1525423728813
452,,blob378_g48_Dodecanal,,false,0,46.333364796666665,2.2300000223,9667.0,315176.0,caice_voc_g48,825,C12H24O,163,184,,,,1668.5714285714282
606,,"blob508_g48_Dodecane, 2,7,10-trimethyl-",,false,0,44.08336477416667,0.9700000097000001,6470.0,315954.0,caice_voc_g48,802,C15H32,249,212,1592.0,,,1591.8918918918919
385,,"blob282_g48_Heptadecane, 2,6,10,14-tetramethyl-",,false,0,47.50003147500001,1.0400000104,12596.0,317116.0,caice_voc_g48,795,C21H44,208,296,,,,1709.090909090909
446,,blob427_g48_8-Heptadecene,,false,0,52.2500315225,2.6200000262,9687.0,317250.0,caice_voc_g48,736,C17H34,227,238,1683.0,,,
214,,"blob283_g48_Cyclopropane, 1-heptyl-2-methyl-",,false,0,42.66669809333334,1.1100000111000001,24058.0,324984.0,caice_voc_g48,749,C11H22,135,154,1532.0,,,1545.945945945946
672,,"blob539_g48_4,6-di-tert-Butyl-m-cresol",,false,0,43.500031435000004,0.0500000005,5833.0,325097.0,caice_voc_g48,743,C15H24O,173,220,1570.0,,,1572.9729729729731
421,,"blob453_g48_Oxetane, 2,4-dimethyl-, trans-",,false,0,14.916697815833334,2.5500000255,10358.0,330322.0,caice_voc_g48,796,C5H10O,202,86,833.0,,,832.2033898305085
551,,"blob537_g48_Benzoic acid, 2-(1-oxopropyl)-",,false,0,16.83336450166667,3.6500000365000003,7329.0,331489.0,caice_voc_g48,827,C10H10O3,144,178,870.0,,,871.1864406779661
501,,"blob535_g48_Octadecane, 6-methyl-",,false,0,36.166698028333336,5.3200000532,8245.0,332058.0,caice_voc_g48,490,C19H40,299,268,,,,1578.051334219741
334,,"blob259_g48_9-Octadecene, (E)-",,false,0,43.2500314325,1.1400000114000002,15743.0,332179.0,caice_voc_g48,748,C18H36,247,252,,,,1564.864864864865
579,,"blob268_g48_3,5-Di-tert-butylbenzoic acid",,false,0,52.833364861666674,1.200000012,6920.0,332721.0,caice_voc_g48,780,C15H22O2,95,234,,,,
166,,blob164_g48_1-Iodo-2-methylundecane,,false,0,42.000031420000006,0.9700000097000001,40571.0,334559.0,caice_voc_g48,884,C12H25I,124,296,1524.0,,,1524.3243243243246
176,,"blob85_g48_Cyclopropane, nonyl-",,false,0,34.500031345000004,1.0500000105,36859.0,337405.0,caice_voc_g48,916,C12H24,69,168,1298.0,,,1297.7272727272725
857,,"blob480_g48_Sulfurous acid, butyl 2-ethylhexyl ester",,false,0,43.08336476416667,3.0100000301,4110.0,337596.0,caice_voc_g48,721,C12H26O3S,134,250,,,,1559.4594594594596
836,,blob516_g48_Benzophenone_CAICE_vocstand_incomplete,,false,0,48.333364816666666,4.3100000431000005,4266.0,340686.0,caice_voc_g48,807,-,8,0,1739.0,,,1739.3939393939393
465,,"blob131_g48_3-Eicosene, (E)-",,false,0,50.91669817583333,2.3800000238,9222.0,341274.0,caice_voc_g48,801,C20H40,58,280,1697.0,,,
641,,"blob376_g48_Oxalic acid, allyl hexadecyl ester",,false,0,51.500031515,3.0700000307,6105.0,343237.0,caice_voc_g48,704,C21H38O4,149,354,1797.0,,,
511,,"blob465_g48_Oxalic acid, allyl hexadecyl ester",,false,0,50.66669817333334,2.6400000264,8151.0,346852.0,caice_voc_g48,749,C21H38O4,269,354,1733.0,,,
333,,blob378_g48_Dodecanal,,false,0,36.7500313675,2.200000022,15704.0,363172.0,caice_voc_g48,787,C12H24O,163,184,,,,1680.491299458592
432,,"blob219_g48_1-Octanol, 2,2-dimethyl-",,false,0,44.58336477916667,1.0400000104,10108.0,367516.0,caice_voc_g48,807,C10H22O,136,158,1609.0,,,1608.5714285714287
260,,"blob158_g48_Decane, 2,5,9-trimethyl-",,false,0,21.750031217500005,0.7100000071000001,20955.0,373391.0,caice_voc_g48,917,C13H28,74,184,976.0,,,976.3636363636365
187,,blob186_g48_4-Trifluoroacetoxyhexadecane,,false,0,43.7500314375,1.1500000115000002,29328.0,375223.0,caice_voc_g48,862,C18H33F3O2,131,338,1581.0,,,1581.081081081081
267,,"blob339_g48_Hexane, 1-chloro-5-methyl-",,false,0,41.41669808083334,1.6900000169000002,19939.0,382012.0,caice_voc_g48,814,C7H15Cl,220,134,1505.0,,,1505.4054054054059
674,,blob427_g48_8-Heptadecene,,false,0,50.33336483666667,2.7200000272000002,5788.0,383392.0,caice_voc_g48,712,C17H34,227,238,1683.0,,,
389,,blob221_g48_2-Decen-1-ol,,false,0,38.08336471416667,1.300000013,12071.0,388853.0,caice_voc_g48,745,C10H20O,125,156,1464.0,,,1450.0015695492548
604,,blob220_g48_1-Iodo-2-methylundecane,,false,0,46.666698133333334,2.8500000285000002,6628.0,391318.0,caice_voc_g48,748,C12H25I,109,296,1689.0,,,1679.9999999999998
322,,blob186_g48_4-Trifluoroacetoxyhexadecane,,false,0,43.500031435000004,1.1500000115000002,16342.0,393414.0,caice_voc_g48,787,C18H33F3O2,131,338,1581.0,,,1572.9729729729731
307,,blob237_g48_o-Xylene,,false,0,18.000031180000004,2.5500000255,17291.0,393937.0,caice_voc_g48,892,C8H10,133,106,895.0,,,894.9152542372881
235,,"blob170_g48_Cyclopentane, undecyl-",,false,0,46.250031462500004,1.2600000126000002,22778.0,401189.0,caice_voc_g48,873,C16H32,93,224,1666.0,,,1665.7142857142858
373,,"blob195_g48_3-Hexanone, 2,5-dimethyl-4-nitro-",,false,0,46.16669812833334,1.9800000198,12727.0,408915.0,caice_voc_g48,873,C8H15NO3,101,173,1663.0,,,1662.857142857143
353,,"blob131_g48_3-Eicosene, (E)-",,false,0,55.08336488416667,2.5200000252000003,13754.0,410200.0,caice_voc_g48,778,C20H40,58,280,1697.0,,,
252,,"blob123_g48_Cyclopentene, 1-ethenyl-3-methylene-",,false,0,19.250031192500003,2.8000000280000004,21649.0,412248.0,caice_voc_g48,934,C8H10,49,106,922.0,,,921.8181818181819
815,,blob190_g48_trans-2-Undecen-1-ol,,false,0,49.25003149250001,2.8200000282000004,4641.0,416340.0,caice_voc_g48,696,C11H22O,110,170,1773.0,,,1772.727272727273
394,,"blob282_g48_Heptadecane, 2,6,10,14-tetramethyl-",,false,0,49.583364829166676,2.2400000224000003,11963.0,419814.0,caice_voc_g48,810,C21H44,208,296,,,,1784.8484848484852
660,,blob220_g48_1-Iodo-2-methylundecane,,false,0,46.583364799166674,2.8900000289000003,5820.0,427899.0,caice_voc_g48,654,C12H25I,109,296,1689.0,,,1677.142857142857
544,,blob427_g48_8-Heptadecene,,false,0,53.583364869166665,2.6700000267000004,7552.0,434914.0,caice_voc_g48,725,C17H34,227,238,1683.0,,,
702,,"blob282_g48_Heptadecane, 2,6,10,14-tetramethyl-",,false,0,45.166698118333336,3.1800000318,5393.0,440179.0,caice_voc_g48,769,C21H44,208,296,,,,1628.5714285714284
391,,"blob450_g48_1,3-Dioxolane, 4-methyl-2-pentyl-",,false,0,13.833364471666668,2.100000021,12012.0,444149.0,caice_voc_g48,855,C9H18O2,260,158,812.0,,,810.1694915254237
444,,"blob653_g48_Pentadecanoic acid, 14-methyl-, methyl ester",,false,0,34.7500313475,4.740000047400001,9747.0,445725.0,caice_voc_g48,441,C17H34O2,221,270,,,,1329.268561496814
268,,"blob140_g48_1-Nonadecanamine, N,N-dimethyl-",,false,0,47.666698143333335,1.3100000131,19996.0,447088.0,caice_voc_g48,901,C21H45N,59,311,1715.0,,,1715.151515151515
381,,blob186_g48_4-Trifluoroacetoxyhexadecane,,false,0,51.500031515,2.6800000268,12385.0,452410.0,caice_voc_g48,752,C18H33F3O2,131,338,1581.0,,,
413,,"blob495_g48_1,4-Dioxane, 2,5-dimethyl-",,false,0,16.416697830833336,2.7300000273,10918.0,457420.0,caice_voc_g48,826,C6H12O2,253,116,863.0,,,862.7118644067796
256,,"blob259_g48_9-Octadecene, (E)-",,false,0,42.41669809083334,1.0900000109,21689.0,459471.0,caice_voc_g48,743,C18H36,247,252,,,,1537.8378378378382
417,,"blob207_g48_2-Undecanethiol, 2-methyl-",,false,0,26.500031265000004,0.8600000086,10815.0,467866.0,caice_voc_g48,777,C12H26S,80,202,1111.0,,,1088.0
824,,blob229_g48_1-Iodo-2-methylundecane,,false,0,46.00003146000001,2.9900000299,4357.0,470630.0,caice_voc_g48,735,C12H25I,138,296,,,,1657.1428571428573
434,,"blob465_g48_Oxalic acid, allyl hexadecyl ester",,false,0,53.33336486666667,2.4400000244,10225.0,470664.0,caice_voc_g48,757,C21H38O4,269,354,1733.0,,,
496,,"blob185_g48_1H-Tetrazole, 1-methyl-",,false,0,15.833364491666668,4.4200000442,8352.0,481259.0,caice_voc_g48,881,C2H4N4,64,84,852.0,,,850.8474576271186
154,,"blob34_g48_Hexasiloxane, tetradecamethyl-",,false,0,38.00003138,0.600000006,57114.0,491707.0,caice_voc_g48,909,C14H42O5Si6,48,458,1400.0,,,1400.0
392,,"blob301_g48_Cyclotrisiloxane, hexamethyl-",,false,0,14.583364479166669,1.0700000107,12082.0,509400.0,caice_voc_g48,869,C6H18O3Si3,120,222,,,,825.4237288135594
169,,"blob36_g48_2,2,7,7-Tetramethyloctane",,false,0,23.83336457166667,0.6900000069000001,40259.0,509964.0,caice_voc_g48,926,C12H26,42,170,1024.0,,,1024.0
433,,blob229_g48_1-Iodo-2-methylundecane,,false,0,51.91669818583333,2.0700000207,10136.0,512402.0,caice_voc_g48,784,C12H25I,138,296,,,,
422,,"blob436_g48_2,3-Pentanedione, 4-methyl-",,false,0,12.666697793333334,2.7200000272000002,10563.0,522915.0,caice_voc_g48,765,C6H10O2,185,114,,,,
177,,"blob163_g48_Cyclopentane, 1-hexyl-3-methyl-",,false,0,50.416698170833335,1.2700000127000002,34631.0,533739.0,caice_voc_g48,864,C12H24,86,168,,,,
469,,blob374_g48_4-Trifluoroacetoxyhexadecane,,false,0,52.2500315225,2.6600000266,9134.0,534100.0,caice_voc_g48,728,C18H33F3O2,210,338,1623.0,,,
273,,blob88_g48_2-Ethyl-1-hexanol,,false,0,26.500031265000004,4.4700000447,18792.0,535560.0,caice_voc_g48,879,C8H18O,39,130,1088.0,,,1088.0
192,,blob192_g48_1-Iodo-2-methylundecane,,false,0,47.91669814583334,1.0500000105,26173.0,537126.0,caice_voc_g48,846,C12H25I,85,296,1724.0,,,1724.2424242424242
634,,"blob226_g48_Heptadecane, 2,6-dimethyl-",,false,0,45.41669812083333,3.1100000311000002,6231.0,539770.0,caice_voc_g48,753,C19H40,97,268,1649.0,,,1637.1428571428569
230,,blob610_g48_Isopropyl myristate,,false,0,46.08336479416667,1.6900000169000002,23512.0,539940.0,caice_voc_g48,621,C17H34O2,285,270,,,,1660.0
165,,"blob131_g48_3-Eicosene, (E)-",,false,0,47.16669813833334,1.2300000123000001,42535.0,540435.0,caice_voc_g48,894,C20H40,58,280,1697.0,,,1697.142857142857
250,,"blob189_g48_Heptadecane, 2,3-dimethyl-",,false,0,49.25003149250001,1.100000011,22437.0,553803.0,caice_voc_g48,845,C19H40,82,268,1773.0,,,1772.727272727273
436,,blob229_g48_1-Iodo-2-methylundecane,,false,0,47.16669813833334,2.7300000273,10022.0,556355.0,caice_voc_g48,769,C12H25I,138,296,,,,1697.142857142857
380,,"blob131_g48_3-Eicosene, (E)-",,false,0,51.500031515,2.7300000273,12559.0,574629.0,caice_voc_g48,779,C20H40,58,280,1697.0,,,
339,,blob220_g48_1-Iodo-2-methylundecane,,false,0,46.916698135833336,1.0100000101000002,16038.0,588128.0,caice_voc_g48,845,C12H25I,109,296,1689.0,,,1688.5714285714284
396,,blob154_g48_Geranylacetone_CAICE_vocstand_incomplete,,false,0,52.833364861666674,3.9100000391000003,11824.0,594389.0,caice_voc_g48,836,-,5,0,,,,
188,,"blob196_g48_5-Undecene, 3-methyl-, (E)-",,false,0,44.08336477416667,1.1700000117,28215.0,600314.0,caice_voc_g48,872,C12H24,116,168,1592.0,,,1591.8918918918919
688,,"blob465_g48_Oxalic acid, allyl hexadecyl ester",,false,0,55.500031555,3.0700000307,5618.0,608422.0,caice_voc_g48,686,C21H38O4,269,354,1733.0,,,
195,,"blob465_g48_Oxalic acid, allyl hexadecyl ester",,false,0,37.08336470416667,1.0700000107,25452.0,622384.0,caice_voc_g48,762,C21H38O4,269,354,1733.0,,,1739.028422452223
346,,blob378_g48_Dodecanal,,false,0,44.58336477916667,1.3700000137000001,14701.0,635225.0,caice_voc_g48,688,C12H24O,163,184,,,,1608.5714285714287
311,,blob308_g48_Naphthalene_CAICE_vocstand_incomplete,,false,0,32.750031327500004,1.4300000143,16609.0,640294.0,caice_voc_g48,858,-,9,0,1250.0,,,1250.0
157,,blob82_g48_cis-2-Nonene,,false,0,18.083364514166668,0.8800000088000001,50979.0,644584.0,caice_voc_g48,929,C9H18,44,126,897.0,,,896.6101694915253
155,,"blob15_g48_Pentadecane, 5-methyl-",,false,0,36.00003136,0.8900000089000001,57345.0,648254.0,caice_voc_g48,814,C16H34,22,226,1554.0,,,1548.782772722926
574,,blob427_g48_8-Heptadecene,,false,0,54.00003154,2.7300000273,7033.0,655246.0,caice_voc_g48,744,C17H34,227,238,1683.0,,,
497,,blob154_g48_Geranylacetone_CAICE_vocstand_incomplete,,false,0,49.91669816583333,2.8000000280000004,8161.0,658027.0,caice_voc_g48,734,-,5,0,,,,1796.9696969696968
284,,"blob226_g48_Heptadecane, 2,6-dimethyl-",,false,0,45.7500314575,0.9700000097000001,18829.0,667763.0,caice_voc_g48,824,C19H40,97,268,1649.0,,,1648.5714285714284
146,,"blob163_g48_Cyclopentane, 1-hexyl-3-methyl-",,false,0,37.7500313775,1.0900000109,68730.0,673775.0,caice_voc_g48,723,C12H24,86,168,,,,1856.102668439482
173,,"blob283_g48_Cyclopropane, 1-heptyl-2-methyl-",,false,0,41.16669807833333,1.1500000115000002,39523.0,676709.0,caice_voc_g48,786,C11H22,135,154,1532.0,,,1518.5182601682172
367,,"blob131_g48_3-Eicosene, (E)-",,false,0,55.08336488416667,2.5700000257,13224.0,695086.0,caice_voc_g48,769,C20H40,58,280,1697.0,,,
420,,blob192_g48_1-Iodo-2-methylundecane,,false,0,51.66669818333334,1.9700000197,10451.0,717654.0,caice_voc_g48,778,C12H25I,85,296,1724.0,,,
151,,"blob133_g48_Sulfurous acid, hexyl tetradecyl ester",,false,0,48.666698153333336,1.0700000107,57835.0,728168.0,caice_voc_g48,887,C20H42O3S,63,362,1752.0,,,1751.5151515151515
159,,"blob144_g48_Heptadecane, 2,6-dimethyl-",,false,0,48.500031485,1.0700000107,49134.0,750827.0,caice_voc_g48,891,C19H40,62,268,1745.0,,,1745.4545454545453
178,,"blob259_g48_9-Octadecene, (E)-",,false,0,42.91669809583333,1.1300000113000002,34617.0,766815.0,caice_voc_g48,775,C18H36,247,252,,,,1554.0540540540542
172,,"blob282_g48_Heptadecane, 2,6,10,14-tetramethyl-",,false,0,40.08336473416667,0.9000000090000001,39025.0,777669.0,caice_voc_g48,802,C21H44,208,296,,,,1759.2556423550213
430,,"blob258_g48_Acetophenone, 3'-fluoro-4'-methoxy-",,false,0,44.916698115833334,3.9100000391000003,10094.0,779325.0,caice_voc_g48,853,C9H9FO2,132,168,1620.0,,,1619.9999999999998
183,,"blob155_g48_1,4-Methanoazulen-9-one, decahydro-1,5,5,8a-tetramethyl-, [1R-(1,3a,4,8a)]-",,false,0,42.58336475916667,2.6900000269000004,31650.0,781347.0,caice_voc_g48,864,C15H24O,78,220,1543.0,,,1543.2432432432433
167,,"blob80_g48_Octadecane, 2,6-dimethyl-",,false,0,41.08336474416667,0.9300000093,41172.0,798546.0,caice_voc_g48,825,C20H42,45,282,1532.0,,,1537.0365203364308
407,,blob186_g48_4-Trifluoroacetoxyhexadecane,,false,0,51.416698180833336,2.5300000253,11446.0,807830.0,caice_voc_g48,786,C18H33F3O2,131,338,1581.0,,,
174,,"blob86_g48_E,Z-4-Ethylidenecyclohexene",,false,0,17.166697838333338,1.7600000176000001,37494.0,818374.0,caice_voc_g48,894,C8H12,46,108,878.0,,,877.9661016949153
246,,blob220_g48_1-Iodo-2-methylundecane,,false,0,40.33336473666667,0.9100000091000001,22415.0,820458.0,caice_voc_g48,807,C12H25I,109,296,1689.0,,,1703.700861850375
144,,"blob30_g48_Octane, 2,2,6-trimethyl-",,false,0,21.08336454416667,0.6900000069000001,74358.0,830318.0,caice_voc_g48,948,C11H24,43,156,962.0,,,961.8181818181819
327,,"blob144_g48_Heptadecane, 2,6-dimethyl-",,false,0,54.00003154,2.0200000202000004,15797.0,835917.0,caice_voc_g48,801,C19H40,62,268,1745.0,,,
365,,blob229_g48_1-Iodo-2-methylundecane,,false,0,49.08336482416667,2.2800000228000004,12850.0,837351.0,caice_voc_g48,808,C12H25I,138,296,,,,1766.6666666666667
552,,"blob465_g48_Oxalic acid, allyl hexadecyl ester",,false,0,54.916698215833335,2.8800000288,7182.0,844612.0,caice_voc_g48,706,C21H38O4,269,354,1733.0,,,
152,,"blob213_g48_N-(Trifluoroacetyl)-N,O,O',O''-tetrakis(trimethylsilyl)norepinephrine",,false,0,46.08336479416667,0.6100000061,58366.0,845000.0,caice_voc_g48,794,C22H42F3NO4Si4,157,553,1660.0,,,1660.0
35,,blob318_g48_1-Hexadecanol,,false,0,39.91669806583334,1.1800000118,83821.0,863650.0,caice_voc_g48,787,C16H34O,172,242,,,,1796.292162691454
92,,blob318_g48_1-Hexadecanol,,false,0,38.7500313875,1.1300000113000002,83805.0,864417.0,caice_voc_g48,732,C16H34O,172,242,,,,1850.0141259432748
31,,"blob83_g48_Tetradecane, 4-ethyl-",,false,0,42.41669809083334,0.9800000098000001,92147.0,938938.0,caice_voc_g48,897,C16H34,47,226,1538.0,,,1537.8378378378382
170,,blob190_g48_trans-2-Undecen-1-ol,,false,0,40.08336473416667,2.2100000221,39965.0,997684.0,caice_voc_g48,842,C11H22O,110,170,1773.0,,,1759.2556423550213
476,,blob723_g48_1-Butanol,,false,0,10.083364434166667,3.1400000314,9117.0,999936.0,caice_voc_g48,876,C4H10O,302,74,,,,
403,,blob229_g48_1-Iodo-2-methylundecane,,false,0,48.00003148,2.600000026,11275.0,1001345.0,caice_voc_g48,766,C12H25I,138,296,,,,1727.272727272727
304,,blob220_g48_1-Iodo-2-methylundecane,,false,0,52.916698195833334,1.8800000188000001,17598.0,1028776.0,caice_voc_g48,793,C12H25I,109,296,1689.0,,,
352,,blob220_g48_1-Iodo-2-methylundecane,,false,0,51.500031515,2.1100000211000003,13946.0,1067610.0,caice_voc_g48,775,C12H25I,109,296,1689.0,,,
160,,"blob31_g48_2-Octen-1-ol, (E)-",,false,0,25.08336458416667,2.2400000224000003,46650.0,1115528.0,caice_voc_g48,932,C8H16O,37,128,1054.0,,,1054.0
358,,blob190_g48_trans-2-Undecen-1-ol,,false,0,56.08336489416667,3.0400000304000003,13189.0,1115825.0,caice_voc_g48,769,C11H22O,110,170,1773.0,,,
302,,"blob131_g48_3-Eicosene, (E)-",,false,0,54.33336487666667,2.4200000242,17237.0,1161669.0,caice_voc_g48,797,C20H40,58,280,1697.0,,,
355,,"blob131_g48_3-Eicosene, (E)-",,false,0,55.916698225833336,2.5200000252000003,13763.0,1221467.0,caice_voc_g48,774,C20H40,58,280,1697.0,,,
30,,blob20_g48_1-Decene,,false,0,22.666697893333335,0.9200000092,92682.0,1255111.0,caice_voc_g48,947,C10H20,32,140,996.0,,,996.3636363636364
22,,"blob124_g48_2-Dodecene, (Z)-",,false,0,31.250031312500006,1.0300000103,125313.0,1262648.0,caice_voc_g48,911,C12H24,90,168,1209.0,,,1209.090909090909
363,,"blob87_g48_Phthalic acid, ethyl hex-2-yn-4-yl ester",,false,0,47.333364806666665,2.5500000255,12901.0,1281516.0,caice_voc_g48,816,C16H18O4,33,274,1703.0,,,1703.0303030303028
181,,"blob283_g48_Cyclopropane, 1-heptyl-2-methyl-",,false,0,42.2500314225,3.7700000377000005,33182.0,1290414.0,caice_voc_g48,870,C11H22,135,154,1532.0,,,1532.4324324324325
191,,blob220_g48_1-Iodo-2-methylundecane,,false,0,56.000031560000004,2.0500000205,26459.0,1335010.0,caice_voc_g48,824,C12H25I,109,296,1689.0,,,
319,,"blob131_g48_3-Eicosene, (E)-",,false,0,54.583364879166666,2.4700000247,16426.0,1393161.0,caice_voc_g48,781,C20H40,58,280,1697.0,,,
23,,"blob124_g48_2-Dodecene, (Z)-",,false,0,31.66669798333334,1.0500000105,120482.0,1402677.0,caice_voc_g48,893,C12H24,90,168,1209.0,,,1220.4545454545455
27,,blob32_g48_Cetene,,false,0,44.2500314425,1.1900000119,108803.0,1408981.0,caice_voc_g48,914,C16H32,41,224,1597.0,,,1597.2972972972973
153,,"blob143_g48_Heptadecane, 2,6-dimethyl-",,false,0,41.750031417500004,0.9600000096000001,56657.0,1515922.0,caice_voc_g48,882,C19H40,51,268,1516.0,,,1516.2162162162165
29,,"blob80_g48_Octadecane, 2,6-dimethyl-",,false,0,42.2500314225,0.9800000098000001,97429.0,1587447.0,caice_voc_g48,908,C20H42,45,282,1532.0,,,1532.4324324324325
28,,blob21_g48_1-Undecene,,false,0,26.916697935833337,0.9700000097000001,109850.0,1619213.0,caice_voc_g48,935,C11H22,34,154,1098.0,,,1098.0
87,,blob682_g48_Pentanal,,false,0,1.4166976808333334,5.000000050000001,81112.0,1630754.0,caice_voc_g48,523,C5H10O,215,86,,,,
270,,blob190_g48_trans-2-Undecen-1-ol,,false,0,52.2500315225,2.3800000238,19459.0,1767252.0,caice_voc_g48,801,C11H22O,110,170,1773.0,,,
289,,"blob465_g48_Oxalic acid, allyl hexadecyl ester",,false,0,55.500031555,2.6100000261000003,18234.0,1777534.0,caice_voc_g48,731,C21H38O4,269,354,1733.0,,,
24,,blob24_g48_2-Decen-1-ol,,false,0,33.08336466416667,2.2100000221,117653.0,1836884.0,caice_voc_g48,931,C10H20O,36,156,1259.0,,,1259.090909090909
210,,blob378_g48_Dodecanal,,false,0,49.25003149250001,2.2500000225,23837.0,1871868.0,caice_voc_g48,810,C12H24O,163,184,,,,1772.727272727273
156,,blob139_g48_Acetophenone_CAICE_vocstand_incomplete,,false,0,28.750031287500004,2.5100000251,52408.0,1892632.0,caice_voc_g48,893,-,3,0,1145.0,,,1144.6808510638298
378,,"blob464_g48_Oxalic acid, butyl cyclohexylmethyl ester",,false,0,52.833364861666674,2.6900000269000004,12530.0,1893287.0,caice_voc_g48,727,C13H22O4,225,242,,,,
158,,blob84_g48_Styrene_CAICE_vocstand_incomplete,,false,0,19.416697860833334,4.000000040000001,48387.0,1906063.0,caice_voc_g48,947,-,2,0,925.0,,,925.4545454545455
164,,"blob137_g48_ethanone, 2,2-dichloro-2-fluoro-1-phenyl-",,false,0,24.083364574166673,3.2200000322,41597.0,1950895.0,caice_voc_g48,939,C8H5Cl2FO,40,206,1030.0,,,1030.0
13,,blob318_g48_1-Hexadecanol,,false,0,37.916698045833336,1.1100000111000001,219419.0,2057638.0,caice_voc_g48,744,C16H34O,172,242,,,,1885.371229936297
186,,blob220_g48_1-Iodo-2-methylundecane,,false,0,56.08336489416667,2.1200000212,28416.0,2188002.0,caice_voc_g48,821,C12H25I,109,296,1689.0,,,
26,,blob318_g48_1-Hexadecanol,,false,0,37.7500313775,2.0600000206,108970.0,2353535.0,caice_voc_g48,576,C16H34O,172,242,,,,1856.102668439482
14,,blob17_g48_1-Tetradecene,,false,0,38.00003138,1.1300000113000002,215416.0,2407726.0,caice_voc_g48,940,C14H28,28,196,1400.0,,,1400.0
343,,"blob131_g48_3-Eicosene, (E)-",,false,0,51.00003151,2.5500000255,15147.0,2469231.0,caice_voc_g48,779,C20H40,58,280,1697.0,,,
19,,"blob25_g48_Cycloheptasiloxane, tetradecamethyl-",,false,0,41.000031410000005,0.5900000059,172605.0,2523112.0,caice_voc_g48,639,C14H42O7Si7,38,518,1492.0,,,1555.5547805046463
323,,"blob131_g48_3-Eicosene, (E)-",,false,0,53.75003153750001,2.3500000235000003,16069.0,2633964.0,caice_voc_g48,786,C20H40,58,280,1697.0,,,
179,,"blob452_g48_Heptadecane, 4-propyl-",,false,0,53.33336486666667,2.1200000212,34022.0,2640320.0,caice_voc_g48,792,C20H42,180,282,,,,
184,,blob229_g48_1-Iodo-2-methylundecane,,false,0,54.66669821333334,2.1600000216,29911.0,2647277.0,caice_voc_g48,779,C12H25I,138,296,,,,
227,,blob220_g48_1-Iodo-2-methylundecane,,false,0,50.66669817333334,2.1400000214,22872.0,2710906.0,caice_voc_g48,807,C12H25I,109,296,1689.0,,,
290,,blob427_g48_8-Heptadecene,,false,0,55.75003155750001,2.7400000274000003,18079.0,2810965.0,caice_voc_g48,774,C17H34,227,238,1683.0,,,
316,,blob463_g48_4-Trifluoroacetoxypentadecane,,false,0,54.500031545,2.4900000249,16826.0,2834438.0,caice_voc_g48,781,C17H31F3O2,317,324,1785.0,,,
25,,"blob172_g48_1,4-Dioxin, 2,3-dihydro-5,6-dimethyl-",,false,0,15.7500311575,3.2300000323000004,112516.0,3326234.0,caice_voc_g48,840,C6H10O2,55,114,850.0,,,849.1525423728813
16,,"blob15_g48_Pentadecane, 5-methyl-",,false,0,42.7500314275,0.9900000099,194383.0,3329468.0,caice_voc_g48,795,C16H34,22,226,1554.0,,,1548.6486486486485
190,,blob220_g48_1-Iodo-2-methylundecane,,false,0,53.75003153750001,2.1100000211000003,27083.0,3448409.0,caice_voc_g48,771,C12H25I,109,296,1689.0,,,
148,,blob154_g48_Geranylacetone_CAICE_vocstand_incomplete,,false,0,52.833364861666674,3.3900000339000003,58461.0,3520489.0,caice_voc_g48,877,-,5,0,,,,
21,,"blob8_g48_Furan, 2-[(2-ethoxy-3,4-dimethyl-2-cyclohexen-1-ylidene)methyl]-",,false,0,47.08336480416667,3.5000000350000002,136293.0,3535982.0,caice_voc_g48,907,C15H20O2,20,232,1694.0,,,1694.2857142857142
171,,"blob143_g48_Heptadecane, 2,6-dimethyl-",,false,0,52.2500315225,1.8400000184,38820.0,3668983.0,caice_voc_g48,801,C19H40,51,268,1516.0,,,
237,,blob177_g48_1-Iodo-2-methylundecane,,false,0,51.00003151,2.1200000212,23233.0,3687300.0,caice_voc_g48,771,C12H25I,114,296,1508.0,,,
17,,"blob19_g48_Pentadecane, 3-methyl-",,false,0,43.500031435000004,1.0200000102,189135.0,3928687.0,caice_voc_g48,926,C16H34,30,226,1573.0,,,1572.9729729729731
9,,"blob3_g48_Cyclopentasiloxane, decamethyl-",,false,0,28.91669795583334,0.5600000056000001,278228.0,4157476.0,caice_voc_g48,919,C10H30O5Si5,18,370,1149.0,,,1148.9361702127658
182,,blob229_g48_1-Iodo-2-methylundecane,,false,0,54.33336487666667,2.1700000217,32930.0,4203585.0,caice_voc_g48,750,C12H25I,138,296,,,,
95,,"blob29_g48_Phenol, 3,5-bis(1,1-dimethylethyl)-",,false,0,44.66669811333334,3.6600000366,81599.0,4335575.0,caice_voc_g48,909,C14H22O,31,206,1611.0,,,1611.4285714285716
12,,blob16_g48_1-Dodecene,,false,0,30.83336464166667,1.0200000102,238899.0,4403970.0,caice_voc_g48,938,C12H24,29,168,1198.0,,,1197.8723404255318
11,,"blob15_g48_Pentadecane, 5-methyl-",,false,0,42.91669809583333,1.0000000100000002,253677.0,4484874.0,caice_voc_g48,965,C16H34,22,226,1554.0,,,1554.0540540540542
18,,blob5_g48_2-Decen-1-ol,,false,0,29.250031292500005,2.2100000221,178351.0,4855886.0,caice_voc_g48,954,C10H20O,19,156,1157.0,,,1157.4468085106382
6,,"blob7_g48_Cyclohexasiloxane, dodecamethyl-",,false,0,35.250031352499995,0.5700000057000001,312913.0,4894602.0,caice_voc_g48,495,C12H36O6Si6,23,444,1320.0,,,1417.074245987258
145,,"blob165_g48_2-Propenoic acid, tridecyl ester",,false,0,48.16669814833334,2.2200000222000003,66303.0,5218091.0,caice_voc_g48,838,C16H30O2,71,254,1733.0,,,1733.3333333333333
8,,"blob144_g48_Heptadecane, 2,6-dimethyl-",,false,0,37.08336470416667,0.9400000094000001,294840.0,5468507.0,caice_voc_g48,743,C19H40,62,268,1745.0,,,1739.028422452223
15,,"blob18_g48_Hexadecen-1-ol, trans-9-",,false,0,44.66669811333334,1.1900000119,215686.0,5857115.0,caice_voc_g48,935,C16H32O,27,240,1609.0,,,1611.4285714285716
20,,"blob11_g48_Cyclotrisiloxane, hexamethyl-",,false,0,14.916697815833334,0.6800000068000001,138447.0,5961237.0,caice_voc_g48,954,C6H18O3Si3,17,222,828.0,,,832.2033898305085
5,,blob318_g48_1-Hexadecanol,,false,0,38.16669804833334,1.100000011,328466.0,6422218.0,caice_voc_g48,731,C16H34O,172,242,,,,1500.003139098506
10,,blob567_g48_1-Iodo-2-methylundecane,,false,0,36.500031365000005,0.9100000091000001,272905.0,6713213.0,caice_voc_g48,728,C12H25I,232,296,,,,1636.588457213371
162,,"blob282_g48_Heptadecane, 2,6,10,14-tetramethyl-",,false,0,50.0000315,2.3300000233000002,44387.0,6832999.0,caice_voc_g48,765,C21H44,208,296,,,,1800.0
2,,"blob6_g48_Cyclotetrasiloxane, octamethyl-",,false,0,22.500031225000004,0.5800000058,396668.0,8288108.0,caice_voc_g48,938,C8H24O4Si4,21,296,985.0,,,992.7272727272727
163,,blob220_g48_1-Iodo-2-methylundecane,,false,0,55.41669822083334,2.2400000224000003,41463.0,1.0455809E7,caice_voc_g48,736,C12H25I,109,296,1689.0,,,
150,,blob220_g48_1-Iodo-2-methylundecane,,false,0,52.833364861666674,2.1100000211000003,57874.0,1.1325787E7,caice_voc_g48,806,C12H25I,109,296,1689.0,,,
4,,"blob11_g48_Cyclotrisiloxane, hexamethyl-",,false,0,14.666697813333336,0.7100000071000001,336067.0,1.3314801E7,caice_voc_g48,947,C6H18O3Si3,17,222,828.0,,,827.1186440677966
2182,carene,carene,,true,0,24.250031242500004,1.5500000155000002,398.0,1615.0,-,-1,-,-1,-1,,,,1034.0
351,,C8,,true,0,13.333364466666668,0.6900000069000001,14073.0,143810.0,-,-1,-,-1,-1,,,,800.0
180,,blob168_g48_Limonene_CAICE_vocstand_incomplete,,true,0,24.666697913333337,1.6200000162000001,33078.0,429240.0,caice_voc_g48,896,-,6,0,1044.0,,,1044.0
149,,C9,,true,0,18.250031182500003,0.7200000072,60403.0,490678.0,-,-1,-,-1,-1,,,,900.0
168,,C18,,true,0,50.0000315,1.1300000113000002,40322.0,609281.0,-,-1,-,-1,-1,,,,1800.0
147,,C10,,true,0,22.83336456166667,0.7700000077000001,63742.0,659093.0,-,-1,-,-1,-1,,,,1000.0
32,,C13,,true,0,34.58336467916667,0.9100000091000001,89144.0,745556.0,-,-1,-,-1,-1,,,,1300.0
161,,C17,,true,0,47.250031472500005,1.0800000108,47250.0,836618.0,-,-1,-,-1,-1,,,,1700.0
2181,benzothiazole,,,true,0,34.7500313475,0.8700000087,17067.0,1103360.0,-,-1,-,-1,-1,,,,1329.268561496814
33,,C11,,true,0,27.000031270000004,0.8200000082000001,86646.0,1299086.0,-,-1,-,-1,-1,,,,1100.0
143,,C15,,true,0,41.2500314125,1.0000000100000002,76999.0,1495944.0,-,-1,-,-1,-1,,,,1500.0
7,,C16,,true,0,44.33336477666667,1.0500000105,309735.0,5051695.0,-,-1,-,-1,-1,,,,1600.0
3,,C12,,true,0,30.91669797583334,0.8800000088000001,378204.0,7464402.0,-,-1,-,-1,-1,,,,1200.0
1,,C14,,true,0,38.00003138,0.9900000099,495657.0,1.397085E7,-,-1,-,-1,-1,,,,1400.0
