"","Compound.Name","Rownum","sum_rawvol","sum_ISrawnormvol","sum_ISnormnormvol","cumsum_raw","cumsum_ISrawnorm","num_pct","cumsum_ISnormnorm","raw_cumsum","ISnormnorm_cumsum"
"1","Blob with BlobID = 7",76,142880.391508525,12.6218073288397,135364.916956171,0.00155195481424217,0.00155195481424217,0.0017595851083534,0.00155195481424217,0.75387886606907,0.75387886606907
"2","Blob with BlobID = 592",221,47389.2904586812,4.18628817645846,44896.6250709673,0.000514738493465583,0.000514738493465583,0.00511668827560659,0.000514738493465583,0.878547026390708,0.878547026390708
"3","Blob with BlobID = 584",15,678941.705833826,59.9765391742855,643229.5338636,0.00737460779491026,0.00737460779491026,0.000347286534543434,0.00737460779491026,0.556747776441182,0.556747776441182
"4","Blob with BlobID = 580",186,56598.8433059197,4.99984418925589,53621.7576326003,0.00061477188312379,0.00061477188312379,0.00430635302833858,0.00061477188312379,0.858737723439222,0.858737723439222
"5","Blob with BlobID = 572",174,62658.7237599548,5.53516357576575,59362.8898185087,0.000680593795739495,0.000680593795739495,0.00402852380070383,0.000680593795739495,0.850994443241566,0.850994443241566
"6","Blob with BlobID = 562",29,384900.74835936,34.0014681876637,364655.060697565,0.00418075960679379,0.00418075960679378,0.000671420633450639,0.00418075960679379,0.630143542210801,0.630143542210801
"7","Blob with BlobID = 561",94,114274.005701895,10.0947685503646,108263.22022755,0.0012412346538203,0.0012412346538203,0.00217632894980552,0.0012412346538203,0.778638864534488,0.778638864534488
"8","Blob with BlobID = 547",19,564824.41541994,49.8956145821425,535114.785737247,0.00613507536938821,0.00613507536938821,0.00043989627708835,0.00613507536938821,0.583425838862512,0.583425838862512
"9","Blob with BlobID = 4",192,55121.3536119682,4.86932529824145,52221.9835445415,0.000598723514139692,0.000598723514139693,0.00444526764215595,0.000598723514139693,0.862381620173911,0.862381620173911
"10","Blob with BlobID = 334",169,65901.2231960741,5.82160038290543,62434.8345568078,0.000715813552327037,0.000715813552327037,0.00391276162252269,0.000715813552327037,0.847529676857375,0.847529676857375
"11","1221_2326_blob_600",46,270595.395365311,23.9039304715817,256362.142037959,0.00293918446131849,0.00293918446131849,0.00106501203926653,0.00293918446131849,0.689612849953769,0.689612849953769
"12","1221_0832_blob_996",79,136936.057248126,12.0966950937678,129733.253261642,0.00148738795467879,0.00148738795467879,0.00182904241526209,0.00148738795467879,0.758396059009514,0.758396059009514
"13","1221_0832_blob_993",197,54182.6586407252,4.78640260365412,51332.6637051435,0.000588527488188584,0.000588527488188584,0.0045610298203371,0.000588527488188584,0.865346299651838,0.865346299651838
"14","1221_0832_blob_988",251,39881.1971582586,3.52303616514779,37783.4556893573,0.000433186214525509,0.000433186214525509,0.00581126134469346,0.000433186214525509,0.892594632761339,0.892594632761339
"15","1221_0832_blob_979",115,95171.9146060267,8.407322772505,90165.8945722862,0.0010337493444274,0.0010337493444274,0.00266253009816633,0.0010337493444274,0.802578570005173,0.802578570005173
"16","1221_0832_blob_967",82,130658.035878306,11.5421055150328,123785.454320147,0.00141919661375413,0.00141919661375413,0.00189849972217077,0.00141919661375413,0.762745094692156,0.762745094692156
"17","1221_0832_blob_961",261,38137.4289628291,3.36899469062148,36131.4092855578,0.000414245550818987,0.000414245550818987,0.00604278570105575,0.000414245550818987,0.896839885463629,0.896839885463629
"18","1221_0832_blob_953",71,155891.143945874,13.7711547566681,147691.306915104,0.00169327651464395,0.00169327651464395,0.00164382293017225,0.00169327651464395,0.745840912505662,0.745840912505662
"19","1221_0832_blob_952",167,66468.2325992195,5.87168901553432,62972.0194004367,0.000721972360849615,0.000721972360849615,0.00386645675125023,0.000721972360849615,0.846095186597405,0.846095186597405
"20","1221_0832_blob_946",182,58143.4693121808,5.1362937862951,55085.1366789364,0.00063154948109445,0.00063154948109445,0.00421374328579367,0.00063154948109445,0.856257249964362,0.856257249964362
"21","1221_0832_blob_941",258,38877.3537025969,3.43435836582273,36832.4141602995,0.000422282551207462,0.000422282551207462,0.00597332839414706,0.000422282551207462,0.895582854302942,0.895582854302942
"22","1221_0832_blob_934",217,48104.7009812613,4.24948630799838,45574.4051705049,0.000522509222485537,0.000522509222485537,0.00502407853306168,0.000522509222485537,0.876478427324488,0.876478427324488
"23","1221_0832_blob_928",256,38996.7678213053,3.44490720308982,36945.5471248141,0.000423579617337121,0.000423579617337121,0.00592702352287461,0.000423579617337121,0.894738051261604,0.894738051261604
"24","1221_0832_blob_919",195,54618.2644026588,4.82488326527892,51745.3567077816,0.000593259001394888,0.000593259001394888,0.00451472494906464,0.000593259001394888,0.864167791583466,0.864167791583466
"25","1221_0832_blob_912",55,226150.992411262,19.9777885775917,214255.504090495,0.00245643308863247,0.00245643308863247,0.00127338395999259,0.00245643308863247,0.713538589712426,0.713538589712426
"26","1221_0832_blob_900",219,47765.4955032,4.21952148116824,45253.0418197746,0.00051882480106748,0.00051882480106748,0.00507038340433414,0.00051882480106748,0.877517355574337,0.877517355574337
"27","1221_0832_blob_898",73,151015.57263549,13.3404551970717,143072.18949405,0.0016403184684947,0.0016403184684947,0.00169012780144471,0.0016403184684947,0.749135157731954,0.749135157731954
"28","1221_0832_blob_897",118,92579.1526343061,8.17828265222616,87709.5112625572,0.00100558698161671,0.00100558698161671,0.00273198740507501,0.00100558698161671,0.805617796046189,0.805617796046189
"29","1221_0832_blob_894",200,53817.6719263143,4.75416030687538,50986.8752049532,0.000584563033146265,0.000584563033146265,0.00463048712724579,0.000584563033146265,0.86710466012012,0.86710466012012
"30","1221_0832_blob_893",218,47883.2139343744,4.22992052432349,45364.5682895154,0.000520103448781538,0.000520103448781538,0.00504723096869791,0.000520103448781538,0.876998530773269,0.876998530773269
"31","1221_0832_blob_884",102,109314.344513871,9.65664063602565,103564.436036386,0.00118736323048153,0.00118736323048153,0.00236154843489535,0.00118736323048153,0.788346156255532,0.788346156255532
"32","1221_0832_blob_883",161,67320.5412778952,5.94698049404557,63779.4968456751,0.000731230066145112,0.000731230066145112,0.00372754213743286,0.000731230066145112,0.841732647625379,0.841732647625379
"33","1221_0832_blob_882",190,56038.2559985583,4.95032287349098,53090.6570840473,0.000608682830866325,0.000608682830866325,0.0043989627708835,0.000608682830866325,0.861181947436703,0.861181947436703
"34","1221_0832_blob_876",126,82674.6947495175,7.30333992706608,78326.0255027894,0.00089800559179501,0.00089800559179501,0.00291720689016485,0.00089800559179501,0.813129891817761,0.813129891817761
"35","1221_0832_blob_874",233,43647.6589176582,3.85575890013377,41351.8024575652,0.000474097205868996,0.000474097205868996,0.00539451750324134,0.000474097205868996,0.884495386365499,0.884495386365499
"36","1221_0832_blob_872",88,123066.726291319,10.8715023205084,116593.445808821,0.00133674044649745,0.00133674044649745,0.00203741433598815,0.00133674044649745,0.771063459488116,0.771063459488116
"37","1221_0832_blob_864",78,138634.675178637,12.2467480717718,131342.524293701,0.00150583819999925,0.00150583819999925,0.00180588997962586,0.00150583819999925,0.756908671054836,0.756908671054836
"38","1221_0832_blob_860",70,156219.920181347,13.8001982821977,148002.789598922,0.00169684765450481,0.00169684765450481,0.00162067049453603,0.00169684765450481,0.744147635991018,0.744147635991018
"39","1221_0832_blob_855",87,126039.472756815,11.1341096155251,119409.826518483,0.00136903016897048,0.00136903016897048,0.00201426190035192,0.00136903016897048,0.769726719041619,0.769726719041619
"40","1221_0832_blob_850",166,66632.3484275069,5.88618672471881,63127.5027752565,0.000723754973194912,0.000723754973194913,0.003843304315614,0.000723754973194912,0.845373214236555,0.845373214236555
"41","1221_0832_blob_846",215,49093.120119806,4.33680154975501,46510.8336978512,0.00053324534816631,0.00053324534816631,0.00497777366178922,0.00053324534816631,0.875431911215934,0.875431911215934
"42","1221_0832_blob_844",157,69820.5107696735,6.16782348670576,66147.9685377991,0.000758384524830875,0.000758384524830875,0.00363493239488794,0.000758384524830875,0.838766051072671,0.838766051072671
"43","1221_0832_blob_843",232,44388.4495889572,3.92119907023283,42053.6277160459,0.000482143611933047,0.000482143611933047,0.00537136506760511,0.000482143611933047,0.88402128915963,0.88402128915963
"44","1221_0832_blob_841",104,104340.1335601,9.21722742047784,98851.8673936872,0.00113333376880905,0.00113333376880905,0.00240785330616781,0.00113333376880905,0.790642077608732,0.790642077608732
"45","1221_0832_blob_831",109,99635.6348245082,8.80164011705229,94394.8241707488,0.00108223389860144,0.00108223389860144,0.00252361548434895,0.00108223389860144,0.796210697273776,0.796210697273776
"46","1221_0832_blob_829",72,152268.416909983,13.4511292992263,144259.134458193,0.00165392675779715,0.00165392675779715,0.00166697536580848,0.00165392675779715,0.747494839263459,0.747494839263459
"47","1221_0832_blob_823",42,301846.838771125,26.66462907586,285969.766966228,0.00327863501526505,0.00327863501526505,0.000972402296721615,0.00327863501526505,0.677448744677467,0.677448744677467
"48","1221_0832_blob_820",99,111990.39108403,9.89303797407145,106099.723194518,0.00121643022360667,0.00121643022360667,0.00229209112798666,0.00121643022360667,0.784768405699146,0.784768405699146
"49","1221_0832_blob_808",140,76835.8529890236,6.78754671746993,72794.305427804,0.000834584582906914,0.000834584582906915,0.00324134098907205,0.000834584582906915,0.825283589355038,0.825283589355038
"50","1221_0832_blob_807",91,115631.237723334,10.214664086024,109549.06216802,0.00125597679406416,0.00125597679406416,0.00210687164289683,0.00125597679406416,0.77490604711596,0.77490604711596
"51","1221_0832_blob_805",124,84750.4636858431,7.48670977436894,80292.6094876124,0.000920552419669516,0.000920552419669517,0.00287090201889239,0.000920552419669517,0.811322566437408,0.811322566437408
"52","1221_0832_blob_801",139,76904.33428922,6.79359623740461,72859.1846279255,0.000835328421038958,0.000835328421038958,0.00321818855343582,0.000835328421038957,0.824449004772131,0.824449004772131
"53","1221_0832_blob_8",100,110553.244593446,9.76608293205374,104738.170266941,0.00120082005910975,0.00120082005910975,0.00231524356362289,0.00120082005910975,0.785969225758256,0.785969225758256
"54","1221_0832_blob_797",68,167073.531095723,14.7589875487799,158285.503165054,0.00181473866482914,0.00181473866482914,0.00157436562326357,0.00181473866482914,0.740671087677246,0.740671087677246
"55","1221_0832_blob_796",86,128643.374875016,11.3641338371282,121876.764005642,0.00139731353511675,0.00139731353511675,0.00199110946471569,0.00139731353511675,0.768357688872648,0.768357688872648
"56","1221_0832_blob_786",135,79964.7151538871,7.06394500408189,75758.5901882413,0.000868570020996719,0.000868570020996719,0.00312557881089091,0.000868570020996719,0.821070030744761,0.821070030744761
"57","1221_0832_blob_785",120,89540.0756185344,7.9098158308129,84830.2889737605,0.000972576782276673,0.000972576782276673,0.00277829227634747,0.000972576782276673,0.80757277226349,0.80757277226349
"58","1221_0832_blob_762",216,48242.5830619733,4.26166657317313,45705.0346866216,0.000524006886067639,0.000524006886067639,0.00500092609742545,0.000524006886067639,0.875955918102002,0.875955918102002
"59","1221_0832_blob_759",48,261790.275140438,23.1261013390307,248020.16903911,0.00284354398484234,0.00284354398484234,0.00111131691053899,0.00284354398484234,0.69535247847705,0.69535247847705
"60","1221_0832_blob_748",163,67181.4716349131,5.93469532166832,63647.7422327808,0.000729719503361358,0.000729719503361358,0.00377384700870532,0.000729719503361358,0.843193487487338,0.843193487487338
"61","1221_0832_blob_747",60,200401.305343565,17.7031056381416,189860.244427742,0.00217674215002277,0.00217674215002277,0.00138914613817374,0.00217674215002277,0.724919221349652,0.724919221349652
"62","1221_0832_blob_746",66,169377.701782197,14.9625340127165,160468.475022385,0.00183976637333383,0.00183976637333383,0.00152806075199111,0.00183976637333383,0.737029639193536,0.737029639193536
"63","1221_0832_blob_745",189,56175.0533590771,4.96240731635492,53220.2589359945,0.000610168712308777,0.000610168712308777,0.00437581033524727,0.000610168712308777,0.860573264605837,0.860573264605837
"64","1221_0832_blob_739",155,70596.915693771,6.23640975846535,66883.5347478661,0.000766817769918131,0.000766817769918131,0.00358862752361548,0.000766817769918131,0.837248481271555,0.837248481271555
"65","1221_0832_blob_731",230,44811.0273926301,3.95852886449705,42453.978027924,0.000486733616550741,0.000486733616550741,0.00532506019633265,0.000486733616550741,0.883056594397282,0.883056594397282
"66","1221_0832_blob_730",22,456913.485435296,40.3629491648531,432879.944960211,0.00496295590967196,0.00496295590967196,0.000509353583997037,0.00496295590967196,0.59998281858253,0.59998281858253
"67","1221_0832_blob_723",229,45246.3062340784,3.99698064653008,42866.3613060165,0.000491461578774187,0.000491461578774187,0.00530190776069642,0.000491461578774187,0.882569860780731,0.882569860780731
"68","1221_0832_blob_719",93,114581.258886518,10.1219107667076,108554.311967865,0.00124457201211022,0.00124457201211022,0.00215317651416929,0.00124457201211022,0.777397629880668,0.777397629880668
"69","1221_0832_blob_718",146,74916.1025674242,6.61795927663875,70975.5334210036,0.000813732415037771,0.000813732415037771,0.00338025560288942,0.000813732415037771,0.830221142777863,0.830221142777863
"70","1221_0832_blob_717",133,80706.1315287718,7.12944044775642,76461.0082384483,0.000876623223400575,0.000876623223400575,0.00307927393961845,0.000876623223400575,0.8193307815622,0.8193307815622
"71","1221_0832_blob_713",28,390738.152744658,34.5171344220144,370185.419002947,0.00424416500303321,0.00424416500303321,0.00064826819781441,0.00424416500303321,0.625962782604008,0.625962782604008
"72","1221_0832_blob_712",222,47331.2834255319,4.18116393520745,44841.6691939415,0.000514108425942633,0.000514108425942633,0.00513984071124282,0.000514108425942633,0.879061134816651,0.879061134816651
"73","1221_0832_blob_707",153,71152.1231287509,6.28545582558393,67409.5384040432,0.000772848386453562,0.000772848386453562,0.00354232265234303,0.000772848386453562,0.835712063651383,0.835712063651383
"74","1221_0832_blob_706",95,113593.982580202,10.0346964807787,107618.966160044,0.00123384829977714,0.00123384829977714,0.00219948138544175,0.00123384829977714,0.779872712834265,0.779872712834265
"75","1221_0832_blob_704",97,112965.93722181,9.97921603714542,107023.955837873,0.00122702652383415,0.00122702652383415,0.00224578625671421,0.00122702652383415,0.782330823386118,0.782330823386118
"76","1221_0832_blob_698",62,195293.198031085,17.2518642492257,185020.822342901,0.00212125831734587,0.00212125831734587,0.00143545100944619,0.00212125831734587,0.729215929862337,0.729215929862337
"77","1221_0832_blob_694",199,53963.9030030404,4.76707810795668,51125.4145618828,0.000586151382821968,0.000586151382821968,0.00460733469160956,0.000586151382821968,0.866520097086974,0.866520097086974
"78","1221_0832_blob_688",57,217387.522782745,19.2036387868789,205952.990876556,0.00236124501743635,0.00236124501743635,0.00131968883126505,0.00236124501743635,0.718314154956568,0.718314154956568
"79","1221_0832_blob_687",77,140303.67959042,12.3941850426122,132923.739471062,0.00152396678576606,0.00152396678576606,0.00178273754398963,0.00152396678576606,0.755402832854836,0.755402832854836
"80","1221_0832_blob_686",117,93036.3694422545,8.21867239637861,88142.6785753386,0.00101055323219005,0.00101055323219005,0.00270883496943879,0.00101055323219005,0.804612209064572,0.804612209064572
"81","1221_0832_blob_684",12,791959.532453834,69.9603390313627,750302.649729688,0.00860219793703024,0.00860219793703024,0.000277829227634747,0.00860219793703024,0.533658912111344,0.533658912111344
"82","1221_0832_blob_683",137,77555.0489482983,6.85107924795787,73475.6718509679,0.000842396429022365,0.000842396429022365,0.00317188368216336,0.000842396429022365,0.822773612555881,0.822773612555881
"83","1221_0832_blob_681",105,104290.834635004,9.21287243847144,98805.1615803054,0.00113279828802451,0.00113279828802451,0.00243100574180404,0.00113279828802451,0.791774875896756,0.791774875896756
"84","1221_0832_blob_680",168,66164.8189842934,5.84488598015549,62684.565269368,0.000718676707643324,0.000718676707643324,0.00388960918688646,0.000718676707643324,0.846813863305048,0.846813863305048
"85","1221_0832_blob_676",214,49269.8734744015,4.35241563621485,46678.2898681062,0.000535165228261134,0.000535165228261134,0.00495462122615299,0.000535165228261134,0.874898665867768,0.874898665867768
"86","1221_0832_blob_672",92,114805.781013337,10.1417446641084,108767.024284305,0.00124701075259757,0.00124701075259757,0.00213002407853306,0.00124701075259757,0.776153057868558,0.776153057868558
"87","1221_0832_blob_664",154,70853.0473310691,6.25903598549808,67126.1939220653,0.000769599850253912,0.000769599850253912,0.00356547508797926,0.000769599850253912,0.836481663501637,0.836481663501637
"88","1221_0832_blob_663",51,238364.408773854,21.0567007119158,225826.497662238,0.00258909419154622,0.00258909419154622,0.00118077421744768,0.00258909419154622,0.703515239126264,0.703515239126264
"89","1221_0832_blob_662",116,94190.1801501847,8.32059804408779,89235.799114925,0.0010230858272088,0.0010230858272088,0.00268568253380256,0.0010230858272088,0.803601655832382,0.803601655832382
"90","1221_0832_blob_661",56,222273.880691015,19.6352912159266,210582.327523018,0.00241432022670605,0.00241432022670605,0.00129653639562882,0.00241432022670605,0.715952909939132,0.715952909939132
"91","1221_0832_blob_656",236,43030.9175472387,3.80127703129948,40767.5015362922,0.000467398212894107,0.000467398212894107,0.00546397481015003,0.000467398212894107,0.885907708686942,0.885907708686942
"92","1221_0832_blob_654",171,64888.5709254852,5.7321444280642,61475.4475543894,0.000704814208400968,0.000704814208400968,0.00395906649379515,0.000704814208400968,0.848941730889478,0.848941730889478
"93","1221_0832_blob_653",75,144253.348033291,12.7430919399995,136665.656294839,0.00156686775272071,0.00156686775272071,0.00173643267271717,0.00156686775272071,0.752326911254828,0.752326911254828
"94","1221_0832_blob_652",211,49646.569367961,4.38569230168221,47035.1716474116,0.000539256867424092,0.000539256867424092,0.0048851639192443,0.000539256867424092,0.873290244642756,0.873290244642756
"95","1221_0832_blob_643",50,253174.94975136,22.3650383548933,239858.007712913,0.00274996504393467,0.00274996504393467,0.00115762178181145,0.00274996504393467,0.700926144934718,0.700926144934718
"96","1221_0832_blob_642",34,346467.012860699,30.6062982887715,328242.930529366,0.00376329559926482,0.00376329559926482,0.000787182811631784,0.00376329559926482,0.649627317702242,0.649627317702242
"97","1221_0832_blob_641",53,230798.888517084,20.3883757023382,218658.921968503,0.00250691814582871,0.00250691814582871,0.00122707908872013,0.00250691814582871,0.708578398938795,0.708578398938795
"98","1221_0832_blob_638",83,130256.177481498,11.5066060374318,123404.73357927,0.0014148316615939,0.0014148316615939,0.001921652157807,0.0014148316615939,0.76415992635375,0.76415992635375
"99","1221_0832_blob_636",89,120362.213553933,10.6325903303516,114031.189797076,0.00130736425625433,0.00130736425625433,0.00206056677162437,0.00130736425625433,0.772370823744371,0.772370823744371
"100","1221_0832_blob_630",101,109517.258650584,9.67456572085258,103756.676937852,0.00118956726679488,0.00118956726679488,0.00233839599925912,0.00118956726679488,0.78715879302505,0.78715879302505
"101","1221_0832_blob_618",67,168175.65285985,14.8563470843528,159329.653586967,0.00182670981888087,0.00182670981888087,0.00155121318762734,0.00182670981888087,0.738856349012417,0.738856349012417
"102","1221_0832_blob_608",45,276639.805961755,24.4378832775562,262088.6180771,0.00300483834164011,0.00300483834164011,0.0010418596036303,0.00300483834164011,0.686673665492451,0.686673665492451
"103","1221_0832_blob_583",81,133802.424371034,11.8198753706668,126764.448727304,0.00145335069751339,0.00145335069751339,0.00187534728653454,0.00145335069751339,0.761325898078402,0.761325898078402
"104","1221_0832_blob_581",49,259963.473030844,22.9647247917539,246289.456285249,0.00282370141373291,0.00282370141373291,0.00113446934617522,0.00282370141373291,0.698176179890783,0.698176179890783
"105","1221_0832_blob_579",40,308927.278570826,27.2901029145843,292677.777319366,0.00335554215779231,0.00335554215779231,0.000926097425449157,0.00335554215779231,0.670887867727068,0.670887867727068
"106","1221_0832_blob_577",257,38899.259499161,3.43629348610549,36853.1677171834,0.000422520490130211,0.000422520490130211,0.00595017595851084,0.000422520490130211,0.895160571751734,0.895160571751734
"107","1221_0832_blob_575",112,97997.8605866849,8.65696196590998,92843.1964676383,0.00106444453236163,0.00106444453236163,0.00259307279125764,0.00106444453236163,0.799430160199205,0.799430160199205
"108","1221_0832_blob_572",36,337259.293226986,29.7929042188947,319519.534754663,0.00366328212181798,0.00366328212181798,0.000833487682904242,0.00366328212181798,0.656982234168449,0.656982234168449
"109","1221_0832_blob_571",106,104131.900850395,9.19883250208691,98654.5876749013,0.00113107196260249,0.00113107196260249,0.00245415817744027,0.00113107196260249,0.792905947859359,0.792905947859359
"110","1221_0832_blob_569",267,37509.9524917303,3.31356450151035,35536.9379273436,0.000407429954081996,0.000407429954081996,0.00618170031487313,0.000407429954081996,0.899308074856583,0.899308074856583
"111","1221_0832_blob_568",32,350455.318228149,30.9586183054305,332021.451984694,0.00380661623724972,0.00380661623724972,0.000740877940359326,0.00380661623724972,0.642078352695816,0.642078352695816
"112","1221_0832_blob_565",80,135932.589418074,12.0080504765613,128782.567600377,0.00147648837137458,0.00147648837137458,0.00185219485089831,0.00147648837137458,0.759872547380889,0.759872547380889
"113","1221_0832_blob_564",31,369138.364476301,32.609046384261,349721.774451395,0.00400954991669585,0.00400954991669585,0.000717725504723097,0.00400954991669585,0.638271736458567,0.638271736458567
"114","1221_0832_blob_511",30,379182.118646215,33.4962943029744,359237.229544878,0.00411864433106924,0.00411864433106924,0.000694573069086868,0.00411864433106924,0.634262186541871,0.634262186541871
"115","1221_0832_blob_5",8,1169368.63284641,103.300007960123,1107860.12135865,0.012701583892717,0.012701583892717,0.000185219485089831,0.012701583892717,0.494558014256603,0.494558014256603
"116","1221_0832_blob_48",13,751474.570702566,66.3839673435132,711947.187321068,0.00816245368219636,0.00816245368219636,0.000300981663270976,0.00816245368219636,0.54182136579354,0.54182136579354
"117","1221_0832_blob_45",10,873486.277268619,77.1622710413145,827541.107190815,0.00948773459303282,0.00948773459303282,0.000231524356362289,0.00948773459303282,0.515687242086792,0.515687242086792
"118","1221_0832_blob_43",27,392675.794437263,34.6883023468652,372021.141204161,0.0042652115043856,0.0042652115043856,0.000625115762178181,0.0042652115043856,0.621718617600974,0.621718617600974
"119","1221_0832_blob_42",18,605115.738988318,53.4548806069256,573286.795285263,0.00657271634254024,0.00657271634254024,0.000416743841452121,0.00657271634254024,0.577290763493123,0.577290763493123
"120","1221_0832_blob_4",7,1500243.81109184,132.528950473624,1421331.34405878,0.0162955222937087,0.0162955222937087,0.000162067049453603,0.0162955222937087,0.481856430363886,0.481856430363886
"121","1221_0832_blob_37",20,550699.585955896,48.6478515114678,521732.918937797,0.00598165265787664,0.00598165265787664,0.000463048712724579,0.00598165265787665,0.589407491520388,0.589407491520388
"122","1221_0832_blob_35",26,393975.123894639,34.8030828698924,373252.126241641,0.00427932471184095,0.00427932471184095,0.000601963326541952,0.00427932471184095,0.617453406096589,0.617453406096589
"123","1221_0832_blob_33",16,652520.20262558,57.6425091558074,618197.795429233,0.0070876196457974,0.00708761964579741,0.000370438970179663,0.0070876196457974,0.563835396086979,0.563835396086979
"124","1221_0832_blob_29",6,1802623.09394598,159.240614741355,1707805.54867611,0.0195799406718917,0.0195799406718917,0.000138914613817374,0.0195799406718918,0.465560908070177,0.465560908070177
"125","1221_0832_blob_284",21,516701.762317522,45.644542414727,489523.37272288,0.00561237115247019,0.00561237115247019,0.000486201148360808,0.00561237115247019,0.595019862672858,0.595019862672858
"126","1221_0832_blob_25",5,2046132.67904544,180.751831454865,1938506.58761506,0.0222249213366225,0.0222249213366225,0.000115762178181145,0.0222249213366225,0.445980967398285,0.445980967398285
"127","1221_0832_blob_224",23,414321.011038343,36.6004034451712,392527.824568958,0.00450032002945818,0.00450032002945818,0.000532506019633265,0.00450032002945818,0.604483138611989,0.604483138611989
"128","1221_0832_blob_22",11,862598.464728423,76.2004604621024,817225.990996232,0.0093694720875209,0.0093694720875209,0.000254676791998518,0.0093694720875209,0.525056714174313,0.525056714174313
"129","1221_0832_blob_19",130,81862.1458966777,7.23156076298672,77556.2165260207,0.000889179754388927,0.000889179754388927,0.00300981663270976,0.000889179754388927,0.816698234431995,0.816698234431995
"130","1221_0832_blob_162",41,302178.909085469,26.693963594635,286284.370461152,0.00328224193513398,0.00328224193513398,0.000949249861085386,0.00328224193513398,0.674170109662202,0.674170109662202
"131","1221_0832_blob_15",4,2737492.00561331,241.825321825414,2593500.57832057,0.0297344082851813,0.0297344082851813,9.26097425449157e-05,0.0297344082851813,0.423756046061663,0.423756046061663
"132","1221_0832_blob_1130",160,68112.203935612,6.01691460767475,64529.5182362082,0.000739829039453679,0.000739829039453679,0.00370438970179663,0.000739829039453679,0.841001417559234,0.841001417559234
"133","1221_0832_blob_1104",114,96779.2308000474,8.54931031259543,91688.6663174416,0.00105120787795312,0.00105120787795312,0.0026393776625301,0.00105120787795312,0.801544820660746,0.801544820660746
"134","1221_0832_blob_1058",238,42100.9723555797,3.71912727714794,39886.4712401567,0.000457297226314081,0.000457297226314081,0.00551027968142249,0.000457297226314081,0.886827777862921,0.886827777862921
"135","1221_0832_blob_1036",110,99222.2567014325,8.76512300670334,94003.1896384603,0.00107774382014185,0.00107774382014185,0.00254676791998518,0.00107774382014185,0.797288441093917,0.797288441093917
"136","1221_0832_blob_1032",193,54995.4425702689,4.85820253400401,52102.6953936374,0.000597355878978083,0.000597355878978083,0.00446842007779218,0.000597355878978084,0.862978976052889,0.862978976052889
"137","1221_0832_blob_1022",134,80158.8927338747,7.08109831655751,75942.5540737841,0.000870679161564561,0.000870679161564561,0.00310242637525468,0.000870679161564561,0.820201460723765,0.820201460723765
"138","1221_0832_blob_1000",129,82011.4921458167,7.24475375302555,77697.7071980363,0.000890801940805783,0.000890801940805783,0.00298666419707353,0.000890801940805783,0.815809054677606,0.815809054677606
"139","1221_0832_blob_100",52,235339.848027204,20.7895162326774,222961.028090266,0.00255624166670238,0.00255624166670238,0.0012039266530839,0.00255624166670238,0.706071480792967,0.706071480792967
"140","1213_2145_blob_976",122,86899.5521106729,7.67655653881613,82328.6563733126,0.000943895637671181,0.000943895637671181,0.00282459714761993,0.000943895637671181,0.809464430939481,0.809464430939481
"141","1213_2145_blob_863",69,163847.764529356,14.4740288944913,155229.411151546,0.00177970065926772,0.00177970065926772,0.0015975180588998,0.00177970065926772,0.742450788336514,0.742450788336514
"142","1213_2145_blob_816",198,54101.5094334862,4.77923402266239,51255.7829268716,0.000587646052314026,0.000587646052314026,0.00458418225597333,0.000587646052314026,0.865933945704152,0.865933945704152
"143","1213_2145_blob_786",162,67310.4410758155,5.94608825961587,63769.9279118184,0.000731120358598283,0.000731120358598283,0.00375069457306909,0.000731120358598283,0.842463767983977,0.842463767983977
"144","1213_2145_blob_732",54,230507.92135961,20.3626721655416,218383.25961419,0.00250375768499807,0.00250375768499807,0.00125023152435636,0.00250375768499807,0.711082156623793,0.711082156623793
"145","1213_2145_blob_686",131,80875.4997685127,7.14440214590873,76621.4677491305,0.000878462886998011,0.000878462886998011,0.00303296906834599,0.000878462886998011,0.817576697318993,0.817576697318993
"146","1213_2145_blob_637",176,62230.1856187719,5.497307255567,58956.8926814536,0.000675939050436285,0.000675939050436285,0.00407482867197629,0.000675939050436285,0.85235077584434,0.85235077584434
"147","1213_2145_blob_626",158,69312.8814740163,6.12298039034654,65667.0404221517,0.000752870698049413,0.000752870698049413,0.00365808483052417,0.000752870698049413,0.83951892177072,0.83951892177072
"148","1213_2145_blob_609",33,348526.8527493,30.7882609914746,330194.423330579,0.00378566940716057,0.00378566940716057,0.000764030375995555,0.00378566940716057,0.645864022102977,0.645864022102977
"149","1213_2145_blob_599",203,52783.8243616115,4.66283199631227,50007.4077758414,0.000573333467715397,0.000573333467715397,0.00469994443415447,0.000573333467715397,0.868835118728258,0.868835118728258
"150","1213_2145_blob_1269",250,40054.260698423,3.53832429976542,37947.4161285411,0.000435066016165834,0.000435066016165834,0.00578810890905723,0.000435066016165834,0.892161446546814,0.892161446546814
"151","1213_2145_blob_1204",204,52360.7476236237,4.6254581270513,49606.5847734745,0.000568738043715073,0.000568738043715073,0.0047230968697907,0.000568738043715073,0.869403856771973,0.869403856771973
"152","1206_0924_blob_93",244,40677.1894823055,3.59335275403224,38537.579006803,0.000441832216306171,0.000441832216306171,0.00564919429523986,0.000441832216306171,0.889530934018261,0.889530934018261
"153","1206_0924_blob_87",248,40380.6913744438,3.5671606226188,38256.6766287747,0.000438611678756886,0.000438611678756886,0.00574180403778477,0.000438611678756886,0.89128897597034,0.89128897597034
"154","1206_0924_blob_47",243,41128.5016769816,3.6332208948332,38965.1522875635,0.000446734331465983,0.000446734331465983,0.00562604185960363,0.000446734331465983,0.889089101801955,0.889089101801955
"155","1206_0924_blob_43",173,62838.2627791712,5.55102374303317,59532.9851280893,0.000682543933489507,0.000682543933489507,0.00400537136506761,0.000682543933489507,0.850313849445827,0.850313849445827
"156","1206_0924_blob_102",175,62640.288393523,5.53353502729467,59345.4241479591,0.000680393552337415,0.000680393552337416,0.00405167623634006,0.000680393552337416,0.851674836793903,0.851674836793903
"157","1205_0335_blob_1042",213,49381.55101014,4.36228103708736,46784.0931920719,0.000536378260276251,0.000536378260276251,0.00493146879051676,0.000536378260276251,0.874363500639507,0.874363500639507
"158","1202_1412_blob_997",149,72290.6882750698,6.38603470667772,68488.2152949269,0.000785215385462328,0.000785215385462328,0.00344971290979811,0.000785215385462328,0.832593079805635,0.832593079805635
"159","1202_1412_blob_994",205,52312.6607781018,4.62121021806378,49561.0272845704,0.000568215728437087,0.000568215728437087,0.00474624930542693,0.000568215728437087,0.86997207250041,0.86997207250041
"160","1202_1412_blob_961",265,37851.8035831176,3.34376303725825,35860.8077327694,0.000411143111929837,0.000411143111929837,0.00613539544360067,0.000411143111929837,0.898491195693514,0.898491195693514
"161","1202_1412_blob_930",141,76668.7522886724,6.77278532983598,72635.9941844798,0.000832769549131913,0.000832769549131913,0.00326449342470828,0.000832769549131913,0.82611635890417,0.82611635890417
"162","1202_1412_blob_920",252,39696.8589195612,3.50675204310969,37608.8135980971,0.000431183948056508,0.000431183948056508,0.00583441378032969,0.000431183948056508,0.893025816709396,0.893025816709396
"163","1202_1412_blob_908",234,43527.4775085973,3.84514228176046,41237.9425619879,0.000472791805495962,0.000472791805495962,0.00541766993887757,0.000472791805495962,0.884968178170995,0.884968178170995
"164","1202_1412_blob_895",147,73286.7657414906,6.47402647190893,69431.8993239276,0.000796034695257385,0.000796034695257385,0.00340340803852565,0.000796034695257385,0.83101717747312,0.83101717747312
"165","1202_1412_blob_888",128,82212.6734683572,7.26252576403741,77888.3064309424,0.000892987155437098,0.000892987155437098,0.0029635117614373,0.000892987155437098,0.8149182527368,0.8149182527368
"166","1202_1412_blob_881",151,72191.5893407404,6.37728047775664,68394.328940933,0.000784138981159435,0.000784138981159435,0.00349601778107057,0.000784138981159435,0.834162326451542,0.834162326451542
"167","1202_1412_blob_844",142,76239.6659045161,6.73488057879863,72229.477641901,0.000828108848859564,0.000828108848859564,0.00328764586034451,0.000828108848859564,0.82694446775303,0.82694446775303
"168","1202_1412_blob_817",90,117773.565412729,10.4039136187646,111578.703931358,0.00127924657752526,0.00127924657752526,0.0020837192072606,0.00127924657752526,0.773650070321896,0.773650070321896
"169","1202_1412_blob_804",220,47407.1353250876,4.18786456117587,44913.5313016522,0.000514932322905974,0.000514932322905974,0.00509353583997036,0.000514932322905974,0.878032287897243,0.878032287897243
"170","1202_1412_blob_794",266,37695.8547671784,3.32998678785717,35713.061787394,0.000409449208986844,0.000409449208986844,0.0061585478792369,0.000409449208986844,0.898900644902501,0.898900644902501
"171","1202_1412_blob_785",245,40616.5732847481,3.58799802369803,38480.1512067955,0.000441173808258524,0.000441173808258524,0.00567234673087609,0.000441173808258524,0.88997210782652,0.88997210782652
"172","1202_1412_blob_782",108,102296.215748632,9.0366712466043,96915.4591721427,0.00111113290517806,0.00111113290517806,0.00250046304871272,0.00111113290517806,0.795128463375174,0.795128463375174
"173","1202_1412_blob_754",25,395785.315764874,34.9629920972757,374967.102450777,0.00429898686392531,0.00429898686392531,0.000578810890905723,0.00429898686392531,0.613174081384748,0.613174081384748
"174","1202_1412_blob_738",74,149594.764528937,13.214943459717,141726.115555397,0.00162488577015311,0.00162488577015311,0.00171328023708094,0.00162488577015311,0.750760043502107,0.750760043502107
"175","1202_1412_blob_734",148,72794.4264347999,6.43053406680103,68965.4569474699,0.000790686947052106,0.000790686947052106,0.00342656047416188,0.000790686947052106,0.831807864420173,0.831807864420173
"176","1202_1412_blob_729",263,38124.2597475491,3.36783134485946,36118.9327678639,0.000414102507908495,0.000414102507908495,0.00608909057232821,0.000414102507908495,0.897668151014267,0.897668151014267
"177","1202_1412_blob_667",164,67024.4506630186,5.92082435985953,63498.980526598,0.000728013954750413,0.000728013954750413,0.00379699944434154,0.000728013954750413,0.843921501442089,0.843921501442089
"178","1202_1412_blob_656",44,281048.162839595,24.8273099200885,266265.096433449,0.00305272154385721,0.00305272154385721,0.00101870716799407,0.00305272154385721,0.683668827150811,0.683668827150811
"179","1202_1412_blob_642",63,193493.718496719,17.0929013311152,183315.99500332,0.00210171252175416,0.00210171252175416,0.00145860344508242,0.00210171252175416,0.731317642384091,0.731317642384091
"180","1202_1412_blob_635",184,57354.722275393,5.06661723358959,54337.8775483662,0.000622982177015577,0.000622982177015577,0.00426004815706612,0.000622982177015577,0.85750807463173,0.85750807463173
"181","1202_1412_blob_628",179,60936.8432513186,5.38305562173629,57731.5798143919,0.000661890874248912,0.000661890874248912,0.00414428597888498,0.000661890874248912,0.85435365686603,0.85435365686603
"182","1202_1412_blob_608",228,45361.4612326025,4.00715324046672,42975.4591790537,0.00049271238269806,0.00049271238269806,0.0052787553250602,0.00049271238269806,0.882078399201957,0.882078399201957
"183","1202_1412_blob_602",111,99179.0555558387,8.76130669202003,93962.2608628321,0.00107727457292621,0.00107727457292621,0.00256992035562141,0.00107727457292621,0.798365715666844,0.798365715666844
"184","1202_1412_blob_601",24,404344.49120788,35.7190948920312,383076.067304689,0.00439195590883393,0.00439195590883393,0.000555658455269494,0.00439195590883393,0.608875094520823,0.608875094520823
"185","1202_1412_blob_6",2,3884914.32111045,343.186629966509,3680568.75339385,0.0421976131217836,0.0421976131217836,4.63048712724579e-05,0.0421976131217836,0.354374490219758,0.354374490219758
"186","1202_1412_blob_573",58,206473.060692737,18.2394740324046,195612.626892133,0.00224269304675226,0.00224269304675226,0.00134284126690128,0.00224269304675226,0.720556848003321,0.720556848003321
"187","1202_1412_blob_5",3,3650106.24865845,322.444089870876,3458111.52961023,0.0396471475567235,0.0396471475567235,6.94573069086868e-05,0.0396471475567235,0.394021637776481,0.394021637776481
"188","1202_1412_blob_41",14,695255.13132954,61.4176390432483,658684.877064884,0.00755180285273137,0.00755180285273137,0.000324134098907205,0.00755180285273137,0.549373168646271,0.549373168646271
"189","1202_1412_blob_1443",246,40431.8358808151,3.57167864009154,38305.130946296,0.000439167206090253,0.000439167206090253,0.00569549916651232,0.000439167206090253,0.89041127503261,0.89041127503261
"190","1202_1412_blob_1431",178,61408.7422010987,5.42474236097266,58178.6569918426,0.000667016601013899,0.000667016601013899,0.00412113354324875,0.000667016601013899,0.853691765991781,0.853691765991781
"191","1202_1412_blob_1342",241,41854.9851712095,3.69739719358851,39653.4229230784,0.000454625334174127,0.000454625334174127,0.00557973698833117,0.000454625334174127,0.888192951258912,0.888192951258912
"192","1202_1412_blob_1251",249,40269.5582699774,3.55734331586578,38151.389099126,0.000437404560308531,0.000437404560308531,0.005764956473421,0.000437404560308531,0.891726380530648,0.891726380530648
"193","1202_1412_blob_1196",152,71524.1041792839,6.31831598995104,67761.953339942,0.000776888813387492,0.000776888813387492,0.0035191702167068,0.000776888813387492,0.83493921526493,0.83493921526493
"194","1202_1412_blob_1163",208,50946.3827233632,4.5005155714264,48266.6151299978,0.000553375330939167,0.000553375330939167,0.00481570661233562,0.000553375330939167,0.871653800724377,0.871653800724377
"195","1202_1412_blob_1120",268,37317.44497539,3.29655871957662,35354.5562604983,0.00040533895360525,0.00040533895360525,0.00620485275050935,0.00040533895360525,0.899713413810188,0.899713413810188
"196","1202_1412_blob_1108",183,57802.1859941204,5.10614540666354,54761.8047820959,0.000627842490352808,0.000627842490352808,0.00423689572142989,0.000627842490352808,0.856885092454715,0.856885092454715
"197","1202_1412_blob_1064",156,69894.2317828163,6.17433587384406,66217.8118432144,0.00075918527628494,0.00075918527628494,0.00361177995925171,0.00075918527628494,0.83800766654784,0.83800766654784
"198","1202_1412_blob_1044",121,87255.603532803,7.70800950728744,82665.9795754673,0.000947763038319083,0.000947763038319083,0.0028014447119837,0.000947763038319083,0.80852053530181,0.80852053530181
"199","1202_1412_blob_1021",191,55326.263033381,4.88742664307702,52416.1147792072,0.000600949223067892,0.000600949223067892,0.00442211520651973,0.000600949223067892,0.861782896659771,0.861782896659771
"200","1202_1412_blob_1018",132,80783.2630775838,7.13625411573284,76534.0826861692,0.000877461019806679,0.00087746101980668,0.00305612150398222,0.00087746101980668,0.8184541583388,0.8184541583388
"201","1202_1412_blob_1013",259,38802.5387615275,3.42774934297834,36761.5344673059,0.000421469917600122,0.000421469917600122,0.00599648082978329,0.000421469917600122,0.896004324220542,0.896004324220542
"202","1202_1412_blob_1",1,28740498.1191077,2538.88602882651,27228754.7654143,0.312176877097974,0.312176877097974,2.31524356362289e-05,0.312176877097974,0.312176877097974,0.312176877097974
"203","1202_0046_blob_999",239,41947.0585513097,3.70553079716749,39740.6532653216,0.00045562542749695,0.00045562542749695,0.00553343211705871,0.00045562542749695,0.887283403290418,0.887283403290418
"204","1202_0046_blob_976",242,41375.4084018259,3.65503220901198,39199.0717775061,0.000449416211577349,0.000449416211577349,0.0056028894239674,0.000449416211577349,0.888642367470489,0.888642367470489
"205","1202_0046_blob_967",255,39352.5721909531,3.47633834737098,37282.6362693881,0.000427444334521706,0.000427444334521706,0.00590387108723838,0.000427444334521706,0.894314471644267,0.894314471644267
"206","1202_0046_blob_956",202,53081.0548419867,4.68908882425028,50289.0040037635,0.000576561960233422,0.000576561960233422,0.00467679199851824,0.000576561960233422,0.868261785260542,0.868261785260542
"207","1202_0046_blob_938",113,97906.537032737,8.64889460067991,92756.6765108704,0.00106345258358751,0.00106345258358751,0.00261622522689387,0.00106345258358751,0.800493612782793,0.800493612782793
"208","1202_0046_blob_891",127,82432.3960439171,7.28193567735885,78096.4716513763,0.000895373763601715,0.000895373763601715,0.00294035932580107,0.000895373763601715,0.814025265581363,0.814025265581363
"209","1202_0046_blob_889",206,52106.3820442353,4.60298791052801,49365.5987629598,0.000565975146152002,0.000565975146152003,0.00476940174106316,0.000565975146152003,0.870538047646562,0.870538047646562
"210","1202_0046_blob_833",150,72280.7709902833,6.38515863084618,68478.8196569573,0.000785107664747776,0.000785107664747776,0.00347286534543434,0.000785107664747776,0.833378187470383,0.833378187470383
"211","1202_0046_blob_817",188,56324.9680696122,4.97565052329294,53362.2881684724,0.000611797073305581,0.000611797073305582,0.00435265789961104,0.000611797073305582,0.859963095893528,0.859963095893528
"212","1202_0046_blob_743",39,311472.585600631,27.5149509471503,295089.201805818,0.00338318906900892,0.00338318906900892,0.000902944989812928,0.00338318906900892,0.667532325569276,0.667532325569276
"213","1202_0046_blob_647",196,54316.4372476839,4.79822037503567,51459.4055892487,0.000589980580183365,0.000589980580183365,0.00453787738470087,0.000589980580183365,0.864757772163649,0.864757772163649
"214","1202_0046_blob_561",59,201219.673508524,17.7753988702157,190635.566622199,0.00218563119630841,0.00218563119630841,0.00136599370253751,0.00218563119630841,0.722742479199629,0.722742479199629
"215","1202_0046_blob_1379",226,45992.555445355,4.06290301463522,43573.3579865725,0.000499567275041096,0.000499567275041096,0.00523245045378774,0.000499567275041096,0.881087441939885,0.881087441939885
"216","1202_0046_blob_1263",185,56608.5139058281,5.0006984733708,53630.9195612576,0.000614876924367911,0.000614876924367911,0.00428320059270235,0.000614876924367911,0.858122951556098,0.858122951556098
"217","1202_0046_blob_1096",224,46853.1912017996,4.13893009283304,44388.7245072729,0.000508915428356054,0.000508915428356054,0.00518614558251528,0.000508915428356054,0.880081224705134,0.880081224705134
"218","1202_0046_blob_1041",231,44425.9695330555,3.92451351737563,42089.1741200237,0.00048255115041512,0.00048255115041512,0.00534821263196888,0.00048255115041512,0.883539145547697,0.883539145547697
"219","1202_0046_blob_1009",223,47061.168483711,4.15730244717325,44585.7622337061,0.000511174460127368,0.000511174460127368,0.00516299314687905,0.000511174460127368,0.879572309276778,0.879572309276778
"220","1129_1334_blob_996",85,128786.311521121,11.376760613891,122012.182218215,0.00139886610096369,0.00139886610096369,0.00196795702907946,0.00139886610096369,0.766960375337532,0.766960375337532
"221","1129_1334_blob_768",227,45870.8093681331,4.05214817617549,43458.0157240066,0.000498244879373889,0.000498244879373889,0.00525560288942397,0.000498244879373889,0.881585686819259,0.881585686819259
"222","1129_1334_blob_761",235,43466.760555739,3.83977865087675,41180.4193063842,0.000472132303052697,0.000472132303052697,0.0054408223745138,0.000472132303052697,0.885440310474048,0.885440310474048
"223","1129_1334_blob_718",187,56488.687591177,4.99011322342515,53517.3960822088,0.000613575381000538,0.000613575381000538,0.00432950546397481,0.000613575381000538,0.859351298820222,0.859351298820222
"224","1129_1334_blob_662",119,90444.396064889,7.98970193916485,85687.0423800897,0.000982399435025032,0.000982399435025032,0.00275513984071124,0.000982399435025032,0.806600195481214,0.806600195481214
"225","1129_1334_blob_660",43,291602.413614599,25.7596542283304,276264.196132218,0.00316736092948633,0.00316736092948634,0.000995554732357844,0.00316736092948634,0.680616105606954,0.680616105606954
"226","1129_1334_blob_658",170,65111.8846847329,5.75187158035811,61687.0150631047,0.000707239823701233,0.000707239823701233,0.00393591405815892,0.000707239823701233,0.848236916681077,0.848236916681077
"227","1129_1334_blob_651",177,62049.2319081597,5.48132211690192,58785.4570929077,0.00067397354642713,0.00067397354642713,0.00409798110761252,0.00067397354642713,0.853024749390767,0.853024749390767
"228","1129_1334_blob_635",98,112425.108660848,9.9314401749552,106511.574730367,0.00122115208942084,0.00122115208942084,0.00226893869235044,0.00122115208942084,0.783551975475539,0.783551975475539
"229","1129_1334_blob_627",9,1071771.61100599,94.6784553976433,1015396.67961472,0.011641493237157,0.011641493237157,0.00020837192072606,0.011641493237157,0.50619950749376,0.50619950749376
"230","1129_1334_blob_625",264,37921.6306178296,3.34993143705877,35926.9618820917,0.000411901567317182,0.000411901567317182,0.00611224300796444,0.000411901567317182,0.898080052581584,0.898080052581584
"231","1129_1334_blob_601",201,53449.4263103209,4.72163012435218,50637.9992206272,0.000580563180188623,0.000580563180188623,0.00465363956288202,0.000580563180188623,0.867685223300309,0.867685223300309
"232","1129_1334_blob_594",47,266627.410087297,23.5534054965729,252602.871840203,0.00289608453843866,0.00289608453843866,0.00108816447490276,0.00289608453843866,0.692508934492208,0.692508934492208
"233","1129_1334_blob_584",212,49427.5351805871,4.36634319938571,46827.6586061091,0.000536877736474144,0.000536877736474144,0.00490831635488053,0.000536877736474144,0.873827122379231,0.873827122379231
"234","1128_2052_blob_639",107,102319.204828913,9.038702062302,96937.2390322776,0.00111138261063757,0.00111138261063757,0.0024773106130765,0.00111138261063757,0.794017330469996,0.794017330469996
"235","1128_1901_fb_add_blob_704",172,63485.5417079992,5.60820324710246,60146.2173394739,0.000689574622859449,0.000689574622859449,0.00398221892943138,0.000689574622859449,0.849631305512337,0.849631305512337
"236","1128_1901_fb_add_blob_642",37,333878.788783391,29.494276287442,316316.844039402,0.00362656336642816,0.00362656336642816,0.000856640118540471,0.00362656336642816,0.660608797534877,0.660608797534877
"237","1128_1901_fb_add_blob_633",65,176704.575978951,15.6097774409973,167409.957382004,0.00191935026558765,0.00191935026558765,0.00150490831635488,0.00191935026558765,0.735189872820202,0.735189872820202
"238","1128_1901_fb_add_blob_619",38,325940.557550833,28.7930266331593,308796.161878407,0.00354033896538988,0.00354033896538988,0.000879792554176699,0.00354033896538988,0.664149136500267,0.664149136500267
"239","1128_1901_fb_add_blob_607",123,86318.3876642643,7.62521747408168,81778.0610383238,0.000937583078257342,0.000937583078257342,0.00284774958325616,0.000937583078257342,0.810402014017738,0.810402014017738
"240","1128_1901_fb_add_blob_591",61,200282.361809091,17.692598371474,189747.557294843,0.00217545019533954,0.00217545019533954,0.00141229857380996,0.00217545019533954,0.727094671544991,0.727094671544991
"241","1128_1901_fb_add_blob_586",35,339869.534597388,30.0234884391025,321992.478050867,0.00369163434438932,0.00369163434438932,0.000810335247268013,0.00369163434438932,0.653318952046631,0.653318952046631
"242","1128_1901_fb_add_blob_46",96,113339.490485823,10.0122150881393,107377.860289197,0.00123108402801886,0.00123108402801886,0.00222263382107798,0.00123108402801886,0.781103796862284,0.781103796862284
"243","1128_1901_fb_add_blob_43",17,633649.813486711,55.9755315291621,600319.984263232,0.00688265106360434,0.00688265106360434,0.000393591405815892,0.00688265106360435,0.570718047150583,0.570718047150583
"244","1128_1901_blob_958",144,75367.2779364559,6.65781533049829,71402.977073116,0.000818633044008923,0.000818633044008923,0.00333395073161697,0.000818633044008923,0.828589154038798,0.828589154038798
"245","1128_1901_blob_826",260,38788.3400389696,3.42649505231921,36748.0825941717,0.000421315692268029,0.000421315692268029,0.00601963326541952,0.000421315692268029,0.89642563991281,0.89642563991281
"246","1128_1901_blob_802",145,75332.5952910615,6.65475152542889,71370.1187266062,0.00081825632402711,0.000818256324027111,0.00335710316725319,0.00081825632402711,0.829407410362825,0.829407410362825
"247","1128_1901_blob_784",194,54829.7858121625,4.84356870173729,51945.75214154,0.000595556529182491,0.000595556529182491,0.00449157251342841,0.000595556529182491,0.863574532582071,0.863574532582071
"248","1128_1901_blob_756",143,76050.4168719267,6.71816264569883,72050.1830633376,0.00082605324175969,0.00082605324175969,0.00331079829598074,0.00082605324175969,0.827770520994789,0.827770520994789
"249","1128_1901_blob_752",247,40424.6596959322,3.57104470829731,38298.3322270282,0.000439089258972671,0.000439089258972671,0.00571865160214855,0.000439089258972671,0.890850364291583,0.890850364291583
"250","1128_1901_blob_742",64,179791.499580363,15.8824709472545,170334.509537435,0.00195288017052301,0.00195288017052301,0.00148175588071865,0.00195288017052301,0.733270522554614,0.733270522554614
"251","1128_1901_blob_735",180,58935.369031245,5.2062488415148,55835.3826614466,0.000640151029343466,0.000640151029343466,0.00416743841452121,0.000640151029343466,0.854993807895373,0.854993807895373
"252","1128_1901_blob_703",209,50935.8033681672,4.49958100943691,48256.5922463646,0.000553260418871424,0.000553260418871425,0.00483885904797185,0.000553260418871425,0.872207061143249,0.872207061143249
"253","1128_1901_blob_694",125,83716.3338799695,7.39535653110765,79312.8746631482,0.000909319788558752,0.000909319788558752,0.00289405445452862,0.000909319788558752,0.812231886225966,0.812231886225966
"254","1128_1901_blob_678",210,50076.490263026,4.42367077197377,47442.4788058241,0.000543926632083854,0.000543926632083854,0.00486201148360808,0.000543926632083854,0.872750987775332,0.872750987775332
"255","1128_1901_blob_673",136,79284.8499365219,7.00388688349191,75114.485719333,0.000861185382097107,0.000861185382097107,0.00314873124652713,0.000861185382097107,0.821931216126858,0.821931216126858
"256","1128_1901_blob_639",225,46644.6213103551,4.12050538838889,44191.125342427,0.000506649959709757,0.000506649959709757,0.00520929801815151,0.000506649959709757,0.880587874664844,0.880587874664844
"257","1128_1901_blob_620",103,107033.379900172,9.45514415652946,101403.449617932,0.00116258758439063,0.00116258758439063,0.00238470087053158,0.00116258758439063,0.789508743839923,0.789508743839923
"258","1128_1901_blob_582",138,77340.2955101876,6.83210829966734,73272.2143925372,0.000840063795211439,0.00084006379521144,0.00319503611779959,0.00084006379521144,0.823613676351092,0.823613676351092
"259","1128_1901_blob_1722",165,67019.2827461701,5.92036783499937,63494.0844409444,0.000727957821271578,0.000727957821271578,0.00382015187997777,0.000727957821271578,0.84464945926336,0.84464945926336
"260","1128_1901_blob_1465",262,38129.8328730104,3.36832366514953,36124.2127482537,0.000414163042729254,0.000414163042729254,0.00606593813669198,0.000414163042729254,0.897254048506358,0.897254048506358
"261","1128_1901_blob_1418",84,129036.431467501,11.3988557785178,122249.145915007,0.00140158288281755,0.00140158288281755,0.00194480459344323,0.00140158288281755,0.765561509236568,0.765561509236568
"262","1128_1901_blob_1269",253,39687.6071218485,3.50593475525835,37600.0484427399,0.000431083455806668,0.000431083455806668,0.00585756621596592,0.000431083455806668,0.893456900165203,0.893456900165203
"263","1128_1901_blob_1248",237,42605.0016022339,3.76365235138803,40363.988668521,0.000462771949665586,0.000462771949665586,0.00548712724578626,0.000462771949665586,0.886370480636607,0.886370480636607
"264","1128_1901_blob_1158",254,39599.5645277305,3.49815722436025,37516.6368680965,0.0004301271445427,0.0004301271445427,0.00588071865160215,0.0004301271445427,0.893887027309745,0.893887027309745
"265","1128_1901_blob_1093",240,41882.3560461358,3.69981508946697,39679.3540965046,0.000454922634319118,0.000454922634319118,0.00555658455269494,0.000454922634319118,0.887738325924738,0.887738325924738
"266","1128_1901_blob_1079",207,51775.1882412887,4.573730821258,49051.8256751418,0.000562377746876263,0.000562377746876263,0.00479255417669939,0.000562377746876263,0.871100425393438,0.871100425393438
"267","1128_1901_blob_1028",181,58175.0573670685,5.13908422057706,55115.0632096629,0.000631892587894047,0.000631892587894047,0.00419059085015744,0.000631892587894047,0.855625700483267,0.855625700483267
"268","1128_1901_blob_1004",159,68373.4570699032,6.03999325891768,64777.0295178788,0.000742666749059724,0.000742666749059724,0.0036812372661604,0.000742666749059724,0.84026158851978,0.84026158851978
